 Client_id ,Client_name,Sal_month, Emp_id,Employee_NAME,present,weeklyoff,  absent, pl,cl,sl , paidholiday,additional, othours, nightshifts,incometax,canteen,extra_inc1, extra_inc2,leave_encash,extra_ded1,extra_ded2, wagediff,Allow_arrears, Ot_arrears,invalid,Client_id ,Client_name,Sal_month, Emp_id,Employee_NAME,Present,Weeklyoff,  Absent, Pl,Cl,Sl , Paidholiday,Additional, Othours, Nightshifts,Incometax,Canteen,Extra_inc1, Extra_inc2,Leave_encash,Extra_ded1,Extra_ded2, Wagediff,Allow_arrears, Ot_arrears,Invalid
29,"BLUE DART EXPRESS LTD., O/S(II)",31-01-2023,4141,ABHIJIT  BHADAWE,23,5,,1,,,1,,,,,,,,,,,,,,,3795,GADHINGALAS,,,,,,,,,,,,,,,,,,,,,,,,
29,"BLUE DART EXPRESS LTD., O/S(II)",31-01-2023,4351,AMOL  MARUTI  SURYAVANSHI,23,5,,1,,,1,,,,,,,,,,,,,,,,GAD,,,,,,,,,,,,,,,,,,,,,,,,
29,"BLUE DART EXPRESS LTD., O/S(II)",31-01-2023,4352,AMOL  RAVINDRA  KAMBLE,22,5,,2,,,1,,,,,,,,,,,,,,,,GAD,,,,,,,,,,,,,,,,,,,,,,,,
29,"BLUE DART EXPRESS LTD., O/S(II)",31-01-2023,3554,ASHISH KUMAR SURYAWANSHI,23,5,,1,,,1,,,,,,,,,,,,,,,3208,TASGAON,,,,,,,,,,,,,,,,,,,,,,,,
29,"BLUE DART EXPRESS LTD., O/S(II)",31-01-2023,4154,ISMAIL  NADAF,23,5,,1,,,1,,,,,,,,,,,,,,,3808,KAGAL,,,,,,,,,,,,,,,,,,,,,,,,
29,"BLUE DART EXPRESS LTD., O/S(II)",31-01-2023,4120,KISHOR  RANJANE,23,5,,1,,,1,,,,,,,,,,,,,,,3774,WAI SATARA,,,,,,,,,,,,,,,,,,,,,,,,
29,"BLUE DART EXPRESS LTD., O/S(II)",31-01-2023,3266,MAHESH BAPU NAVALE,24,5,,,,,1,,,,,,,,,,,,,,,2920,KAGAL,,,,,,,,,,,,,,,,,,,,,,,,
29,"BLUE DART EXPRESS LTD., O/S(II)",31-01-2023,3692,NAVNATH RAMCHANDRA PATIL,23,5,,1,,,1,,,,,,,,,,,,,,,3346,KARAD,,,,,,,,,,,,,,,,,,,,,,,,
29,"BLUE DART EXPRESS LTD., O/S(II)",31-01-2023,4142,NIKHIL  SHINDE,24,5,,,,,1,,,,,,,,,,,,,,,3796,TASGAON,,,,,,,,,,,,,,,,,,,,,,,,
29,"BLUE DART EXPRESS LTD., O/S(II)",31-01-2023,3448,NITIN SARJERAO BHOSALE,24,5,,,,,1,,,,,,,,,,,,,,,3102,PALUS,,,,,,,,,,,,,,,,,,,,,,,,
29,"BLUE DART EXPRESS LTD., O/S(II)",31-01-2023,3326,PRASAD PRAKASH SANAS,20,4,,5,,,1,,,,,,,,,,,,,,,2980,WAI SATARA,,,,,,,,,,,,,,,,,,,,,,,,
29,"BLUE DART EXPRESS LTD., O/S(II)",31-01-2023,4088,ROHIT  SONAWANE,23,5,,1,,,1,,,,,,,,,,,,,,,3742,WAI SATARA,,,,,,,,,,,,,,,,,,,,,,,,
29,"BLUE DART EXPRESS LTD., O/S(II)",31-01-2023,3925,SAGAR  SANAS,24,5,,,,,1,,,,,,,,,,,,,,,3579,WAI SATARA,,,,,,,,,,,,,,,,,,,,,,,,
29,"BLUE DART EXPRESS LTD., O/S(II)",31-01-2023,3856,SAGAR NANASO PAWAR,18,5,1,5,,,1,,,,,,,,,,,,,,,3510,KARAD,,,,,,,,,,,,,,,,,,,,,,,,
29,"BLUE DART EXPRESS LTD., O/S(II)",31-01-2023,3936,SUNIL  PAWAR,24,5,,,,,1,,,,,,,,,,,,,,,3590,KARAD,,,,,,,,,,,,,,,,,,,,,,,,
29,"BLUE DART EXPRESS LTD., O/S(II)",31-01-2023,4010,SUNIL  RATHOD,23,5,,1,,,1,,,,,,,,,,,,,,,3664,KARAD,,,,,,,,,,,,,,,,,,,,,,,,
29,"BLUE DART EXPRESS LTD., O/S(II)",31-01-2023,4204,SUSHANT  SHIVAJI  BHOSALE,24,5,,,,,1,,,,,,,,,,,,,,,,BRN,,,,,,,,,,,,,,,,,,,,,,,,
29,"BLUE DART EXPRESS LTD., O/S(II)",31-01-2023,3449,SWAPNIL ANIL PAWAR,23,5,,1,,,1,,,,,,,,,,,,,,,3103,PALUS,,,,,,,,,,,,,,,,,,,,,,,,
29,"BLUE DART EXPRESS LTD., O/S(II)",31-01-2023,4353,VILAS  SHAMRAO  JADHAV,24,5,,,,,1,,,,,,,,,,,,,,,,WAI,,,,,,,,,,,,,,,,,,,,,,,,
29,"BLUE DART EXPRESS LTD., O/S(II)",31-01-2023,3837,VINAYAK ARJUN PANDHARE,21,5,,3,,,1,,,,,,,,,,,,,,,3491,KAGAL,,,,,,,,,,,,,,,,,,,,,,,,
29,"BLUE DART EXPRESS LTD., O/S(II)",31-01-2023,4172,VISHAL  BHIGUDE,23,5,,1,,,1,,,,,,,,,,,,,,,3826,GADHINGALAS,,,,,,,,,,,,,,,,,,,,,,,,
29,"BLUE DART EXPRESS LTD., O/S(II)",31-01-2023,4024,VITTHAL  SANAS,24,5,,,,,1,,,,,,,,,,,,,,,3678,WAI SATARA,,,,,,,,,,,,,,,,,,,,,,,,
29,"BLUE DART EXPRESS LTD., O/S(II)",31-01-2023,4156,VIVEK  SURVE,21,5,,3,,,1,,,,,,,,,,,,,,,3810,KARAD,,,,,,,,,,,,,,,,,,,,,,,,
