 Client_id ,Client_name,Sal_month, Emp_id,Employee_NAME,present,weeklyoff,  absent, pl,cl,sl , paidholiday,additional, othours, nightshifts,incometax,canteen,extra_inc1, extra_inc2,leave_encash,extra_ded1,extra_ded2, wagediff,Allow_arrears, Ot_arrears,invalid,Client_id ,Client_name,Sal_month, Emp_id,Employee_NAME,Present,Weeklyoff,  Absent, Pl,Cl,Sl , Paidholiday,Additional, Othours, Nightshifts,Incometax,Canteen,Extra_inc1, Extra_inc2,Leave_encash,Extra_ded1,Extra_ded2, Wagediff,Allow_arrears, Ot_arrears,Invalid
24,"BLUE DART EXPRESS LTD., O/S",31-01-2023,3744,ABRAR AYYUB KHAN,22,5,,2,,,1,,,,,,,,,,,,,,,3398,PLV,,,,,,,,,,,,,,,,,,,,,,,,
24,"BLUE DART EXPRESS LTD., O/S",31-01-2023,4206,AKASH  SHRIMANT  BOKEFODE,22,5,,2,,,1,,,,,,,,,,,,,,,,BRN,,,,,,,,,,,,,,,,,,,,,,,,
24,"BLUE DART EXPRESS LTD., O/S",31-01-2023,3583,ALTAF KARIM MANIYAR,24,5,,,,,1,,,,,,,,,,,,,,,3237,NARAYANGAON,,,,,,,,,,,,,,,,,,,,,,,,
24,"BLUE DART EXPRESS LTD., O/S",31-01-2023,4157,BALASAHEB LAXMAN BANSODE,24,5,,,,,1,,,,,,,,,,,,,,,3811,KON,,,,,,,,,,,,,,,,,,,,,,,,
24,"BLUE DART EXPRESS LTD., O/S",31-01-2023,3885,DEEPAK  PAWAR,24,5,,,,,1,,,,,,,,,,,,,,,3539,BARSHI,,,,,,,,,,,,,,,,,,,,,,,,
24,"BLUE DART EXPRESS LTD., O/S",31-01-2023,3798,DHIRAJ PRAMOD KASAB,23,5,1,,,,1,,,,,,,,,,,,,,,3452,BARSHI,,,,,,,,,,,,,,,,,,,,,,,,
24,"BLUE DART EXPRESS LTD., O/S",31-01-2023,3996,DINESH  RANPISE,24,5,,,,,1,,,,,,,,,,,,,,,3650,KHED,,,,,,,,,,,,,,,,,,,,,,,,
24,"BLUE DART EXPRESS LTD., O/S",31-01-2023,3376,DINESH ACHUTRAO MORE,24,5,,,,,1,,,,,,,,,,,,,,,3030,OSMANABAD,,,,,,,,,,,,,,,,,,,,,,,,
24,"BLUE DART EXPRESS LTD., O/S",31-01-2023,3940,DNYANESHWAR  KADAM,24,5,,,,,1,,,,,,,,,,,,,,,3594,KHED,,,,,,,,,,,,,,,,,,,,,,,,
24,"BLUE DART EXPRESS LTD., O/S",31-01-2023,4205,GANESH  SHANKAR  KASAB,24,5,,,,,1,,,,,,,,,,,,,,,,BRN,,,,,,,,,,,,,,,,,,,,,,,,
24,"BLUE DART EXPRESS LTD., O/S",31-01-2023,4019,JEEVAN BHIKAJI KADAM,24,5,,,,,1,,,,,,,,,,,,,,,3673,KHED,,,,,,,,,,,,,,,,,,,,,,,,
24,"BLUE DART EXPRESS LTD., O/S",31-01-2023,3973,KESHAV KISHANRAO  SOLUNKE,25,4,,,,,1,,,,,,,,,,,,,,,3627,UDG,,,,,,,,,,,,,,,,,,,,,,,,
24,"BLUE DART EXPRESS LTD., O/S",31-01-2023,3749,KULDIP ARVIND JAGDALE,24,5,,,,,1,,,,,,,,,,,,,,,3403,BARSHI,,,,,,,,,,,,,,,,,,,,,,,,
24,"BLUE DART EXPRESS LTD., O/S",31-01-2023,4384,KUMAR  DAULAPPA  KOLI,,,,,,,,,,,,,,,,,,,,,,,KON,,,,,,,,,,,,,,,,,,,,,,,,
24,"BLUE DART EXPRESS LTD., O/S",31-01-2023,4389,KUMAR  DAULAPPA  KOLI,,,,,,,,,,,,,,,,,,,,,,,KON,,,,,,,,,,,,,,,,,,,,,,,,
24,"BLUE DART EXPRESS LTD., O/S",31-01-2023,3939,LAKHAN  LANDE,24,5,,,,,1,,,,,,,,,,,,,,,3593,BARSHI,,,,,,,,,,,,,,,,,,,,,,,,
24,"BLUE DART EXPRESS LTD., O/S",31-01-2023,4030,MACHINDRA BABASANHEB SANGALE,20,5,4,,,,1,,,,,,,,,,,,,,,3684,IT SAGAR,,,,,,,,,,,,,,,,,,,,,,,,
24,"BLUE DART EXPRESS LTD., O/S",31-01-2023,4151,MANGESH  AKUSKAR,21,5,,3,,,1,,,,,,,,,,,,,,,3805,PARALI -VAIJANATH,,,,,,,,,,,,,,,,,,,,,,,,
24,"BLUE DART EXPRESS LTD., O/S",31-01-2023,4129,MOHAMMAD  PATEL,24,5,,,,,1,,,,,,,,,,,,,,,3783,NARAYANGAON,,,,,,,,,,,,,,,,,,,,,,,,
24,"BLUE DART EXPRESS LTD., O/S",31-01-2023,4349,OMKAR  ROHIDAS  RADE,25,4,,,,,1,,,,,,,,,,,,,,,,SHG,,,,,,,,,,,,,,,,,,,,,,,,
24,"BLUE DART EXPRESS LTD., O/S",31-01-2023,4153,PRADIP  MUNGE,2,,28,,,,,,,,,,,,,,,,,,,3807,UDGIR,,,,,,,,,,,,,,,,,,,,,,,,
24,"BLUE DART EXPRESS LTD., O/S",31-01-2023,4386,PRADIP  SHIVAJI  DHAGE,,,,,,,,,,,,,,,,,,,,,,,SHG,,,,,,,,,,,,,,,,,,,,,,,,
24,"BLUE DART EXPRESS LTD., O/S",31-01-2023,4391,PRADIP  SHIVAJI  DHAGE,,,,,,,,,,,,,,,,,,,,,,,SHG,,,,,,,,,,,,,,,,,,,,,,,,
24,"BLUE DART EXPRESS LTD., O/S",31-01-2023,3403,PRASAD GANPAT PANDHARE,24,5,,,,,1,,,,,,,,,,,,,,,3057,OSMANABAD,,,,,,,,,,,,,,,,,,,,,,,,
24,"BLUE DART EXPRESS LTD., O/S",31-01-2023,3295,PRASHANT POPAT DHUS,24,5,,,,,1,,,,,,,,,,,,,,,2949,NARAYANGAON,,,,,,,,,,,,,,,,,,,,,,,,
24,"BLUE DART EXPRESS LTD., O/S",31-01-2023,3436,RAMESH SITARAM KAMBLE,24,5,,,,,1,,,,,,,,,,,,,,,3090,NARAYANGAON,,,,,,,,,,,,,,,,,,,,,,,,
24,"BLUE DART EXPRESS LTD., O/S",31-01-2023,3942,ROHIT  MANE,24,5,,,,,1,,,,,,,,,,,,,,,3596,NARAYANGAON,,,,,,,,,,,,,,,,,,,,,,,,
24,"BLUE DART EXPRESS LTD., O/S",31-01-2023,3872,SAGAR SAVALERAM GUNJAL,24,5,,,,,1,,,,,,,,,,,,,,,3526,NARAYANGAON,,,,,,,,,,,,,,,,,,,,,,,,
24,"BLUE DART EXPRESS LTD., O/S",31-01-2023,4119,SAMIR  GARADE,24,5,,,,,1,,,,,,,,,,,,,,,3773,SHRIGONDA,,,,,,,,,,,,,,,,,,,,,,,,
24,"BLUE DART EXPRESS LTD., O/S",31-01-2023,4209,SANDIP  SUDAM  CHAKHALE,22,5,2,,,,1,,,,,,,,,,,,,,,,BRN,,,,,,,,,,,,,,,,,,,,,,,,
24,"BLUE DART EXPRESS LTD., O/S",31-01-2023,3917,SAWANKUMAR  BHUJANGE,22,5,,2,,,1,,,,,,,,,,,,,,,3571,PARALI -VAIJANATH,,,,,,,,,,,,,,,,,,,,,,,,
24,"BLUE DART EXPRESS LTD., O/S",31-01-2023,4022,SHIVANAND NAGNATH DHABBE,2,,28,,,,,,,,,,,,,,,,,,,3676,KON,,,,,,,,,,,,,,,,,,,,,,,,
24,"BLUE DART EXPRESS LTD., O/S",31-01-2023,3946,SOMESHWAR  INGULKAR,23,5,,1,,,1,,,,,,,,,,,,,,,3600,MANJARI,,,,,,,,,,,,,,,,,,,,,,,,
24,"BLUE DART EXPRESS LTD., O/S",31-01-2023,4047,SOMNATH ROHIDAS SHINDE,,,,,,,,,,,,,,,,,,,,,,3701,SHG,,,,,,,,,,,,,,,,,,,,,,,,
24,"BLUE DART EXPRESS LTD., O/S",31-01-2023,4387,SUDESH  DIGAMBAR  BHALERAO,,,,,,,,,,,,,,,,,,,,,,,KCT (KHED CITY),,,,,,,,,,,,,,,,,,,,,,,,
24,"BLUE DART EXPRESS LTD., O/S",31-01-2023,4392,SUDESH  DIGAMBAR  BHALERAO,,,,,,,,,,,,,,,,,,,,,,,KCT (KHED CITY),,,,,,,,,,,,,,,,,,,,,,,,
24,"BLUE DART EXPRESS LTD., O/S",31-01-2023,3976,SUNIL  TELANGE,24,5,,,,,1,,,,,,,,,,,,,,,3630,UDGIR,,,,,,,,,,,,,,,,,,,,,,,,
24,"BLUE DART EXPRESS LTD., O/S",31-01-2023,4130,SWAPNIL  KENDE,24,5,,,,,1,,,,,,,,,,,,,,,3784,NARAYANGAON,,,,,,,,,,,,,,,,,,,,,,,,
24,"BLUE DART EXPRESS LTD., O/S",31-01-2023,4149,VISHAL  LANDE,23,5,,1,,,1,,,,,,,,,,,,,,,3803,BARSHI,,,,,,,,,,,,,,,,,,,,,,,,
24,"BLUE DART EXPRESS LTD., O/S",31-01-2023,3900,VISHAL  RAKSHE,24,5,,,,,1,,,,,,,,,,,,,,,3554,NARAYANGAON,,,,,,,,,,,,,,,,,,,,,,,,
24,"BLUE DART EXPRESS LTD., O/S",31-01-2023,4207,VISHNU  BAPU  SOLUNKE,22,5,2,,,,1,,,,,,,,,,,,,,,,UDG,,,,,,,,,,,,,,,,,,,,,,,,
