 Client_id ,Client_name,Sal_month, Emp_id,Employee_NAME,Present,Weeklyoff,  Absent,Pl,Cl,Sl, Paidholiday,Additional,Othours, Nightshifts,Incometax,Canteen,Extra_inc1, Extra_inc2,Leave_encash,Extra_ded1,Extra_ded2, Wagediff,Allow_arrears, Ot_arrears,Invalid,Ticket_no, Dept_Name, Comp_ticket_no
9,"BLUE DART EXPRESS LTD.,",29-02-24,4639,AADAM  - SHAIKH,,,,,,,,,,,,,,,,,,,,,,,BRN,
9,"BLUE DART EXPRESS LTD.,",29-02-24,2502,ABHIJEET NANDAKUMAR GAWARE,26,4,,,,,,,,,,,,,,,,,,,,2156,TWH,
9,"BLUE DART EXPRESS LTD.,",29-02-24,4141,ABHIJIT - BHADANE,26,4,,,,,,,,,,,,,,,,,,,,3795,TSG,
9,"BLUE DART EXPRESS LTD.,",29-02-24,4606,ABHIJIT - JAGTAP,25,4,,,,,,1,,,,,,,,,,,,,,,KHW,
9,"BLUE DART EXPRESS LTD.,",29-02-24,4165,ABHIJIT JAGANNATH PISAL,26,4,,,,,,,,,,,,,,,,,,,,3819,SATARA,
9,"BLUE DART EXPRESS LTD.,",29-02-24,4700,ABHISHEK  - SHAH,26,4,,,,,,,,,,,,,,,,,,,,,PMC,
9,"BLUE DART EXPRESS LTD.,",29-02-24,4169,ABHISHEK GANESH SAKAT,22,4,4,,,,,,,,,,,,,,,,,,,3823,WGH,
9,"BLUE DART EXPRESS LTD.,",29-02-24,3744,ABRAR AYYUB KHAN,26,4,,,,,,,,,,,,,,,,,,,,3398,PLV,
9,"BLUE DART EXPRESS LTD.,",29-02-24,4670,ADITYA  - NIKALJE,16,3,7,4,,,,,,,,,,,,,,,,,,,BRN,
9,"BLUE DART EXPRESS LTD.,",29-02-24,4671,ADITYA  - SONAWANE,23,4,,2,,,,1,,,,,,,,,,,,,,,PUB,
9,"BLUE DART EXPRESS LTD.,",29-02-24,4040,ADITYA ASHOK PATOLE,25,4,,1,,,,,,,,,,,,,,,,,,3694,SHRIGONDA,
9,"BLUE DART EXPRESS LTD.,",29-02-24,4701,AKASH  - KOKATE,23,4,,2,,,,1,,,,,,,,,,,,,,,PUB,
9,"BLUE DART EXPRESS LTD.,",29-02-24,4301,AKASH  BHAGWAT CHATE,26,4,,,,,,,,,,,,,,,,,,,,4404,BRN,
9,"BLUE DART EXPRESS LTD.,",29-02-24,4371,AKASH DILIP SURYAWANSHI,26,4,,,,,,,,,,,,,,,,,,,,4429,PCH,
9,"BLUE DART EXPRESS LTD.,",29-02-24,4027,AKASH GANPAT THAKAR,22,4,1,2,,,,1,,,,,,,,,,,,,,3681,PUB/OB,
9,"BLUE DART EXPRESS LTD.,",29-02-24,4526,AKASH PRAKASH DIXIT,24,4,,1,,,,1,,,,,,,,,,,,,,,KHW,
9,"BLUE DART EXPRESS LTD.,",29-02-24,4171,AKASH PRAKASH PARADHI,26,4,,,,,,,,,,,,,,,,,,,,3825,TWH,
9,"BLUE DART EXPRESS LTD.,",29-02-24,4378,AKBAR SHARPPODIN SHAIKH,25,4,1,,,,,,,,,,,,,,,,,,,4434,ELECTRONICA,
9,"BLUE DART EXPRESS LTD.,",29-02-24,3667,AKIB ABDUL SALIM SHAIKH,26,4,,,,,,,,,,,,,,,,,,,,3321,MARKETYARD,
9,"BLUE DART EXPRESS LTD.,",29-02-24,4505,AKIF  ARIF KHAN,26,4,,,,,,,,,,,,,,,,,,,,,SID,
9,"BLUE DART EXPRESS LTD.,",29-02-24,4622,AKSHAY  AMBADAS  JOGADNAKAR,25,4,,1,,,,,,,,,,,,,,,,,,,BRN,
9,"BLUE DART EXPRESS LTD.,",29-02-24,1338,ALKABAI BIRBAL SINGH,25,4,,1,,,,,,,,,,,,,,,,,,992,BRG,
9,"BLUE DART EXPRESS LTD.,",29-02-24,4234,ALTAF ASIF SHAIKH,26,4,,,,,,,,,,,,,,,,,,,,4389,BRG,
9,"BLUE DART EXPRESS LTD.,",29-02-24,3491,AMIR FIROJ KILLEDAR,16,3,,10,,,,1,,,,,,,,,,,,,,3145,KHW,
9,"BLUE DART EXPRESS LTD.,",29-02-24,4602,AMIT  RAJU PATIL,25,4,,1,,,,,,,,,,,,,,,,,,,SGV,
9,"BLUE DART EXPRESS LTD.,",29-02-24,4078,AMIT RAMESH SAWALE,26,4,,,,,,,,,,,,,,,,,,,,3732,TWH,
9,"BLUE DART EXPRESS LTD.,",29-02-24,3898,AMIT VIJAY JAGDALE,26,4,,,,,,,,,,,,,,,,,,,,3552,TWH,
9,"BLUE DART EXPRESS LTD.,",29-02-24,4672,AMOL  - MORE,23,4,,3,,,,,,,,,,,,,,,,,,,PMC,
9,"BLUE DART EXPRESS LTD.,",29-02-24,4702,AMOL  - PHOPSE,25,4,1,,,,,,,,,,,,,,,,,,,,SID,
9,"BLUE DART EXPRESS LTD.,",29-02-24,4293,AMOL  ANNAPPA  TELVEKAR,26,4,,,,,,,,,,,,,,,,,,,,4396,BRN,
9,"BLUE DART EXPRESS LTD.,",29-02-24,4351,AMOL  MARUTI  SURYAVANSHI,24,4,,2,,,,,,,,,,,,,,,,,,,GAD,
9,"BLUE DART EXPRESS LTD.,",29-02-24,2836,AMOL RAJENDRA KADAM,26,4,,,,,,,,,,,,,,,,,,,,2490,SATARA,
9,"BLUE DART EXPRESS LTD.,",29-02-24,4657,AMRUT - CHAUGULE,25,4,,1,,,,,,,,,,,,,,,,,,,KHP,
9,"BLUE DART EXPRESS LTD.,",29-02-24,4490,ANAGHA ANISH SHERAMKAR,26,4,,,,,,,,,,,,,,,,,,,,,SGV,
9,"BLUE DART EXPRESS LTD.,",29-02-24,3523,ANANDA RUKMAJI WAGHMARE,25,4,1,,,,,,,,,,,,,,,,,,,3177,PUB/OB,
9,"BLUE DART EXPRESS LTD.,",29-02-24,3458,ANANTA CHINDHU DHORE,20,4,3,3,,,,,,,,,,,,,,,,,,3112,TWH,
9,"BLUE DART EXPRESS LTD.,",29-02-24,4555,ANIKET - THOMBARE,,,,,,,,,,,,,,,,,,,,,,,PIR,
9,"BLUE DART EXPRESS LTD.,",29-02-24,4308,ANIL  MADHUKAR CHAVAN,26,4,,,,,,,,,,,,,,,,,,,,4408,SAA,
9,"BLUE DART EXPRESS LTD.,",29-02-24,3000,ANIL GORAKHNATH KEMSE,25,4,1,,,,,,,,,,,,,,,,,,,2654,EDP,
9,"BLUE DART EXPRESS LTD.,",29-02-24,3649,ANIL MOHAN DUMBARE,23,4,,3,,,,,,,,,,,,,,,,,,3303,SKODA-VW CHAKAN,
9,"BLUE DART EXPRESS LTD.,",29-02-24,4018,ANTU MADHU LOKARE,25,4,,1,,,,,,,,,,,,,,,,,,3672,HINJWADI,
9,"BLUE DART EXPRESS LTD.,",29-02-24,4473,ARUN RAM CHAURE,26,4,,,,,,,,,,,,,,,,,,,,,PLV,
9,"BLUE DART EXPRESS LTD.,",29-02-24,4377,ARVIND  PANDURANG  KUMBHAR,24,4,2,,,,,,,,,,,,,,,,,,,4433,TWH,
9,"BLUE DART EXPRESS LTD.,",29-02-24,3554,ASHISH KUMAR SURYAWANSHI,25,4,,1,,,,,,,,,,,,,,,,,,3208,TASGAON,
9,"BLUE DART EXPRESS LTD.,",29-02-24,3793,ASHISH SINGH MAHINDRAPAL BHATTI,25,4,1,,,,,,,,,,,,,,,,,,,3447,SANGVI,
9,"BLUE DART EXPRESS LTD.,",29-02-24,4439,ASHOK KISHOR SHINDE,26,4,,,,,,,,,,,,,,,,,,,,4439,BRN,
9,"BLUE DART EXPRESS LTD.,",29-02-24,3328,ASHOK VAIJINATH LONDHE,26,4,,,,,,,,,,,,,,,,,,,,2982,LORREL CHAKAN,
9,"BLUE DART EXPRESS LTD.,",29-02-24,4309,ATUL  DILIP  DHONDAWAD,24,4,1,1,,,,,,,,,,,,,,,,,,4409,BRN,
9,"BLUE DART EXPRESS LTD.,",29-02-24,4178,AVINASH DATTATRAY CHANDANE,22,4,,4,,,,,,,,,,,,,,,,,,3832,MARKETYARD,
9,"BLUE DART EXPRESS LTD.,",29-02-24,3641,BALI BALAJI SURYAWANSHI,22,4,4,,,,,,,,,,,,,,,,,,,3295,TGR,
9,"BLUE DART EXPRESS LTD.,",29-02-24,2654,BHARAT CHANDRAKANT SHINDE,24,4,,2,,,,,,,,,,,,,,,,,,2308,LORREL CHAKAN,
9,"BLUE DART EXPRESS LTD.,",29-02-24,2686,BHARAT RAGHU KOTWAL,24,4,,2,,,,,,,,,,,,,,,,,,2340,LORREL CHAKAN,
9,"BLUE DART EXPRESS LTD.,",29-02-24,4131,BHARATI CHANDRAKANT PANDIT,25,4,,1,,,,,,,,,,,,,,,,,,3785,HDP,
9,"BLUE DART EXPRESS LTD.,",29-02-24,4481,BHIMRAO VINAYAK KHUDE,25,4,1,,,,,,,,,,,,,,,,,,,,TWH,
9,"BLUE DART EXPRESS LTD.,",29-02-24,4527,DASHRATH  SAMPAT BHORDE ,26,4,,,,,,,,,,,,,,,,,,,,,PVT,
9,"BLUE DART EXPRESS LTD.,",29-02-24,4506,DAYANAND VITTHAL KALWALE,26,4,,,,,,,,,,,,,,,,,,,,,PCH,
9,"BLUE DART EXPRESS LTD.,",29-02-24,4703,DEEPAK  - CHAUDHARY,26,4,,,,,,,,,,,,,,,,,,,,,TWH,
9,"BLUE DART EXPRESS LTD.,",29-02-24,4573,DEEPAK  - THAKAR,24,4,,2,,,,,,,,,,,,,,,,,,,PUB,
9,"BLUE DART EXPRESS LTD.,",29-02-24,3885,DEEPAK  PAWAR,24,4,,2,,,,,,,,,,,,,,,,,,3539,BARSHI,
9,"BLUE DART EXPRESS LTD.,",29-02-24,3798,DHIRAJ PRAMOD KASAB,26,4,,,,,,,,,,,,,,,,,,,,3452,BARSHI,
9,"BLUE DART EXPRESS LTD.,",29-02-24,4017,DILIP KISAN BADHE,24,4,,2,,,,,,,,,,,,,,,,,,3671,ACCOUNTS,
9,"BLUE DART EXPRESS LTD.,",29-02-24,3996,DINESH  RANPISE,26,4,,,,,,,,,,,,,,,,,,,,3650,KHED,
9,"BLUE DART EXPRESS LTD.,",29-02-24,3940,DNYANESHWAR  KADAM,26,4,,,,,,,,,,,,,,,,,,,,3594,KHED,
9,"BLUE DART EXPRESS LTD.,",29-02-24,4612,FARUK - NAIKWADE,24,3,,3,,,,,,,,,,,,,,,,,,,KGL,
9,"BLUE DART EXPRESS LTD.,",29-02-24,4624,GANESH  ANANDRAO  JADHAV,,,,,,,,,,,,,,,,,,,,,,,BRN,
9,"BLUE DART EXPRESS LTD.,",29-02-24,4205,GANESH  SHANKAR  KASAB,25,4,,1,,,,,,,,,,,,,,,,,,,BRN,
9,"BLUE DART EXPRESS LTD.,",29-02-24,4453,GANESH A SHINDE,26,4,,,,,,,,,,,,,,,,,,,,,BRN,
9,"BLUE DART EXPRESS LTD.,",29-02-24,2525,GANESH ANNA CHOBHE,26,4,,,,,,,,,,,,,,,,,,,,2179,VIMANNAGAR,
9,"BLUE DART EXPRESS LTD.,",29-02-24,2476,GANESH CHANDRAKANT TILEKAR,24,4,,2,,,,,,,,,,,,,,,,,,2130,SATARA,
9,"BLUE DART EXPRESS LTD.,",29-02-24,3836,GANESH TANAJI GORE,26,4,,,,,,,,,,,,,,,,,,,,3490,SAA,
9,"BLUE DART EXPRESS LTD.,",29-02-24,4643,GAURAV  - KAMBLE,,,,,,,,,,,,,,,,,,,,,,,BRN,
9,"BLUE DART EXPRESS LTD.,",29-02-24,4173,GORAKSHNATH DILIP SATHE,22,3,5,,,,,,,,,,,,,,,,,,,3827,BANER,
9,"BLUE DART EXPRESS LTD.,",29-02-24,4541,GURUNATH  - SANGAR,25,4,,1,,,,,,,,,,,,,,,,,,,KHW,
9,"BLUE DART EXPRESS LTD.,",29-02-24,4440,HIMANSHU SHAILESH GARSUND,,,,,,,,,,,,,,,,,,,,,,4440,BRN,
9,"BLUE DART EXPRESS LTD.,",29-02-24,2343,HIRA BALU SHELAR,25,4,,1,,,,,,,,,,,,,,,,,,1997,KHADAKI,
9,"BLUE DART EXPRESS LTD.,",29-02-24,4042,HIRAMAN HEMRAJ PARDESHI,25,4,,1,,,,,,,,,,,,,,,,,,3696,SWH,
9,"BLUE DART EXPRESS LTD.,",29-02-24,2448,HITESH LALASO KHARADE,26,4,,,,,,,,,,,,,,,,,,,,2102,SATARA,
9,"BLUE DART EXPRESS LTD.,",29-02-24,4361,HRUSHIKESH  DEVIDAS  KULKARNI,26,4,,,,,,,,,,,,,,,,,,,,4421,TWH,
9,"BLUE DART EXPRESS LTD.,",29-02-24,4574,ISHWAR  - PARDESHI,25,4,,1,,,,,,,,,,,,,,,,,,,PUB,
9,"BLUE DART EXPRESS LTD.,",29-02-24,4376,JAY  GANESH  CHAVAN,26,4,,,,,,,,,,,,,,,,,,,,4432,TWH,
9,"BLUE DART EXPRESS LTD.,",29-02-24,4019,JEEVAN BHIKAJI KADAM,26,4,,,,,,,,,,,,,,,,,,,,3673,KHED,
9,"BLUE DART EXPRESS LTD.,",29-02-24,3097,KALPESH BHIKU CHAVAN,26,4,,,,,,,,,,,,,,,,,,,,2751,PIMPRI,
9,"BLUE DART EXPRESS LTD.,",29-02-24,3702,KALYAN TRIMBAKRAO MUNE,26,4,,,,,,,,,,,,,,,,,,,,3356,IT SAGAR,
9,"BLUE DART EXPRESS LTD.,",29-02-24,4238,KARAN  PRAKASH  KAVADE,26,4,,,,,,,,,,,,,,,,,,,,4392,HDP,
9,"BLUE DART EXPRESS LTD.,",29-02-24,4302,KARAN  RAMESH CHAVAN,,,,,,,,,,,,,,,,,,,,,,4405,BRN,
9,"BLUE DART EXPRESS LTD.,",29-02-24,3564,KARAN CHANDAR SHINDE,26,4,,,,,,,,,,,,,,,,,,,,3218,SANGVI,
9,"BLUE DART EXPRESS LTD.,",29-02-24,3906,KARAN SHIVAJI KUCHEKAR,13,2,15,,,,,,,,,,,,,,,,,,,3560,SANGVI,
9,"BLUE DART EXPRESS LTD.,",29-02-24,4659,KAUSTUBH - YADAV,21,4,,,,,,5,,,,,,,,,,,,,,,GAD,
9,"BLUE DART EXPRESS LTD.,",29-02-24,4704,KESHAV  - HAGE,26,4,,,,,,,,,,,,,,,,,,,,,BRN,
9,"BLUE DART EXPRESS LTD.,",29-02-24,4549,KIRAN  - NIKAM,24,4,,2,,,,,,,,,,,,,,,,,,,PMC,
9,"BLUE DART EXPRESS LTD.,",29-02-24,1254,KISAN BABAN SHELAR,23,4,,3,,,,,,,,,,,,,,,,,,908,APEX/SFC,
9,"BLUE DART EXPRESS LTD.,",29-02-24,4120,KISHOR  RANJANE,25,4,,1,,,,,,,,,,,,,,,,,,3774,WAI SATARA,
9,"BLUE DART EXPRESS LTD.,",29-02-24,2812,KISHOR BABAN GAWADE,22,4,,3,,,,1,,,,,,,,,,,,,,2466,PUB/HUB,
9,"BLUE DART EXPRESS LTD.,",29-02-24,4404,KISHOR NANASO NALAWADE,22,4,,,,,,4,,,,,,,,,,,,,,,KRC (KARAD),
9,"BLUE DART EXPRESS LTD.,",29-02-24,3227,KISHOR RAJU CHOUGULE,,,,,,,,,,,,,,,,,,,,,,2881,PUB/OB,
9,"BLUE DART EXPRESS LTD.,",29-02-24,4705,KOMAL  SANJAY  TAWARE,16,2,,,,,,,,,,,,,,,,,,,,,SGV,
9,"BLUE DART EXPRESS LTD.,",29-02-24,4240,KRISHNA  ASHOK GAIKWAD,26,4,,,,,,,,,,,,,,,,,,,,,HNW,
9,"BLUE DART EXPRESS LTD.,",29-02-24,4174,KRISHNA ASHOK SURYAWANSHI,26,4,,,,,,,,,,,,,,,,,,,,3828,HADAPSAR,
9,"BLUE DART EXPRESS LTD.,",29-02-24,3749,KULDIP ARVIND JAGDALE,25,4,,1,,,,,,,,,,,,,,,,,,3403,BARSHI,
9,"BLUE DART EXPRESS LTD.,",29-02-24,4399,KUMAR  DAULAPPA  KOLI,26,4,,,,,,,,,,,,,,,,,,,,,KON,
9,"BLUE DART EXPRESS LTD.,",29-02-24,4471,KUNAL  NITIN  KUMBHAR,23,4,3,,,,,,,,,,,,,,,,,,,4451,HNW,
9,"BLUE DART EXPRESS LTD.,",29-02-24,3939,LAKHAN  LANDE,25,4,,1,,,,,,,,,,,,,,,,,,3593,BARSHI,
9,"BLUE DART EXPRESS LTD.,",29-02-24,1977,LATA AMBADAS KAWADE,26,4,,,,,,,,,,,,,,,,,,,,1631,WAGHOLI,
9,"BLUE DART EXPRESS LTD.,",29-02-24,4030,MACHINDRA BABASANHEB SANGALE,26,4,,,,,,,,,,,,,,,,,,,,3684,IT SAGAR,
9,"BLUE DART EXPRESS LTD.,",29-02-24,4314,MAHADEV  NANA SHINGATE,26,4,,,,,,,,,,,,,,,,,,,,4414,BRN,
9,"BLUE DART EXPRESS LTD.,",29-02-24,4507,MAHARUDRA SHIVAJI GAVATE,24,4,,2,,,,,,,,,,,,,,,,,,,PCH,
9,"BLUE DART EXPRESS LTD.,",29-02-24,4577,MAHESH - SATHE,26,4,,,,,,,,,,,,,,,,,,,,,HNW,
9,"BLUE DART EXPRESS LTD.,",29-02-24,4400,MAHESH ASHOK RATNAPARAKHE,,,,,,,,,,,,,,,,,,,,,,,PIR,
9,"BLUE DART EXPRESS LTD.,",29-02-24,3266,MAHESH BAPU NAVALE,24,4,,2,,,,,,,,,,,,,,,,,,2920,KGL,
9,"BLUE DART EXPRESS LTD.,",29-02-24,3700,MANGAL NANDU KAPSE,25,4,,1,,,,,,,,,,,,,,,,,,3354,IT SAGAR,
9,"BLUE DART EXPRESS LTD.,",29-02-24,4578,MANGESH - JADHAV,26,4,,,,,,,,,,,,,,,,,,,,,PUB,
9,"BLUE DART EXPRESS LTD.,",29-02-24,4645,MANJUSHA  - TALELLU,11,3,16,,,,,,,,,,,,,,,,,,,,BRN,
9,"BLUE DART EXPRESS LTD.,",29-02-24,4058,MANOJ DNYANESHWAR SHINDE,26,4,,,,,,,,,,,,,,,,,,,,3712,TWH,
9,"BLUE DART EXPRESS LTD.,",29-02-24,4706,MANSI  - GAONKAR,24,4,,2,,,,,,,,,,,,,,,,,,,BRN,
9,"BLUE DART EXPRESS LTD.,",29-02-24,3249,MARUTI BABULAL MUNGASE,23,4,,3,,,,,,,,,,,,,,,,,,2903,SKODA-VW CHAKAN,
9,"BLUE DART EXPRESS LTD.,",29-02-24,3666,MATRUSHWAR BASAVRAJ DODMANI,24,4,,2,,,,,,,,,,,,,,,,,,3320,VIMANNAGAR,
9,"BLUE DART EXPRESS LTD.,",29-02-24,4543,MAYUR  - SHETTY,26,4,,,,,,,,,,,,,,,,,,,,,PMC,
9,"BLUE DART EXPRESS LTD.,",29-02-24,4646,MITHUN  - CHAVAN,,,,,,,,,,,,,,,,,,,,,,,BRN,
9,"BLUE DART EXPRESS LTD.,",29-02-24,4579,MOHAMMAD - AKIB,22,4,,4,,,,,,,,,,,,,,,,,,,PUB,
9,"BLUE DART EXPRESS LTD.,",29-02-24,4380,MOHD AZHAR ZAFAR AZHAR,26,4,,,,,,,,,,,,,,,,,,,,4436,PCH,
9,"BLUE DART EXPRESS LTD.,",29-02-24,3318,MUKINDA DATTU PATOLE,25,4,,1,,,,,,,,,,,,,,,,,,2972,VEC,
9,"BLUE DART EXPRESS LTD.,",29-02-24,4550,NAMDEV  - NEHAY,24,4,2,,,,,,,,,,,,,,,,,,,,TLW,
9,"BLUE DART EXPRESS LTD.,",29-02-24,4580,NANDRAM - KEDAR,26,4,,,,,,,,,,,,,,,,,,,,,PUB,
9,"BLUE DART EXPRESS LTD.,",29-02-24,3676,NARESH BABASO KOLI,23,4,,3,,,,,,,,,,,,,,,,,,3330,KHW,
9,"BLUE DART EXPRESS LTD.,",29-02-24,4626,NAVNATH  SURESH  JADHAV,17,3,10,,,,,,,,,,,,,,,,,,,,BRN,
9,"BLUE DART EXPRESS LTD.,",29-02-24,3060,NAVNATH ANANDA DHORE,26,4,,,,,,,,,,,,,,,,,,,,2714,TWH,
9,"BLUE DART EXPRESS LTD.,",29-02-24,2833,NAVNATH BAJRANG KURELEKAR,24,4,1,1,,,,,,,,,,,,,,,,,,2487,SATARA,
9,"BLUE DART EXPRESS LTD.,",29-02-24,3692,NAVNATH RAMCHANDRA PATIL,21,4,,1,,,,4,,,,,,,,,,,,,,3346,KARAD,
9,"BLUE DART EXPRESS LTD.,",29-02-24,4142,NIKHIL  SHINDE,26,4,,,,,,,,,,,,,,,,,,,,3796,TASGAON,
9,"BLUE DART EXPRESS LTD.,",29-02-24,1770,NILESH KALURAM DUMBARE,26,4,,,,,,,,,,,,,,,,,,,,1424,LORREL CHAKAN,
9,"BLUE DART EXPRESS LTD.,",29-02-24,3121,NILESH NARAYAN KAJALE,20,3,,7,,,,,,,,,,,,,,,,,,2775,GENRAL MOTORS,
9,"BLUE DART EXPRESS LTD.,",29-02-24,2810,NILESH VASANTRAO JAGDALE,22,4,1,1,,,,3,,,,,,,,,,,,,,2464,KHW,
9,"BLUE DART EXPRESS LTD.,",29-02-24,4294,NITESH  NISHANT  MANDLIK,26,4,,,,,,,,,,,,,,,,,,,,4397,KHW,
9,"BLUE DART EXPRESS LTD.,",29-02-24,3505,NITESH DIPAK AWAGHADE,26,4,,,,,,,,,,,,,,,,,,,,3159,SATARA,
9,"BLUE DART EXPRESS LTD.,",29-02-24,4627,NITIN  VASANT  PAWAR,26,4,,,,,,,,,,,,,,,,,,,,,KHP,
9,"BLUE DART EXPRESS LTD.,",29-02-24,4161,NITIN GOPINATH KADAM,24,4,,1,,,,1,,,,,,,,,,,,,,3815,PUB/OB,
9,"BLUE DART EXPRESS LTD.,",29-02-24,3877,NITIN GULAB SAWALE,25,4,1,,,,,,,,,,,,,,,,,,,3531,IT SAGAR,
9,"BLUE DART EXPRESS LTD.,",29-02-24,3448,NITIN SARJERAO BHOSALE,25,4,,1,,,,,,,,,,,,,,,,,,3102,PALUS,
9,"BLUE DART EXPRESS LTD.,",29-02-24,4648,OMKAR  - SAWANT,22,4,,4,,,,,,,,,,,,,,,,,,,BRN,
9,"BLUE DART EXPRESS LTD.,",29-02-24,4319,OMKAR  DEEPAK  SALUNKE,25,4,,1,,,,,,,,,,,,,,,,,,4418,HDP,
9,"BLUE DART EXPRESS LTD.,",29-02-24,4311,OMKAR SAMPAT  INGWALE,24,4,,2,,,,,,,,,,,,,,,,,,4411,BRN,
9,"BLUE DART EXPRESS LTD.,",29-02-24,4601,PARESH - CHOUDHARI,26,4,,,,,,,,,,,,,,,,,,,,,SGV,
9,"BLUE DART EXPRESS LTD.,",29-02-24,4581,PAVAN - DABADGANKAR,,,,,,,,,,,,,,,,,,,,,,,PUB,
9,"BLUE DART EXPRESS LTD.,",29-02-24,4050,PIRSAB SALIM SHAIKH,24,4,,2,,,,,,,,,,,,,,,,,,3704,IT SAGAR,
9,"BLUE DART EXPRESS LTD.,",29-02-24,4134,PRABHAKAR SURESH  SAREGAON,26,4,,,,,,,,,,,,,,,,,,,,3788,KHP,
9,"BLUE DART EXPRESS LTD.,",29-02-24,4677,PRADIP - ADHORE,,,,,,,,,,,,,,,,,,,,,,,SHG,
9,"BLUE DART EXPRESS LTD.,",29-02-24,3869,PRADIP TANAJI YEWALE,25,4,,1,,,,,,,,,,,,,,,,,,3523,GENRAL MOTORS,
9,"BLUE DART EXPRESS LTD.,",29-02-24,2723,PRAKASH SHIVAJI GAIKWAD,26,4,,,,,,,,,,,,,,,,,,,,2377,LORREL CHAKAN,
9,"BLUE DART EXPRESS LTD.,",29-02-24,4201,PRALHAD  RAMCHANDRA  GAIKWAD,26,4,,,,,,,,,,,,,,,,,,,,,BRN,
9,"BLUE DART EXPRESS LTD.,",29-02-24,4649,PRAMOD  - MAHAJAN,,,,,,,,,,,,,,,,,,,,,,,BRN,
9,"BLUE DART EXPRESS LTD.,",29-02-24,4604,PRANAV - KEDARI,26,4,,,,,,,,,,,,,,,,,,,,,WGH,
9,"BLUE DART EXPRESS LTD.,",29-02-24,4707,PRANISH  - YADAV,24,4,2,,,,,,,,,,,,,,,,,,,,TWH,
9,"BLUE DART EXPRESS LTD.,",29-02-24,3326,PRASAD PRAKASH SANAS,26,4,,,,,,,,,,,,,,,,,,,,2980,WAI SATARA,
9,"BLUE DART EXPRESS LTD.,",29-02-24,4059,PRASANNA NAVNATH SHINDE,25,4,,1,,,,,,,,,,,,,,,,,,3713,TWH,
9,"BLUE DART EXPRESS LTD.,",29-02-24,4295,PRASHANT  PRALHAD  PATIL ,26,4,,,,,,,,,,,,,,,,,,,,4398,BRN,
9,"BLUE DART EXPRESS LTD.,",29-02-24,2830,PRASHANT YUVRAJ SALUNKHE,24,4,,,,,,2,,,,,,,,,,,,,,2484,KHW,
9,"BLUE DART EXPRESS LTD.,",29-02-24,3457,PREMKUMAR ANIL PAWAR,23,4,,2,,,,1,,,,,,,,,,,,,,3111,PUB/OB,
9,"BLUE DART EXPRESS LTD.,",29-02-24,4316,PRIYANKA DEEPAK KUMBHAR,26,4,,,,,,,,,,,,,,,,,,,,4416,BRN,
9,"BLUE DART EXPRESS LTD.,",29-02-24,3902,PUNAJI HONAJI SHINGADE,25,4,,1,,,,,,,,,,,,,,,,,,3556,LORREL CHAKAN,
9,"BLUE DART EXPRESS LTD.,",29-02-24,4684,RAHUL  - G,,,,,,,,,,,,,,,,,,,,,,,PCH,
9,"BLUE DART EXPRESS LTD.,",29-02-24,4673,RAHUL  - MANE,21,4,5,,,,,,,,,,,,,,,,,,,,PMC,
9,"BLUE DART EXPRESS LTD.,",29-02-24,4708,RAHUL  - ZOMBADE,,,,,,,,,,,,,,,,,,,,,,,PMC,
9,"BLUE DART EXPRESS LTD.,",29-02-24,4629,RAHUL  DHONDIRAM  KOLI,26,4,,,,,,,,,,,,,,,,,,,,,KHP,
9,"BLUE DART EXPRESS LTD.,",29-02-24,4582,RAHUL - GAWADE,26,4,,,,,,,,,,,,,,,,,,,,,PUB,
9,"BLUE DART EXPRESS LTD.,",29-02-24,4366,RAHUL  NATHA  MAZIRE,24,4,,2,,,,,,,,,,,,,,,,,,4425,TWH,
9,"BLUE DART EXPRESS LTD.,",29-02-24,2703,RAHUL DHONDIBHAU THOMBARE,26,4,,,,,,,,,,,,,,,,,,,,2357,LORREL CHAKAN,
9,"BLUE DART EXPRESS LTD.,",29-02-24,4674,RAJ  - THORAVE,24,4,2,,,,,,,,,,,,,,,,,,,,HNW,
9,"BLUE DART EXPRESS LTD.,",29-02-24,4132,RAJESH SUBHASH SHIVALE,26,4,,,,,,,,,,,,,,,,,,,,3786,TALEGAON DABHADE,
9,"BLUE DART EXPRESS LTD.,",29-02-24,4709,RAJESHRI  - KATE,25,4,,1,,,,,,,,,,,,,,,,,,,PMC,
9,"BLUE DART EXPRESS LTD.,",29-02-24,4296,RAKESH BHIVAJI MAGDUM,26,4,,,,,,,,,,,,,,,,,,,,4399,BRN,
9,"BLUE DART EXPRESS LTD.,",29-02-24,3381,RAKESH SHARAD KAMBLE,25,4,,1,,,,,,,,,,,,,,,,,,3035,HDP,
9,"BLUE DART EXPRESS LTD.,",29-02-24,4491,RAM SURESH JADHAV,13,4,13,,,,,,,,,,,,,,,,,,,,PMC,
9,"BLUE DART EXPRESS LTD.,",29-02-24,3245,RAMDAS VILAS RALE,25,4,,1,,,,,,,,,,,,,,,,,,2899,LORREL CHAKAN,
9,"BLUE DART EXPRESS LTD.,",29-02-24,4312,RAMESH BABURAO BANSODE,26,4,,,,,,,,,,,,,,,,,,,,4412,BRN,
9,"BLUE DART EXPRESS LTD.,",29-02-24,4483,RANJEET  SANJAY  KANASE,25,4,,1,,,,,,,,,,,,,,,,,,,SAA,
9,"BLUE DART EXPRESS LTD.,",29-02-24,3782,RAVI BHAUSAHWB JADHAV,26,4,,,,,,,,,,,,,,,,,,,,3436,GENRAL MOTORS,
9,"BLUE DART EXPRESS LTD.,",29-02-24,4002,RAVIKIRAN RAGHUNATH PATIL,24,4,,,,,,2,,,,,,,,,,,,,,3656,KHW,
9,"BLUE DART EXPRESS LTD.,",29-02-24,4513,RAVINDRA  RAMCHANDRA  YADAV,26,4,,,,,,,,,,,,,,,,,,,,,SGV,
9,"BLUE DART EXPRESS LTD.,",29-02-24,2873,RAVINDRA KHANDU PAWAR,26,4,,,,,,,,,,,,,,,,,,,,2527,HINJWADI,
9,"BLUE DART EXPRESS LTD.,",29-02-24,2738,RAVINDRA KHEMA DHARADE,26,4,,,,,,,,,,,,,,,,,,,,2392,LORREL CHAKAN,
9,"BLUE DART EXPRESS LTD.,",29-02-24,3579,RAVINDRA MANSING JADHAV,26,4,,,,,,,,,,,,,,,,,,,,3233,IT SAGAR,
9,"BLUE DART EXPRESS LTD.,",29-02-24,3838,RENUKA ANMOL UJAGARE,25,4,,1,,,,,,,,,,,,,,,,,,3492,BRG,
9,"BLUE DART EXPRESS LTD.,",29-02-24,4650,ROHAN  - DAHIBATE,24,4,1,1,,,,,,,,,,,,,,,,,,,BRN,
9,"BLUE DART EXPRESS LTD.,",29-02-24,4545,ROHAN  - GAIKWAD,24,3,,3,,,,,,,,,,,,,,,,,,,TWH,
9,"BLUE DART EXPRESS LTD.,",29-02-24,4686,ROHAN  - MARNE,26,4,,,,,,,,,,,,,,,,,,,,,PIR,
9,"BLUE DART EXPRESS LTD.,",29-02-24,4687,ROHIT  - NIMBHORE,19,4,4,3,,,,,,,,,,,,,,,,,,,PMC,
9,"BLUE DART EXPRESS LTD.,",29-02-24,4558,ROHIT - GAIKWAD,25,4,,1,,,,,,,,,,,,,,,,,,,PLV,
9,"BLUE DART EXPRESS LTD.,",29-02-24,4088,ROHIT  SONAWANE,25,4,,1,,,,,,,,,,,,,,,,,,3742,WAI SATARA,
9,"BLUE DART EXPRESS LTD.,",29-02-24,4652,ROSHAN  - GAIKWAD,25,4,1,,,,,,,,,,,,,,,,,,,,BRN,
9,"BLUE DART EXPRESS LTD.,",29-02-24,3986,RUSHIKESH SAMBHAJI  SHENDGE,26,4,,,,,,,,,,,,,,,,,,,,3640,VIN,
9,"BLUE DART EXPRESS LTD.,",29-02-24,3924,RUSHIKESH SAMBHAJI AGATE,25,4,,1,,,,,,,,,,,,,,,,,,3578,TWH,
9,"BLUE DART EXPRESS LTD.,",29-02-24,4559,SACHIN - WADATE,23,4,,,,,,3,,,,,,,,,,,,,,,KRC (KARAD),
9,"BLUE DART EXPRESS LTD.,",29-02-24,3372,SACHIN SUBHASH BOIWAR,26,4,,,,,,,,,,,,,,,,,,,,3026,PUB/HUB,
9,"BLUE DART EXPRESS LTD.,",29-02-24,4688,SAGAR  - SHEDGE,,,,,,,,,,,,,,,,,,,,,,,PIR,
9,"BLUE DART EXPRESS LTD.,",29-02-24,4689,SAGAR  - SHINDE,26,4,,,,,,,,,,,,,,,,,,,,,PMC,
9,"BLUE DART EXPRESS LTD.,",29-02-24,3925,SAGAR  SANAS,23,4,,3,,,,,,,,,,,,,,,,,,3579,WAI SATARA,
9,"BLUE DART EXPRESS LTD.,",29-02-24,3631,SAGAR MADHUKAR THORAT,21,4,2,3,,,,,,,,,,,,,,,,,,3285,VEC,
9,"BLUE DART EXPRESS LTD.,",29-02-24,3856,SAGAR NANASO PAWAR,22,4,,1,,,,3,,,,,,,,,,,,,,3510,KARAD,
9,"BLUE DART EXPRESS LTD.,",29-02-24,4403,SAGAR SAMBHAJI PATIL,26,4,,,,,,,,,,,,,,,,,,,,,TSG,
9,"BLUE DART EXPRESS LTD.,",29-02-24,3416,SAGAR SANJAY KANASE,26,4,,,,,,,,,,,,,,,,,,,,3070,SATARA,
9,"BLUE DART EXPRESS LTD.,",29-02-24,3308,SAGAR SANJAY MAHAJAN,21,4,1,4,,,,,,,,,,,,,,,,,,2962,TWH,
9,"BLUE DART EXPRESS LTD.,",29-02-24,3524,SAHIL GANGARAM ANKUSH,24,4,,1,,,,1,,,,,,,,,,,,,,3178,PUB/OB,
9,"BLUE DART EXPRESS LTD.,",29-02-24,3753,SAIRAJ BHAGWAN GIRI,24,4,,2,,,,,,,,,,,,,,,,,,3407,KHW,
9,"BLUE DART EXPRESS LTD.,",29-02-24,4630,SAMIR  - NAVGHANE,,,,,,,,,,,,,,,,,,,,,,,ADC,
9,"BLUE DART EXPRESS LTD.,",29-02-24,4585,SAMIR - BHOSALE,25,4,1,,,,,,,,,,,,,,,,,,,,HNW,
9,"BLUE DART EXPRESS LTD.,",29-02-24,4610,SAMIR - GARADE,26,4,,,,,,,,,,,,,,,,,,,,,SHG,
9,"BLUE DART EXPRESS LTD.,",29-02-24,4159,SAMIR JAMIL SHAIKH,25,4,,1,,,,,,,,,,,,,,,,,,3813,MARKETYARD,
9,"BLUE DART EXPRESS LTD.,",29-02-24,2708,SAMIT LALASO PHADATARE,26,4,,,,,,,,,,,,,,,,,,,,2362,SATARA,
9,"BLUE DART EXPRESS LTD.,",29-02-24,4300,SAMPAT  MOHAN  KAMBLE,17,4,7,,,,,2,,,,,,,,,,,,,,4403,BRN,
9,"BLUE DART EXPRESS LTD.,",29-02-24,3932,SANDEEP DATTATRAYA KUDALE,26,4,,,,,,,,,,,,,,,,,,,,3586,TWH,
9,"BLUE DART EXPRESS LTD.,",29-02-24,2049,SANDEEP GANESH CHINCHANE,23,4,,3,,,,,,,,,,,,,,,,,,1703,BUND GARDEN,
9,"BLUE DART EXPRESS LTD.,",29-02-24,3909,SANDEEP NAMDEV RAIKAR,23,4,,3,,,,,,,,,,,,,,,,,,3563,SANGVI,
9,"BLUE DART EXPRESS LTD.,",29-02-24,4476,SANDEEP PANDURANG VAZAREKAR,25,4,,1,,,,,,,,,,,,,,,,,,,GAD,
9,"BLUE DART EXPRESS LTD.,",29-02-24,4242,SANDESH  SANJAY PINATE,26,4,,,,,,,,,,,,,,,,,,,,4395,HNW,
9,"BLUE DART EXPRESS LTD.,",29-02-24,4013,SANDESH BHIMSEN UDHANE,26,4,,,,,,,,,,,,,,,,,,,,3667,TWH,
9,"BLUE DART EXPRESS LTD.,",29-02-24,4547,SANDIP  - SHIRSAT,26,4,,,,,,,,,,,,,,,,,,,,,PUB,
9,"BLUE DART EXPRESS LTD.,",29-02-24,4209,SANDIP  SUDAM  CHAKHALE,26,4,,,,,,,,,,,,,,,,,,,,,BRN,
9,"BLUE DART EXPRESS LTD.,",29-02-24,3527,SANTONI PRAKASH JAGTAP,25,4,,1,,,,,,,,,,,,,,,,,,3181,PUB/HUB,
9,"BLUE DART EXPRESS LTD.,",29-02-24,4551,SANTOSH  - YEWALE,26,4,,,,,,,,,,,,,,,,,,,,,TWH,
9,"BLUE DART EXPRESS LTD.,",29-02-24,2226,SANTOSH KAMLAKAR BHISE,26,4,,,,,,,,,,,,,,,,,,,,1880,SATARA,
9,"BLUE DART EXPRESS LTD.,",29-02-24,4655,SATISH  - HARGILE,23,4,,1,,,,2,,,,,,,,,,,,,,,BRN,
9,"BLUE DART EXPRESS LTD.,",29-02-24,4168,SATYJEET SURESH DABHADE,,,,,,,,,,,,,,,,,,,,,,3822,KHW,
9,"BLUE DART EXPRESS LTD.,",29-02-24,4710,SAURABH  - KAMBLE,20,4,6,,,,,,,,,,,,,,,,,,,,TGR,
9,"BLUE DART EXPRESS LTD.,",29-02-24,4546,SAURABH  - KUMBHAR,18,3,9,,,,,,,,,,,,,,,,,,,,TWH,
9,"BLUE DART EXPRESS LTD.,",29-02-24,3917,SAWANKUMAR  BHUJANGE,26,4,,,,,,,,,,,,,,,,,,,,3571,PARALI -VAIJANATH,
9,"BLUE DART EXPRESS LTD.,",29-02-24,4690,SHAHABAZ  - MULANI,26,4,,,,,,,,,,,,,,,,,,,,,BRN,
9,"BLUE DART EXPRESS LTD.,",29-02-24,4605,SHAILESH - DHAMUNE,25,4,,,,,,1,,,,,,,,,,,,,,,KHW,
9,"BLUE DART EXPRESS LTD.,",29-02-24,4548,SHAKIB  - SHAIKH,24,4,,,,,,2,,,,,,,,,,,,,,,PUB,
9,"BLUE DART EXPRESS LTD.,",29-02-24,4675,SHANKAR  - MANE,26,4,,,,,,,,,,,,,,,,,,,,,PMC,
9,"BLUE DART EXPRESS LTD.,",29-02-24,2231,SHANKAR HANUMANTA JANGLE,23,4,,3,,,,,,,,,,,,,,,,,,1885,PIMPRI CHINCHWAD,
9,"BLUE DART EXPRESS LTD.,",29-02-24,4531,SHASHIKANT  VIJAY LOYARE,23,4,,3,,,,,,,,,,,,,,,,,,,PVT,
9,"BLUE DART EXPRESS LTD.,",29-02-24,4187,SHEKHAR BHASKAR  ANDHALE,26,4,,,,,,,,,,,,,,,,,,,,4385,TWH,
9,"BLUE DART EXPRESS LTD.,",29-02-24,4691,SHIVANGI  - KOL,25,4,1,,,,,,,,,,,,,,,,,,,,HNW,
9,"BLUE DART EXPRESS LTD.,",29-02-24,4632,SHIVTEJ - SATAV,26,4,,,,,,,,,,,,,,,,,,,,,HNW,
9,"BLUE DART EXPRESS LTD.,",29-02-24,4148,SHOBHA DATTATRAY PALLAWAR,26,4,,,,,,,,,,,,,,,,,,,,3802,CHAKAN,
9,"BLUE DART EXPRESS LTD.,",29-02-24,3991,SHUBHAM MOHAN  MALI,20,3,,4,,,,3,,,,,,,,,,,,,,3645,KHW,
9,"BLUE DART EXPRESS LTD.,",29-02-24,4239,SHUBHAM RAJESH VAKUDE,25,4,,1,,,,,,,,,,,,,,,,,,4393,HDP,
9,"BLUE DART EXPRESS LTD.,",29-02-24,4510,SHUBHAM RAMCHANDRA SHINDE,25,4,,1,,,,,,,,,,,,,,,,,,,VIN,
9,"BLUE DART EXPRESS LTD.,",29-02-24,4313,SIBENDRANATH  JAGDISH  MAJHI,24,3,,3,,,,,,,,,,,,,,,,,,4413,BRN,
9,"BLUE DART EXPRESS LTD.,",29-02-24,3737,SIDDHESHWAR BALIRAM THORAT,23,4,,3,,,,,,,,,,,,,,,,,,3391,TWH,
9,"BLUE DART EXPRESS LTD.,",29-02-24,4633,SOHEL  - SHAIKH,24,4,2,,,,,,,,,,,,,,,,,,,,PMC,
9,"BLUE DART EXPRESS LTD.,",29-02-24,3946,SOMESHWAR  INGULKAR,25,4,1,,,,,,,,,,,,,,,,,,,3600,MANJARI,
9,"BLUE DART EXPRESS LTD.,",29-02-24,4634,SOMNATH  - BODAKE,14,3,9,4,,,,,,,,,,,,,,,,,,,WGH,
9,"BLUE DART EXPRESS LTD.,",29-02-24,4057,SOMNATH DEVIDAS KULKARNI,25,4,1,,,,,,,,,,,,,,,,,,,3711,PWH,
9,"BLUE DART EXPRESS LTD.,",29-02-24,4043,SRINIVAS VILAS POWAR,23,4,,,,,,3,,,,,,,,,,,,,,3697,KHW,
9,"BLUE DART EXPRESS LTD.,",29-02-24,4402,SUDESH  DIGAMBAR  BHALERAO,25,4,1,,,,,,,,,,,,,,,,,,,,KCT (KHED CITY),
9,"BLUE DART EXPRESS LTD.,",29-02-24,2616,SUDHIR GOVIND NAIKARE,25,4,,1,,,,,,,,,,,,,,,,,,2270,SKODA-VW CHAKAN,
9,"BLUE DART EXPRESS LTD.,",29-02-24,3621,SUHAS SAKHARAM KADAM,25,4,,1,,,,,,,,,,,,,,,,,,3275,PUB/OB,
9,"BLUE DART EXPRESS LTD.,",29-02-24,4692,SUMIT  - BARDE,23,4,3,,,,,,,,,,,,,,,,,,,,PCH,
9,"BLUE DART EXPRESS LTD.,",29-02-24,4329,SUNIL  BABAN PARDHI,25,4,,,,,,1,,,,,,,,,,,,,,,TWH,
9,"BLUE DART EXPRESS LTD.,",29-02-24,3936,SUNIL  PAWAR,25,4,,,,,,1,,,,,,,,,,,,,,3590,KARAD,
9,"BLUE DART EXPRESS LTD.,",29-02-24,4010,SUNIL  RATHOD,26,4,,,,,,,,,,,,,,,,,,,,3664,KARAD,
9,"BLUE DART EXPRESS LTD.,",29-02-24,4492,SUNIL CHANDRABHAN BIRADAR,2,,,,,,,,,,,,,,,,,,,,,,HNW,
9,"BLUE DART EXPRESS LTD.,",29-02-24,4055,SUNIL KHANDU PAWAR,26,4,,,,,,,,,,,,,,,,,,,,3709,HINJWADI,
9,"BLUE DART EXPRESS LTD.,",29-02-24,4613,SUNNY - KAMBLE,26,4,,,,,,,,,,,,,,,,,,,,,KGL,
9,"BLUE DART EXPRESS LTD.,",29-02-24,4589,SURAJ - KEDARI,26,4,,,,,,,,,,,,,,,,,,,,,PUB,
9,"BLUE DART EXPRESS LTD.,",29-02-24,3969,SURAJ PRAKASH PAWAR,26,4,,,,,,,,,,,,,,,,,,,,3623,SATARA,
9,"BLUE DART EXPRESS LTD.,",29-02-24,4405,SURAJ SATYAWAN CHAVAN,21,4,,,,,,5,,,,,,,,,,,,,,,KRC (KARAD),
9,"BLUE DART EXPRESS LTD.,",29-02-24,3054,SURESH ASHOK SHINDE,26,4,,,,,,,,,,,,,,,,,,,,2708,SINHGAD ROAD,
9,"BLUE DART EXPRESS LTD.,",29-02-24,4204,SUSHANT  SHIVAJI  BHOSALE,26,4,,,,,,,,,,,,,,,,,,,,,BRN,
9,"BLUE DART EXPRESS LTD.,",29-02-24,4511,SWAPNIL  SANJAY MALWADKAR,25,4,,1,,,,,,,,,,,,,,,,,,,BRG,
9,"BLUE DART EXPRESS LTD.,",29-02-24,3449,SWAPNIL ANIL PAWAR,24,4,,2,,,,,,,,,,,,,,,,,,3103,PALUS,
9,"BLUE DART EXPRESS LTD.,",29-02-24,4635,TATHAGAT  - KOLE,23,4,3,,,,,,,,,,,,,,,,,,,,PMC,
9,"BLUE DART EXPRESS LTD.,",29-02-24,4656,TEJAS   - NISARGUNDE ,22,4,4,,,,,,,,,,,,,,,,,,,,BRN,
9,"BLUE DART EXPRESS LTD.,",29-02-24,4693,TEJAS  - SATHE,26,4,,,,,,,,,,,,,,,,,,,,,BRN,
9,"BLUE DART EXPRESS LTD.,",29-02-24,4315,TEJAS JAYVANT BORKAR,26,4,,,,,,,,,,,,,,,,,,,,4415,BRN,
9,"BLUE DART EXPRESS LTD.,",29-02-24,2977,TUKARAM RAGHUNATH MEMANE,26,4,,,,,,,,,,,,,,,,,,,,2631,LORREL CHAKAN,
9,"BLUE DART EXPRESS LTD.,",29-02-24,4636,TUSHAR  - KOKANE,25,4,1,,,,,,,,,,,,,,,,,,,,PMC,
9,"BLUE DART EXPRESS LTD.,",29-02-24,4235,TUSHAR - RANAWARE,26,4,,,,,,,,,,,,,,,,,,,,4390,BRN,
9,"BLUE DART EXPRESS LTD.,",29-02-24,4297,UMESH HINDURAO GADAVE,25,4,,1,,,,,,,,,,,,,,,,,,4400,BRN,
9,"BLUE DART EXPRESS LTD.,",29-02-24,4637,VAIBHAV  - SATHE,25,4,,1,,,,,,,,,,,,,,,,,,,PUB,
9,"BLUE DART EXPRESS LTD.,",29-02-24,4198,VAIBHAV  VIJAY  KODOLKAR,22,4,,2,,,,2,,,,,,,,,,,,,,4388,BRN,
9,"BLUE DART EXPRESS LTD.,",29-02-24,4051,VAIBHAV RAMDAS MADVI,23,4,,3,,,,,,,,,,,,,,,,,,3705,IT SAGAR,
9,"BLUE DART EXPRESS LTD.,",29-02-24,4194,VAMAN  VIJAY  BHUJBAL,26,4,,,,,,,,,,,,,,,,,,,,4387,TWH,
9,"BLUE DART EXPRESS LTD.,",29-02-24,4146,VIJAY MAHADEV PAWAR,26,4,,,,,,,,,,,,,,,,,,,,3800,TWH,
9,"BLUE DART EXPRESS LTD.,",29-02-24,4033,VIJAY SARJERAO PATIL,26,4,,,,,,,,,,,,,,,,,,,,3687,TWH,
9,"BLUE DART EXPRESS LTD.,",29-02-24,4188,VIKAS VAMAN BHALERAO,26,4,,,,,,,,,,,,,,,,,,,,4386,SGB,
9,"BLUE DART EXPRESS LTD.,",29-02-24,4542,VIKI  JASVIRCHAND  VALMIKI,,,,,,,,,,,,,,,,,,,,,,,TWH,
9,"BLUE DART EXPRESS LTD.,",29-02-24,4353,VILAS  SHAMRAO  JADHAV,24,4,,2,,,,,,,,,,,,,,,,,,,WAI,
9,"BLUE DART EXPRESS LTD.,",29-02-24,3332,VINAY YASHWANT RAJHUNS,10,1,16,,,,,3,,,,,,,,,,,,,,2986,KHW,
9,"BLUE DART EXPRESS LTD.,",29-02-24,3630,VINOD HARI PAWAR,25,4,,1,,,,,,,,,,,,,,,,,,3284,PIMPRI,
9,"BLUE DART EXPRESS LTD.,",29-02-24,4172,VISHAL  BHIGUDE,24,4,,2,,,,,,,,,,,,,,,,,,3826,GADHINGALAS,
9,"BLUE DART EXPRESS LTD.,",29-02-24,4149,VISHAL  LANDE,25,4,,1,,,,,,,,,,,,,,,,,,3803,BARSHI,
9,"BLUE DART EXPRESS LTD.,",29-02-24,4533,VISHAL  MOHAN SAKAT,26,4,,,,,,,,,,,,,,,,,,,,,HNW,
9,"BLUE DART EXPRESS LTD.,",29-02-24,4181,VISHAL AADHIK  JAMADAR,23,4,,3,,,,,,,,,,,,,,,,,,3835,SATARA,
9,"BLUE DART EXPRESS LTD.,",29-02-24,4024,VITTHAL  SANAS,23,4,,3,,,,,,,,,,,,,,,,,,3678,WAI SATARA,
9,"BLUE DART EXPRESS LTD.,",29-02-24,4465,VIVEK KISAN GAJMAL,25,4,,1,,,,,,,,,,,,,,,,,,,KTD,
9,"BLUE DART EXPRESS LTD.,",29-02-24,4694,WAJID  - BANGI,,,,,,,,,,,,,,,,,,,,,,,PCH,
9,"BLUE DART EXPRESS LTD.,",29-02-24,4711,WASIM  - PATHAN,26,4,,,,,,,,,,,,,,,,,,,,,BRG,
9,"BLUE DART EXPRESS LTD.,",29-02-24,4695,YELLAPPA  - YELKUNDE,,,,,,,,,,,,,,,,,,,,,,,BRN,
9,"BLUE DART EXPRESS LTD.,",29-02-24,4298,YOGESH  VILAS  KANDGAVKAR,24,4,,2,,,,,,,,,,,,,,,,,,4401,BRN,
9,"BLUE DART EXPRESS LTD.,",29-02-24,4676,YOGITA  - CHAUDHARY,25,4,1,,,,,,,,,,,,,,,,,,,,HNW,
9,"BLUE DART EXPRESS LTD.,",29-02-24,4062,YOGITA SUDHIR KAMBLE,26,4,,,,,,,,,,,,,,,,,,,,3716,PMC,
9,"BLUE DART EXPRESS LTD.,",29-02-24,4590,YUVRAJ - LOYARE,24,4,,2,,,,,,,,,,,,,,,,,,,PVT,
