 Client_id ,Client_name,Sal_month, Emp_id,Employee_NAME,present,weeklyoff,  absent, pl,cl,sl , paidholiday,additional, othours, nightshifts,incometax,canteen,extra_inc1, extra_inc2,leave_encash,extra_ded1,extra_ded2, wagediff,Allow_arrears, Ot_arrears,invalid,Client_id ,Client_name,Sal_month, Emp_id,Employee_NAME,Present,Weeklyoff,  Absent, Pl,Cl,Sl , Paidholiday,Additional, Othours, Nightshifts,Incometax,Canteen,Extra_inc1, Extra_inc2,Leave_encash,Extra_ded1,Extra_ded2, Wagediff,Allow_arrears, Ot_arrears,Invalid
9,"BLUE DART EXPRESS LTD.,",31-12-2022,3458,AANANTA CHINDHU DHORE,24,4,,2,,,,,,,,,,,,,,,,,,3112,PUB/HUB,,,,,,,,,,,,,,,,,,,,,,,,
9,"BLUE DART EXPRESS LTD.,",31-12-2022,2502,ABHIJEET NANDAKUMAR GAWARE,23,4,,3,,,,,,,,,,,,,,,,,,2156,TWH,,,,,,,,,,,,,,,,,,,,,,,,
9,"BLUE DART EXPRESS LTD.,",31-12-2022,4165,ABHIJIT JAGANNATH PISAL,25,4,,1,,,,,,,,,,,,,,,,,,3819,SATARA,,,,,,,,,,,,,,,,,,,,,,,,
9,"BLUE DART EXPRESS LTD.,",31-12-2022,3866,ABHISHEK AMBADAS JAMADAR,,,,,,,,,,,,,,,,,,,,,,3520,SANGVI,,,,,,,,,,,,,,,,,,,,,,,,
9,"BLUE DART EXPRESS LTD.,",31-12-2022,4169,ABHISHEK GANESH SAKAT,21,4,5,,,,,2,,,,,,,,,,,,,,3823,WGH,,,,,,,,,,,,,,,,,,,,,,,,
9,"BLUE DART EXPRESS LTD.,",31-12-2022,4040,ADITYA ASHOK PATOLE,22,4,2,,,,,2,,,,,,,,,,,,,,3694,SHRIGONDA,,,,,,,,,,,,,,,,,,,,,,,,
9,"BLUE DART EXPRESS LTD.,",31-12-2022,3711,AJAY ANKUSH KAMBLE,,,,,,,,,,,,,,,,,,,,,,3365,TWH,,,,,,,,,,,,,,,,,,,,,,,,
9,"BLUE DART EXPRESS LTD.,",31-12-2022,4301,AKASH  BHAGWAT CHATE,26,4,,,,,,,,,,,,,,,,,,,,,BRN,,,,,,,,,,,,,,,,,,,,,,,,
9,"BLUE DART EXPRESS LTD.,",31-12-2022,4177,AKASH DATTATRAY CHANDANE,24,4,2,,,,,,,,,,,,,,,,,,,3831,MARKETYARD,,,,,,,,,,,,,,,,,,,,,,,,
9,"BLUE DART EXPRESS LTD.,",31-12-2022,4027,AKASH GANPAT THAKAR,23,4,3,,,,,,,,,,,,,,,,,,,3681,PUB/OB,,,,,,,,,,,,,,,,,,,,,,,,
9,"BLUE DART EXPRESS LTD.,",31-12-2022,4171,AKASH P PARADHI,26,4,,,,,,,,,,,,,,,,,,,,3825,TWH,,,,,,,,,,,,,,,,,,,,,,,,
9,"BLUE DART EXPRESS LTD.,",31-12-2022,3667,AKIB ABDUL SALIM SHAIKH,25,4,,1,,,,,,,,,,,,,,,,,,3321,MARKETYARD,,,,,,,,,,,,,,,,,,,,,,,,
9,"BLUE DART EXPRESS LTD.,",31-12-2022,3461,AKSHAY MANSARAM SAHARE,26,4,,,,,,,,,,,,,,,,,,,,3115,GENRAL MOTORS,,,,,,,,,,,,,,,,,,,,,,,,
9,"BLUE DART EXPRESS LTD.,",31-12-2022,4234,ALTAF ASIF SHAIKH,25,4,,1,,,,,,,,,,,,,,,,,,,BRG,,,,,,,,,,,,,,,,,,,,,,,,
9,"BLUE DART EXPRESS LTD.,",31-12-2022,4317,AMBIKA  RAGUNATH  JOGDHANKAR,26,4,,,,,,,,,,,,,,,,,,,,,BRN,,,,,,,,,,,,,,,,,,,,,,,,
9,"BLUE DART EXPRESS LTD.,",31-12-2022,3491,AMIR FIROJ KILLEDAR,23,4,3,,,,,3,,,,,,,,,,,,,,3145,KHW,,,,,,,,,,,,,,,,,,,,,,,,
9,"BLUE DART EXPRESS LTD.,",31-12-2022,3898,AMIT  JAGDALE,26,4,,,,,,,,,,,,,,,,,,,,3552,TWH,,,,,,,,,,,,,,,,,,,,,,,,
9,"BLUE DART EXPRESS LTD.,",31-12-2022,4078,AMIT A SAWALE,26,4,,,,,,,,,,,,,,,,,,,,3732,TWH,,,,,,,,,,,,,,,,,,,,,,,,
9,"BLUE DART EXPRESS LTD.,",31-12-2022,4293,AMOL  ANNAPPA  TELVEKAR,26,4,,,,,,,,,,,,,,,,,,,,,BRN,,,,,,,,,,,,,,,,,,,,,,,,
9,"BLUE DART EXPRESS LTD.,",31-12-2022,4237,AMOL  SANJAY  JADHAV,26,4,,,,,,,,,,,,,,,,,,,,,HDP,,,,,,,,,,,,,,,,,,,,,,,,
9,"BLUE DART EXPRESS LTD.,",31-12-2022,3796,AMOL KAILAS JANGADE,21,4,,5,,,,,,,,,,,,,,,,,,3450,EDP,,,,,,,,,,,,,,,,,,,,,,,,
9,"BLUE DART EXPRESS LTD.,",31-12-2022,2836,AMOL RAJENDRA KADAM,26,4,,,,,,,,,,,,,,,,,,,,2490,SATARA,,,,,,,,,,,,,,,,,,,,,,,,
9,"BLUE DART EXPRESS LTD.,",31-12-2022,3523,ANANDA RUKMAJI WAGHMARE,25,4,1,,,,,1,,,,,,,,,,,,,,3177,PUB/OB,,,,,,,,,,,,,,,,,,,,,,,,
9,"BLUE DART EXPRESS LTD.,",31-12-2022,4308,ANIL  MADHUKAR CHAVAN,26,4,,,,,,,,,,,,,,,,,,,,,SAA,,,,,,,,,,,,,,,,,,,,,,,,
9,"BLUE DART EXPRESS LTD.,",31-12-2022,3000,ANIL GORAKHNATH KEMSE,26,4,,,,,,,,,,,,,,,,,,,,2654,EDP,,,,,,,,,,,,,,,,,,,,,,,,
9,"BLUE DART EXPRESS LTD.,",31-12-2022,3649,ANIL MOHAN DUMBARE,26,4,,,,,,,,,,,,,,,,,,,,3303,SKODA-VW CHAKAN,,,,,,,,,,,,,,,,,,,,,,,,
9,"BLUE DART EXPRESS LTD.,",31-12-2022,4175,ARJUN  UMAP,24,4,,2,,,,,,,,,,,,,,,,,,3829,TALEGAON DABHADE,,,,,,,,,,,,,,,,,,,,,,,,
9,"BLUE DART EXPRESS LTD.,",31-12-2022,3793,ASHISH SINGH MAHINDRAPAL BHATTI,22,4,4,,,,,,,,,,,,,,,,,,,3447,SANGVI,,,,,,,,,,,,,,,,,,,,,,,,
9,"BLUE DART EXPRESS LTD.,",31-12-2022,3328,ASHOK VAIJINATH LONDHE,26,4,,,,,,,,,,,,,,,,,,,,2982,LORREL CHAKAN,,,,,,,,,,,,,,,,,,,,,,,,
9,"BLUE DART EXPRESS LTD.,",31-12-2022,4309,ATUL  DILIP  DHONDAWAD,24,4,,2,,,,,,,,,,,,,,,,,,,BRN,,,,,,,,,,,,,,,,,,,,,,,,
9,"BLUE DART EXPRESS LTD.,",31-12-2022,4178,AVINASH DATTATRAY CHANDANE,25,4,1,,,,,,,,,,,,,,,,,,,3832,MARKETYARD,,,,,,,,,,,,,,,,,,,,,,,,
9,"BLUE DART EXPRESS LTD.,",31-12-2022,4186,BAPU DADA KHUDE,,,,,,,,,,,,,,,,,,,,,,,HNW,,,,,,,,,,,,,,,,,,,,,,,,
9,"BLUE DART EXPRESS LTD.,",31-12-2022,2887,BAPU KALYAN THORAT,26,4,,,,,,,,,,,,,,,,,,,,2541,PUB/OB,,,,,,,,,,,,,,,,,,,,,,,,
9,"BLUE DART EXPRESS LTD.,",31-12-2022,2654,BHARAT CHANDRAKANT SHINDE,25,4,,1,,,,,,,,,,,,,,,,,,2308,LORREL CHAKAN,,,,,,,,,,,,,,,,,,,,,,,,
9,"BLUE DART EXPRESS LTD.,",31-12-2022,2686,BHARAT RAGHU KOTWAL,26,4,,,,,,,,,,,,,,,,,,,,2340,LORREL CHAKAN,,,,,,,,,,,,,,,,,,,,,,,,
9,"BLUE DART EXPRESS LTD.,",31-12-2022,4131,BHARATI A PANDIT,26,4,,,,,,,,,,,,,,,,,,,,3785,HDP,,,,,,,,,,,,,,,,,,,,,,,,
9,"BLUE DART EXPRESS LTD.,",31-12-2022,3893,DAMINI KISAN KAD,,,,,,,,,,,,,,,,,,,,,,3547,CHAKAN,,,,,,,,,,,,,,,,,,,,,,,,
9,"BLUE DART EXPRESS LTD.,",31-12-2022,4179,DEEPAK  KADAM,22,4,,4,,,,,,,,,,,,,,,,,,3833,TINGARE NAGAR,,,,,,,,,,,,,,,,,,,,,,,,
9,"BLUE DART EXPRESS LTD.,",31-12-2022,4005,DEEPAK  PAWAR,26,4,,,,,,,,,,,,,,,,,,,,3659,LORREL CHAKAN,,,,,,,,,,,,,,,,,,,,,,,,
9,"BLUE DART EXPRESS LTD.,",31-12-2022,4028,DEEPAK GANPAT AGALE,21,4,5,,,,,,,,,,,,,,,,,,,3682,PUB/OB,,,,,,,,,,,,,,,,,,,,,,,,
9,"BLUE DART EXPRESS LTD.,",31-12-2022,3354,DEEPAK MANBHADUR CHAUDHARY,26,4,,,,,,,,,,,,,,,,,,,,3008,TWH,,,,,,,,,,,,,,,,,,,,,,,,
9,"BLUE DART EXPRESS LTD.,",31-12-2022,3002,DEEPAK SUBHASH KARPE,23,4,3,,,,,,,,,,,,,,,,,,,2656,SATARA,,,,,,,,,,,,,,,,,,,,,,,,
9,"BLUE DART EXPRESS LTD.,",31-12-2022,4184,DEVDAS VITTHALRAO MANE,,,,,,,,,,,,,,,,,,,,,,,HDP,,,,,,,,,,,,,,,,,,,,,,,,
9,"BLUE DART EXPRESS LTD.,",31-12-2022,3247,GAGANDEEPSINGH MALKITSINGH BANGAD,,,,,,,,,,,,,,,,,,,,,,2901,VIMANNAGAR,,,,,,,,,,,,,,,,,,,,,,,,
9,"BLUE DART EXPRESS LTD.,",31-12-2022,4162,GANESH  KENDALE,22,4,1,,,,,,,,,,,,,,,,,,,3816,PUB/OB,,,,,,,,,,,,,,,,,,,,,,,,
9,"BLUE DART EXPRESS LTD.,",31-12-2022,2525,GANESH ANNA CHOBHE,25,4,,1,,,,,,,,,,,,,,,,,,2179,VIMANNAGAR,,,,,,,,,,,,,,,,,,,,,,,,
9,"BLUE DART EXPRESS LTD.,",31-12-2022,2476,GANESH CHANDRAKANT TILEKAR,24,4,,2,,,,,,,,,,,,,,,,,,2130,SATARA,,,,,,,,,,,,,,,,,,,,,,,,
9,"BLUE DART EXPRESS LTD.,",31-12-2022,4310,GANESH SANJAY KATE,5,,25,,,,,,,,,,,,,,,,,,,,BRN,,,,,,,,,,,,,,,,,,,,,,,,
9,"BLUE DART EXPRESS LTD.,",31-12-2022,3836,GANESH TANAJI GORE,26,4,,,,,,,,,,,,,,,,,,,,3490,SAA,,,,,,,,,,,,,,,,,,,,,,,,
9,"BLUE DART EXPRESS LTD.,",31-12-2022,4021,GAURAV  CHAUDHARI,22,4,4,,,,,,,,,,,,,,,,,,,3675,TWH,,,,,,,,,,,,,,,,,,,,,,,,
9,"BLUE DART EXPRESS LTD.,",31-12-2022,4160,GOKUL  PAWAR,26,4,,,,,,,,,,,,,,,,,,,,3814,TWH,,,,,,,,,,,,,,,,,,,,,,,,
9,"BLUE DART EXPRESS LTD.,",31-12-2022,3089,GOKUL NARAYAN BATHE,26,4,,,,,,,,,,,,,,,,,,,,2743,SINHGAD ROAD,,,,,,,,,,,,,,,,,,,,,,,,
9,"BLUE DART EXPRESS LTD.,",31-12-2022,4173,GORAKSHNATH  SATHE,25,4,1,,,,,,,,,,,,,,,,,,,3827,BANER,,,,,,,,,,,,,,,,,,,,,,,,
9,"BLUE DART EXPRESS LTD.,",31-12-2022,4116,GOSHPAK A SAYYAD,,,,,,,,,,,,,,,,,,,,,,3770,HDP,,,,,,,,,,,,,,,,,,,,,,,,
9,"BLUE DART EXPRESS LTD.,",31-12-2022,3897,HEMANT  MORE,,,,,,,,,,,,,,,,,,,,,,3551,TWH,,,,,,,,,,,,,,,,,,,,,,,,
9,"BLUE DART EXPRESS LTD.,",31-12-2022,2448,HITESH LALASO KHARADE,26,4,,,,,,,,,,,,,,,,,,,,2102,SATARA,,,,,,,,,,,,,,,,,,,,,,,,
9,"BLUE DART EXPRESS LTD.,",31-12-2022,3097,KALPESH BHIKU CHAVAN,26,4,,,,,,,,,,,,,,,,,,,,2751,PIMPRI,,,,,,,,,,,,,,,,,,,,,,,,
9,"BLUE DART EXPRESS LTD.,",31-12-2022,3906,KARAN  KUCHEKAR,26,4,,,,,,,,,,,,,,,,,,,,3560,SANGVI,,,,,,,,,,,,,,,,,,,,,,,,
9,"BLUE DART EXPRESS LTD.,",31-12-2022,4238,KARAN  PRAKASH  KAVADE,25,4,1,,,,,,,,,,,,,,,,,,,,HDP,,,,,,,,,,,,,,,,,,,,,,,,
9,"BLUE DART EXPRESS LTD.,",31-12-2022,4302,KARAN  RAMESH CHAVAN,20,3,7,,,,,,,,,,,,,,,,,,,,BRN,,,,,,,,,,,,,,,,,,,,,,,,
9,"BLUE DART EXPRESS LTD.,",31-12-2022,3407,KETAN MANOHAR GAIKWAD,25,4,,1,,,,,,,,,,,,,,,,,,3061,LORREL CHAKAN,,,,,,,,,,,,,,,,,,,,,,,,
9,"BLUE DART EXPRESS LTD.,",31-12-2022,1254,KISAN BABAN SHELAR,26,4,,,,,,,,,,,,,,,,,,,,908,APEX/SFC,,,,,,,,,,,,,,,,,,,,,,,,
9,"BLUE DART EXPRESS LTD.,",31-12-2022,2812,KISHOR BABAN GAWADE,25,4,,1,,,,,,,,,,,,,,,,,,2466,PUB/HUB,,,,,,,,,,,,,,,,,,,,,,,,
9,"BLUE DART EXPRESS LTD.,",31-12-2022,3227,KISHOR RAJU CHOUGULE,23,4,3,,,,,3,,,,,,,,,,,,,,2881,PUB/OB,,,,,,,,,,,,,,,,,,,,,,,,
9,"BLUE DART EXPRESS LTD.,",31-12-2022,4241,KRISHNA  ASHOK GAIKWAD,6,2,22,,,,,,,,,,,,,,,,,,,,HNW,,,,,,,,,,,,,,,,,,,,,,,,
9,"BLUE DART EXPRESS LTD.,",31-12-2022,4174,KRISHNA ASHOK SURYAWANSHI,20,4,,6,,,,,,,,,,,,,,,,,,3828,HADAPSAR,,,,,,,,,,,,,,,,,,,,,,,,
9,"BLUE DART EXPRESS LTD.,",31-12-2022,4197,KUMAR  RAJENDRA  YADAV,9,1,20,,,,,,,,,,,,,,,,,,,,BRN,,,,,,,,,,,,,,,,,,,,,,,,
9,"BLUE DART EXPRESS LTD.,",31-12-2022,4158,KUNAL  PILLAY,25,4,,1,,,,,,,,,,,,,,,,,,3812,BUND GARDEN,,,,,,,,,,,,,,,,,,,,,,,,
9,"BLUE DART EXPRESS LTD.,",31-12-2022,3115,LAXMAN DHULAPPA HARLAYYA,26,4,,,,,,,,,,,,,,,,,,,,2769,PUB/OB,,,,,,,,,,,,,,,,,,,,,,,,
9,"BLUE DART EXPRESS LTD.,",31-12-2022,2710,MACHINDRA VITTHAL WEHALE,25,4,,1,,,,,,,,,,,,,,,,,,2364,LORREL CHAKAN,,,,,,,,,,,,,,,,,,,,,,,,
9,"BLUE DART EXPRESS LTD.,",31-12-2022,4314,MAHADEV  NANA SHINGATE,26,4,,,,,,,,,,,,,,,,,,,,,BRN,,,,,,,,,,,,,,,,,,,,,,,,
9,"BLUE DART EXPRESS LTD.,",31-12-2022,4058,MANOJ DNYANESHWAR SHINDE,26,4,,,,,,,,,,,,,,,,,,,,3712,TWH,,,,,,,,,,,,,,,,,,,,,,,,
9,"BLUE DART EXPRESS LTD.,",31-12-2022,3249,MARUTI BABULAL MUNGASE,25,4,,1,,,,,,,,,,,,,,,,,,2903,SKODA-VW CHAKAN,,,,,,,,,,,,,,,,,,,,,,,,
9,"BLUE DART EXPRESS LTD.,",31-12-2022,3666,MATRUSHWAR BASAVRAJ DODMANI,23,4,,3,,,,,,,,,,,,,,,,,,3320,VIMANNAGAR,,,,,,,,,,,,,,,,,,,,,,,,
9,"BLUE DART EXPRESS LTD.,",31-12-2022,4060,MAYUR  GAIKWAD,25,4,,1,,,,,,,,,,,,,,,,,,3714,VIMANNAGAR,,,,,,,,,,,,,,,,,,,,,,,,
9,"BLUE DART EXPRESS LTD.,",31-12-2022,3318,MUKINDA DATTU PATOLE,25,4,,1,,,,,,,,,,,,,,,,,,2972,VEC,,,,,,,,,,,,,,,,,,,,,,,,
9,"BLUE DART EXPRESS LTD.,",31-12-2022,3060,NAVNATH ANANDA DHORE,26,4,,,,,,,,,,,,,,,,,,,,2714,SCHINDLER,,,,,,,,,,,,,,,,,,,,,,,,
9,"BLUE DART EXPRESS LTD.,",31-12-2022,2833,NAVNATH BAJRANG KURELEKAR,26,4,,,,,,,,,,,,,,,,,,,,2487,SATARA,,,,,,,,,,,,,,,,,,,,,,,,
9,"BLUE DART EXPRESS LTD.,",31-12-2022,2810,NILESH  JAGDALE,23,4,1,2,,,,1,,,,,,,,,,,,,,2464,KHW,,,,,,,,,,,,,,,,,,,,,,,,
9,"BLUE DART EXPRESS LTD.,",31-12-2022,1770,NILESH KALURAM DUMBARE,26,4,,,,,,,,,,,,,,,,,,,,1424,LORREL CHAKAN,,,,,,,,,,,,,,,,,,,,,,,,
9,"BLUE DART EXPRESS LTD.,",31-12-2022,3121,NILESH NARAYAN KAJALE,25,4,,1,,,,,,,,,,,,,,,,,,2775,GENRAL MOTORS,,,,,,,,,,,,,,,,,,,,,,,,
9,"BLUE DART EXPRESS LTD.,",31-12-2022,4294,NITESH  NISHANT  MANDLIK,25,4,,1,,,,,,,,,,,,,,,,,,,KHW,,,,,,,,,,,,,,,,,,,,,,,,
9,"BLUE DART EXPRESS LTD.,",31-12-2022,3505,NITESH DIPAK AWAGHADE,18,4,,8,,,,,,,,,,,,,,,,,,3159,SATARA,,,,,,,,,,,,,,,,,,,,,,,,
9,"BLUE DART EXPRESS LTD.,",31-12-2022,4161,NITIN  KADAM,24,4,,2,,,,,,,,,,,,,,,,,,3815,PUB/OB,,,,,,,,,,,,,,,,,,,,,,,,
9,"BLUE DART EXPRESS LTD.,",31-12-2022,3661,OMKAR RAJU THORAVE,,,,,,,,,,,,,,,,,,,,,,3315,TWH,,,,,,,,,,,,,,,,,,,,,,,,
9,"BLUE DART EXPRESS LTD.,",31-12-2022,4311,OMKAR SAMPAT  INGWALE,23,4,,3,,,,,,,,,,,,,,,,,,,BRN,,,,,,,,,,,,,,,,,,,,,,,,
9,"BLUE DART EXPRESS LTD.,",31-12-2022,4304,OMKAR SATISH KAKADE,26,4,,,,,,,,,,,,,,,,,,,,,BRN,,,,,,,,,,,,,,,,,,,,,,,,
9,"BLUE DART EXPRESS LTD.,",31-12-2022,4299,ONKAR  RAJENDRA  POWAR,26,4,,,,,,,,,,,,,,,,,,,,,BRN,,,,,,,,,,,,,,,,,,,,,,,,
9,"BLUE DART EXPRESS LTD.,",31-12-2022,4061,PANKAJ SURYAKANT NANGARE,22,4,4,,,,,,,,,,,,,,,,,,,3715,TWH,,,,,,,,,,,,,,,,,,,,,,,,
9,"BLUE DART EXPRESS LTD.,",31-12-2022,4050,PIRSAB SALIM SHAIKH,26,4,,,,,,,,,,,,,,,,,,,,3704,IT SAGAR,,,,,,,,,,,,,,,,,,,,,,,,
9,"BLUE DART EXPRESS LTD.,",31-12-2022,4134,PRABHAKAR  SAREGAON,26,4,,,,,,,,,,,,,,,,,,,,3788,KHP,,,,,,,,,,,,,,,,,,,,,,,,
9,"BLUE DART EXPRESS LTD.,",31-12-2022,3368,PRADIP DHONDIRAM PATIL,25,4,,1,,,,,,,,,,,,,,,,,,3022,KHW,,,,,,,,,,,,,,,,,,,,,,,,
9,"BLUE DART EXPRESS LTD.,",31-12-2022,3869,PRADIP TANAJI YEWALE,23,4,1,2,,,,,,,,,,,,,,,,,,3523,GENRAL MOTORS,,,,,,,,,,,,,,,,,,,,,,,,
9,"BLUE DART EXPRESS LTD.,",31-12-2022,2723,PRAKASH SHIVAJI GAIKWAD,25,4,,1,,,,,,,,,,,,,,,,,,2377,LORREL CHAKAN,,,,,,,,,,,,,,,,,,,,,,,,
9,"BLUE DART EXPRESS LTD.,",31-12-2022,4059,PRASANNA NAVNATH SHINDE,26,4,,,,,,,,,,,,,,,,,,,,3713,TWH,,,,,,,,,,,,,,,,,,,,,,,,
9,"BLUE DART EXPRESS LTD.,",31-12-2022,4295,PRASHANT  PRALHAD  PATIL ,25,4,,1,,,,,,,,,,,,,,,,,,,BRN,,,,,,,,,,,,,,,,,,,,,,,,
9,"BLUE DART EXPRESS LTD.,",31-12-2022,2830,PRASHANT YUVRAJ SALUNKHE,24,4,2,,,,,2,,,,,,,,,,,,,,2484,KHW,,,,,,,,,,,,,,,,,,,,,,,,
9,"BLUE DART EXPRESS LTD.,",31-12-2022,4145,PRATIK  KATWE,,,,,,,,,,,,,,,,,,,,,,3799,MARKETYARD,,,,,,,,,,,,,,,,,,,,,,,,
9,"BLUE DART EXPRESS LTD.,",31-12-2022,4183,PRATIK MILIND ANGIR,21,4,5,,,,,,,,,,,,,,,,,,,,SGB,,,,,,,,,,,,,,,,,,,,,,,,
9,"BLUE DART EXPRESS LTD.,",31-12-2022,3457,PREMKUMAR ANIL PAWAR,24,4,2,,,,,2,,,,,,,,,,,,,,3111,PUB/OB,,,,,,,,,,,,,,,,,,,,,,,,
9,"BLUE DART EXPRESS LTD.,",31-12-2022,4316,PRIYANKA DEEPAK KUMBHAR,26,4,,,,,,,,,,,,,,,,,,,,,BRN,,,,,,,,,,,,,,,,,,,,,,,,
9,"BLUE DART EXPRESS LTD.,",31-12-2022,3902,PUNAJI HONAJI SHINGADE,26,4,,,,,,,,,,,,,,,,,,,,3556,LORREL CHAKAN,,,,,,,,,,,,,,,,,,,,,,,,
9,"BLUE DART EXPRESS LTD.,",31-12-2022,2703,RAHUL DHONDIBHAU THOMBARE,26,4,,,,,,,,,,,,,,,,,,,,2357,LORREL CHAKAN,,,,,,,,,,,,,,,,,,,,,,,,
9,"BLUE DART EXPRESS LTD.,",31-12-2022,4015,RAHUL KAILASH DHAWALE,24,4,,2,,,,,,,,,,,,,,,,,,3669,TWH,,,,,,,,,,,,,,,,,,,,,,,,
9,"BLUE DART EXPRESS LTD.,",31-12-2022,4132,RAJESH  SHIVALE,26,4,,,,,,,,,,,,,,,,,,,,3786,TALEGAON DABHADE,,,,,,,,,,,,,,,,,,,,,,,,
9,"BLUE DART EXPRESS LTD.,",31-12-2022,4296,RAKESH BHIVAJI MAGDUM,25,4,1,,,,,1,,,,,,,,,,,,,,,BRN,,,,,,,,,,,,,,,,,,,,,,,,
9,"BLUE DART EXPRESS LTD.,",31-12-2022,3381,RAKESH SHARAD KAMBLE,26,4,,,,,,,,,,,,,,,,,,,,3035,HADAPSAR,,,,,,,,,,,,,,,,,,,,,,,,
9,"BLUE DART EXPRESS LTD.,",31-12-2022,3245,RAMDAS VILAS RALE,26,4,,,,,,,,,,,,,,,,,,,,2899,LORREL CHAKAN,,,,,,,,,,,,,,,,,,,,,,,,
9,"BLUE DART EXPRESS LTD.,",31-12-2022,4312,RAMESH BABURAO BANSODE,25,4,1,,,,,,,,,,,,,,,,,,,,BRN,,,,,,,,,,,,,,,,,,,,,,,,
9,"BLUE DART EXPRESS LTD.,",31-12-2022,3782,RAVI BHAUSAHWB JADHAV,22,4,3,1,,,,,,,,,,,,,,,,,,3436,GENRAL MOTORS,,,,,,,,,,,,,,,,,,,,,,,,
9,"BLUE DART EXPRESS LTD.,",31-12-2022,3429,RAVI NATHU SAPRE,24,4,1,1,,,,1,,,,,,,,,,,,,,3083,PUB/HUB,,,,,,,,,,,,,,,,,,,,,,,,
9,"BLUE DART EXPRESS LTD.,",31-12-2022,4002,RAVIKIRAN  PATIL,26,4,,,,,,,,,,,,,,,,,,,,3656,KHW,,,,,,,,,,,,,,,,,,,,,,,,
9,"BLUE DART EXPRESS LTD.,",31-12-2022,2738,RAVINDRA KHEMA DHARADE,26,4,,,,,,,,,,,,,,,,,,,,2392,LORREL CHAKAN,,,,,,,,,,,,,,,,,,,,,,,,
9,"BLUE DART EXPRESS LTD.,",31-12-2022,3905,RITESH  GAJARMAL,21,3,6,,,,,,,,,,,,,,,,,,,3559,SANGVI,,,,,,,,,,,,,,,,,,,,,,,,
9,"BLUE DART EXPRESS LTD.,",31-12-2022,4185,ROHIT MANGAL WAGHELA,,,,,,,,,,,,,,,,,,,,,,,HDP,,,,,,,,,,,,,,,,,,,,,,,,
9,"BLUE DART EXPRESS LTD.,",31-12-2022,3924,RUSHIKESH  AGATE,26,4,,,,,,,,,,,,,,,,,,,,3578,TWH,,,,,,,,,,,,,,,,,,,,,,,,
9,"BLUE DART EXPRESS LTD.,",31-12-2022,3986,RUSHIKESH  SHENDGE,26,4,,,,,,,,,,,,,,,,,,,,3640,GENRAL MOTORS,,,,,,,,,,,,,,,,,,,,,,,,
9,"BLUE DART EXPRESS LTD.,",31-12-2022,3372,SACHIN SUBHASH BOIWAR,22,4,3,1,,,,,,,,,,,,,,,,,,3026,PUB/HUB,,,,,,,,,,,,,,,,,,,,,,,,
9,"BLUE DART EXPRESS LTD.,",31-12-2022,3631,SAGAR MADHUKAR THORAT,6,1,23,,,,,,,,,,,,,,,,,,,3285,VEC,,,,,,,,,,,,,,,,,,,,,,,,
9,"BLUE DART EXPRESS LTD.,",31-12-2022,3416,SAGAR SANJAY KANASE,26,4,,,,,,,,,,,,,,,,,,,,3070,SATARA,,,,,,,,,,,,,,,,,,,,,,,,
9,"BLUE DART EXPRESS LTD.,",31-12-2022,3308,SAGAR SANJAY MAHAJAN,22,4,4,,,,,,,,,,,,,,,,,,,2962,PUB/OB,,,,,,,,,,,,,,,,,,,,,,,,
9,"BLUE DART EXPRESS LTD.,",31-12-2022,3846,SAGAR SANJAY PATIL,19,4,3,4,,,,3,,,,,,,,,,,,,,3500,KHP,,,,,,,,,,,,,,,,,,,,,,,,
9,"BLUE DART EXPRESS LTD.,",31-12-2022,3524,SAHIL GANGARAM ANKUSH,24,4,1,1,,,,1,,,,,,,,,,,,,,3178,PUB/OB,,,,,,,,,,,,,,,,,,,,,,,,
9,"BLUE DART EXPRESS LTD.,",31-12-2022,4034,SAHIL VINOD EKUNKAR,,,,,,,,,,,,,,,,,,,,,,3688,PWH,,,,,,,,,,,,,,,,,,,,,,,,
9,"BLUE DART EXPRESS LTD.,",31-12-2022,4159,SAMIR JAMIL SHAIKH,25,4,1,,,,,,,,,,,,,,,,,,,3813,MARKETYARD,,,,,,,,,,,,,,,,,,,,,,,,
9,"BLUE DART EXPRESS LTD.,",31-12-2022,2708,SAMIT LALASO PHADATARE,26,4,,,,,,,,,,,,,,,,,,,,2362,SATARA,,,,,,,,,,,,,,,,,,,,,,,,
9,"BLUE DART EXPRESS LTD.,",31-12-2022,4300,SAMPAT  MOHAN  KAMBLE,26,4,,,,,,,,,,,,,,,,,,,,,BRN,,,,,,,,,,,,,,,,,,,,,,,,
9,"BLUE DART EXPRESS LTD.,",31-12-2022,3909,SANDEEP  RAIKAR,26,4,,,,,,,,,,,,,,,,,,,,3563,SANGVI,,,,,,,,,,,,,,,,,,,,,,,,
9,"BLUE DART EXPRESS LTD.,",31-12-2022,3932,SANDEEP DATTATRAYA KUDALE,25,4,,,,,,,,,,,,,,,,,,,,3586,TWH,,,,,,,,,,,,,,,,,,,,,,,,
9,"BLUE DART EXPRESS LTD.,",31-12-2022,2049,SANDEEP GANESH CHINCHANE,26,4,,,,,,,,,,,,,,,,,,,,1703,BUND GARDEN,,,,,,,,,,,,,,,,,,,,,,,,
9,"BLUE DART EXPRESS LTD.,",31-12-2022,4242,SANDESH  SANJAY PINATE,23,4,3,,,,,,,,,,,,,,,,,,,,HNW,,,,,,,,,,,,,,,,,,,,,,,,
9,"BLUE DART EXPRESS LTD.,",31-12-2022,4013,SANDESH  UDHANE,24,4,,2,,,,,,,,,,,,,,,,,,3667,TWH,,,,,,,,,,,,,,,,,,,,,,,,
9,"BLUE DART EXPRESS LTD.,",31-12-2022,4080,SANDIP VASANT SHINDE,15,2,13,,,,,,,,,,,,,,,,,,,3734,TWH,,,,,,,,,,,,,,,,,,,,,,,,
9,"BLUE DART EXPRESS LTD.,",31-12-2022,4303,SANJAY  KUNDLIK  RAJGE,18,4,8,,,,,,,,,,,,,,,,,,,,PUB,,,,,,,,,,,,,,,,,,,,,,,,
9,"BLUE DART EXPRESS LTD.,",31-12-2022,3813,SANJAY CHANDRAKANT KADAM,,,,,,,,,,,,,,,,,,,,,,3467,EDP,,,,,,,,,,,,,,,,,,,,,,,,
9,"BLUE DART EXPRESS LTD.,",31-12-2022,3527,SANTONI PRAKASH JAGTAP,24,4,2,,,,,,,,,,,,,,,,,,,3181,PUB/HUB,,,,,,,,,,,,,,,,,,,,,,,,
9,"BLUE DART EXPRESS LTD.,",31-12-2022,4143,SANTOSH B PATIL,,,,,,,,,,,,,,,,,,,,,,3797,BUND GARDEN,,,,,,,,,,,,,,,,,,,,,,,,
9,"BLUE DART EXPRESS LTD.,",31-12-2022,2226,SANTOSH KAMLAKAR BHISE,26,4,,,,,,,,,,,,,,,,,,,,1880,SATARA,,,,,,,,,,,,,,,,,,,,,,,,
9,"BLUE DART EXPRESS LTD.,",31-12-2022,4168,SATYJEET  DABHADE,24,4,2,,,,,2,,,,,,,,,,,,,,3822,KHW,,,,,,,,,,,,,,,,,,,,,,,,
9,"BLUE DART EXPRESS LTD.,",31-12-2022,4236,SAYALI  MURALIDHAR  ASAWALE,25,4,1,,,,,,,,,,,,,,,,,,,,CAH,,,,,,,,,,,,,,,,,,,,,,,,
9,"BLUE DART EXPRESS LTD.,",31-12-2022,4187,SHEKHAR BHASKAR  ANDHALE,24,4,,2,,,,,,,,,,,,,,,,,,,TWH,,,,,,,,,,,,,,,,,,,,,,,,
9,"BLUE DART EXPRESS LTD.,",31-12-2022,3978,SHUBHAM  JORI,,,,,,,,,,,,,,,,,,,,,,3632,JM ROAD,,,,,,,,,,,,,,,,,,,,,,,,
9,"BLUE DART EXPRESS LTD.,",31-12-2022,4305,SHUBHAM  VINOD LONARE,15,3,12,,,,,,,,,,,,,,,,,,,,PBT,,,,,,,,,,,,,,,,,,,,,,,,
9,"BLUE DART EXPRESS LTD.,",31-12-2022,4176,SHUBHAM DNYANESHWAR CHANDANE,25,4,1,,,,,,,,,,,,,,,,,,,3830,MARKETYARD,,,,,,,,,,,,,,,,,,,,,,,,
9,"BLUE DART EXPRESS LTD.,",31-12-2022,4239,SHUBHAM RAJESH VAKUDE,26,4,,,,,,,,,,,,,,,,,,,,,HDP,,,,,,,,,,,,,,,,,,,,,,,,
9,"BLUE DART EXPRESS LTD.,",31-12-2022,3726,SHUBHAM VIJAY GAIKWAD,,,,,,,,,,,,,,,,,,,,,,3380,TWH,,,,,,,,,,,,,,,,,,,,,,,,
9,"BLUE DART EXPRESS LTD.,",31-12-2022,4313,SIBENDRANATH  JAGDISH  MAJHI,26,4,,,,,,,,,,,,,,,,,,,,,BRN,,,,,,,,,,,,,,,,,,,,,,,,
9,"BLUE DART EXPRESS LTD.,",31-12-2022,3737,SIDDHESHWAR BALIRAM THORAT,21,4,5,,,,,,,,,,,,,,,,,,,3391,TWH,,,,,,,,,,,,,,,,,,,,,,,,
9,"BLUE DART EXPRESS LTD.,",31-12-2022,4182,SOHEB - PATHAN,,,,,,,,,,,,,,,,,,,,,,,BRG,,,,,,,,,,,,,,,,,,,,,,,,
9,"BLUE DART EXPRESS LTD.,",31-12-2022,3896,SOMNATH  ANKUSHE,,,,,,,,,,,,,,,,,,,,,,3550,TWH,,,,,,,,,,,,,,,,,,,,,,,,
9,"BLUE DART EXPRESS LTD.,",31-12-2022,4057,SOMNATH DEVIDAS KULKARNI,26,4,,,,,,,,,,,,,,,,,,,,3711,PWH,,,,,,,,,,,,,,,,,,,,,,,,
9,"BLUE DART EXPRESS LTD.,",31-12-2022,4043,SRINIVAS VILAS PAWAR,,,,,,,,,,,,,,,,,,,,,,3697,KHW,,,,,,,,,,,,,,,,,,,,,,,,
9,"BLUE DART EXPRESS LTD.,",31-12-2022,2616,SUDHIR GOVIND NAIKARE,25,4,,1,,,,,,,,,,,,,,,,,,2270,SKODA-VW CHAKAN,,,,,,,,,,,,,,,,,,,,,,,,
9,"BLUE DART EXPRESS LTD.,",31-12-2022,3621,SUHAS SAKHARAM KADAM,26,4,,,,,,,,,,,,,,,,,,,,3275,PUB/OB,,,,,,,,,,,,,,,,,,,,,,,,
9,"BLUE DART EXPRESS LTD.,",31-12-2022,4199,SURAJ  EKNATH  PATIL,,,,,,,,,,,,,,,,,,,,,,,BRN,,,,,,,,,,,,,,,,,,,,,,,,
9,"BLUE DART EXPRESS LTD.,",31-12-2022,3969,SURAJ  PAWAR,26,4,,,,,,,,,,,,,,,,,,,,3623,SATARA,,,,,,,,,,,,,,,,,,,,,,,,
9,"BLUE DART EXPRESS LTD.,",31-12-2022,4306,SURAJ VITTHAL DHUMAL,21,3,6,,,,,,,,,,,,,,,,,,,,PBT,,,,,,,,,,,,,,,,,,,,,,,,
9,"BLUE DART EXPRESS LTD.,",31-12-2022,4307,SWAPNIL  SANTOSH  ATKARI,23,4,,3,,,,,,,,,,,,,,,,,,,PBT,,,,,,,,,,,,,,,,,,,,,,,,
9,"BLUE DART EXPRESS LTD.,",31-12-2022,4315,TEJAS JAYVANT BORKAR,26,4,,,,,,,,,,,,,,,,,,,,,BRN,,,,,,,,,,,,,,,,,,,,,,,,
9,"BLUE DART EXPRESS LTD.,",31-12-2022,2977,TUKARAM RAGHUNATH MEMANE,26,4,,,,,,,,,,,,,,,,,,,,2631,LORREL CHAKAN,,,,,,,,,,,,,,,,,,,,,,,,
9,"BLUE DART EXPRESS LTD.,",31-12-2022,4235,TUSHAR RAJARAM RANAWARE,26,4,,,,,,,,,,,,,,,,,,,,,BRN,,,,,,,,,,,,,,,,,,,,,,,,
9,"BLUE DART EXPRESS LTD.,",31-12-2022,4297,UMESH HINDURAO GADAVE,25,4,,1,,,,,,,,,,,,,,,,,,,BRN,,,,,,,,,,,,,,,,,,,,,,,,
9,"BLUE DART EXPRESS LTD.,",31-12-2022,4051,VAIBHAV  MADVI,24,4,,2,,,,,,,,,,,,,,,,,,3705,IT SAGAR,,,,,,,,,,,,,,,,,,,,,,,,
9,"BLUE DART EXPRESS LTD.,",31-12-2022,4198,VAIBHAV  VIJAY  KODOLKAR,25,4,1,,,,,1,,,,,,,,,,,,,,,BRN,,,,,,,,,,,,,,,,,,,,,,,,
9,"BLUE DART EXPRESS LTD.,",31-12-2022,3965,VIJAY  JADHAV,,,,,,,,,,,,,,,,,,,,,,3619,TWH,,,,,,,,,,,,,,,,,,,,,,,,
9,"BLUE DART EXPRESS LTD.,",31-12-2022,4146,VIJAY MAHADEV PAWAR,25,4,,1,,,,,,,,,,,,,,,,,,3800,TWH,,,,,,,,,,,,,,,,,,,,,,,,
9,"BLUE DART EXPRESS LTD.,",31-12-2022,4033,VIJAY SARJERAO PATIL,26,4,,,,,,,,,,,,,,,,,,,,3687,TWH,,,,,,,,,,,,,,,,,,,,,,,,
9,"BLUE DART EXPRESS LTD.,",31-12-2022,3670,VIKAS RAJU BHOR,25,4,,1,,,,,,,,,,,,,,,,,,3324,LORREL CHAKAN,,,,,,,,,,,,,,,,,,,,,,,,
9,"BLUE DART EXPRESS LTD.,",31-12-2022,4188,VIKAS VAMAN BHALERAO,26,4,,,,,,,,,,,,,,,,,,,,,SGB,,,,,,,,,,,,,,,,,,,,,,,,
9,"BLUE DART EXPRESS LTD.,",31-12-2022,4180,VIKRAM ANIL KAMBLE,,,,,,,,,,,,,,,,,,,,,,3834,SATARA,,,,,,,,,,,,,,,,,,,,,,,,
9,"BLUE DART EXPRESS LTD.,",31-12-2022,4318,VINAY NAVNATH JADHAV,26,4,,,,,,,,,,,,,,,,,,,,,HNW,,,,,,,,,,,,,,,,,,,,,,,,
9,"BLUE DART EXPRESS LTD.,",31-12-2022,3332,VINAY YASHWANT RAJHUNS,24,4,1,1,,,,1,,,,,,,,,,,,,,2986,KHW,,,,,,,,,,,,,,,,,,,,,,,,
9,"BLUE DART EXPRESS LTD.,",31-12-2022,3630,VINOD HARI PAWAR,26,4,,,,,,,,,,,,,,,,,,,,3284,PIMPRI,,,,,,,,,,,,,,,,,,,,,,,,
9,"BLUE DART EXPRESS LTD.,",31-12-2022,4181,VISHAL  JAMADAR,25,4,,1,,,,,,,,,,,,,,,,,,3835,SATARA,,,,,,,,,,,,,,,,,,,,,,,,
9,"BLUE DART EXPRESS LTD.,",31-12-2022,4127,VISHAL  MAKAM,,,,,,,,,,,,,,,,,,,,,,3781,MARKETYARD,,,,,,,,,,,,,,,,,,,,,,,,
9,"BLUE DART EXPRESS LTD.,",31-12-2022,4114,VISHAL SAHEBRAO KHUDE,,,,,,,,,,,,,,,,,,,,,,3768,TWH,,,,,,,,,,,,,,,,,,,,,,,,
9,"BLUE DART EXPRESS LTD.,",31-12-2022,2813,VISHAL WALKU PARDHI,23,4,1,2,,,,,,,,,,,,,,,,,,2467,PUB/HUB,,,,,,,,,,,,,,,,,,,,,,,,
9,"BLUE DART EXPRESS LTD.,",31-12-2022,4298,YOGESH  VILAS  KANDGAVKAR,25,4,,1,,,,,,,,,,,,,,,,,,,BRN,,,,,,,,,,,,,,,,,,,,,,,,
9,"BLUE DART EXPRESS LTD.,",31-12-2022,2211,YOGESH MOHAN PAKHALE,25,4,,1,,,,,,,,,,,,,,,,,,1865,PUB/OB,,,,,,,,,,,,,,,,,,,,,,,,
9,"BLUE DART EXPRESS LTD.,",31-12-2022,4016,YOGESH POPAT OVHAL,15,4,11,,,,,,,,,,,,,,,,,,,3670,TWH,,,,,,,,,,,,,,,,,,,,,,,,
9,"BLUE DART EXPRESS LTD.,",31-12-2022,4062,YOGITA SUDHIR KAMBLE,26,4,,,,,,,,,,,,,,,,,,,,3716,PMC,,,,,,,,,,,,,,,,,,,,,,,,
