 Client_id ,Client_name,Sal_month, Emp_id,Employee_NAME,present,weeklyoff,  absent, pl,cl,sl , paidholiday,additional, othours, nightshifts,incometax,canteen,extra_inc1, extra_inc2,leave_encash,extra_ded1,extra_ded2, wagediff,Allow_arrears, Ot_arrears,invalid,Client_id ,Client_name,Sal_month, Emp_id,Employee_NAME,Present,Weeklyoff,  Absent, Pl,Cl,Sl , Paidholiday,Additional, Othours, Nightshifts,Incometax,Canteen,Extra_inc1, Extra_inc2,Leave_encash,Extra_ded1,Extra_ded2, Wagediff,Allow_arrears, Ot_arrears,Invalid
34,BLUE DART EXP.LTD.(UFO),31-07-2022,198,ANIS  SHAIKH,25,5,,,,,,,,,,,,,,,,,,,,202,SOLAPUR CITY,,,,,,,,,,,,,,,,,,,,,,,,
34,BLUE DART EXP.LTD.(UFO),31-07-2022,169,ASIF  SHAIKH,25,5,,,,,,,,,,,,,,,,,,,,173,AKLUJ,,,,,,,,,,,,,,,,,,,,,,,,
34,BLUE DART EXP.LTD.(UFO),31-07-2022,234,BALRAJ  DASRI,24,5,,1,,,,,,,,,,,,,,,,,,238,SOLAPUR CITY,,,,,,,,,,,,,,,,,,,,,,,,
34,BLUE DART EXP.LTD.(UFO),31-07-2022,172,BHUSHAN  KHUNTE,21,5,4,,,,,,,,,,,,,,,,,,,176,LONAND,,,,,,,,,,,,,,,,,,,,,,,,
34,BLUE DART EXP.LTD.(UFO),31-07-2022,347,DINESH - MADNE,10,2,,,,,,,,,,,,,,,,,,,,351,XLPE,,,,,,,,,,,,,,,,,,,,,,,,
34,BLUE DART EXP.LTD.(UFO),31-07-2022,359,Ganesh - MANE,24,5,1,,,,,,,,,,,,,,,,,,,,TEST 1,,,,,,,,,,,,,,,,,,,,,,,,
34,BLUE DART EXP.LTD.(UFO),31-07-2022,346,GURUPRASAD  BARKHADE,25,5,,,,,,,,,,,,,,,,,,,,350,PHALTAN,,,,,,,,,,,,,,,,,,,,,,,,
34,BLUE DART EXP.LTD.(UFO),31-07-2022,304,KEDAR ` SALUNKHE,20,5,4,1,,,,,,,,,,,,,,,,,,308,PHALTAN,,,,,,,,,,,,,,,,,,,,,,,,
34,BLUE DART EXP.LTD.(UFO),31-07-2022,195,MAHADEV  MAGARUMKHANE,23,5,,2,,,,,,,,,,,,,,,,,,199,SOLAPUR CITY,,,,,,,,,,,,,,,,,,,,,,,,
34,BLUE DART EXP.LTD.(UFO),31-07-2022,343,MAHBOOB  AIROGI,25,5,,,,,,,,,,,,,,,,,,,,347,SOLAPUR CITY,,,,,,,,,,,,,,,,,,,,,,,,
34,BLUE DART EXP.LTD.(UFO),31-07-2022,173,MAHESH  LANDGE,25,5,,,,,,,,,,,,,,,,,,,,177,LATUR,,,,,,,,,,,,,,,,,,,,,,,,
34,BLUE DART EXP.LTD.(UFO),31-07-2022,193,MAULASAB  DHAKANI,25,5,,,,,,,,,,,,,,,,,,,,197,SOLAPUR CITY,,,,,,,,,,,,,,,,,,,,,,,,
34,BLUE DART EXP.LTD.(UFO),31-07-2022,345,MAYUR  PAWAR,25,5,,,,,,,,,,,,,,,,,,,,349,AKLUJ,,,,,,,,,,,,,,,,,,,,,,,,
34,BLUE DART EXP.LTD.(UFO),31-07-2022,190,MOHSIN  BENGLURU,20,5,,5,,,,,,,,,,,,,,,,,,194,SOLAPUR CITY,,,,,,,,,,,,,,,,,,,,,,,,
34,BLUE DART EXP.LTD.(UFO),31-07-2022,361,NANDU - UPADE,24,5,1,,,,,,,,,,,,,,,,,,,,XLPE,,,,,,,,,,,,,,,,,,,,,,,,
34,BLUE DART EXP.LTD.(UFO),31-07-2022,302,NILESH  GOSAVI,20,5,,5,,,,,,,,,,,,,,,,,,306,PHALTAN,,,,,,,,,,,,,,,,,,,,,,,,
34,BLUE DART EXP.LTD.(UFO),31-07-2022,341,OMKAR - GADADE,25,5,,,,,,,,,,,,,,,,,,,,345,XLPE,,,,,,,,,,,,,,,,,,,,,,,,
34,BLUE DART EXP.LTD.(UFO),31-07-2022,171,SAGAR  KHUNTE,25,5,,,,,,,,,,,,,,,,,,,,175,LONAND,,,,,,,,,,,,,,,,,,,,,,,,
34,BLUE DART EXP.LTD.(UFO),31-07-2022,363,SAGAR - THORAT,23,5,2,,,,,,,,,,,,,,,,,,,,XLPE,,,,,,,,,,,,,,,,,,,,,,,,
34,BLUE DART EXP.LTD.(UFO),31-07-2022,192,SALIM  PATEL,25,5,,,,,,,,,,,,,,,,,,,,196,SOLAPUR CITY,,,,,,,,,,,,,,,,,,,,,,,,
34,BLUE DART EXP.LTD.(UFO),31-07-2022,194,SANTOSH  INDAPURE,25,5,,,,,,,,,,,,,,,,,,,,198,SOLAPUR CITY,,,,,,,,,,,,,,,,,,,,,,,,
34,BLUE DART EXP.LTD.(UFO),31-07-2022,364,SANTOSH - MULJE,25,5,,,,,,,,,,,,,,,,,,,,,XLPE,,,,,,,,,,,,,,,,,,,,,,,,
34,BLUE DART EXP.LTD.(UFO),31-07-2022,273,SHANTKUMAR  SOMSHETTY,24,5,,1,,,,,,,,,,,,,,,,,,277,SOLAPUR CITY,,,,,,,,,,,,,,,,,,,,,,,,
34,BLUE DART EXP.LTD.(UFO),31-07-2022,174,SHARAD  BAGAL,25,5,,,,,,,,,,,,,,,,,,,,178,LATUR,,,,,,,,,,,,,,,,,,,,,,,,
34,BLUE DART EXP.LTD.(UFO),31-07-2022,342,SHIVRAJ  SWAMI,24,5,,1,,,,,,,,,,,,,,,,,,346,SOLAPUR CITY,,,,,,,,,,,,,,,,,,,,,,,,
34,BLUE DART EXP.LTD.(UFO),31-07-2022,176,SOPAN  KOMATWAD,24,5,1,,,,,,,,,,,,,,,,,,,180,LATUR,,,,,,,,,,,,,,,,,,,,,,,,
34,BLUE DART EXP.LTD.(UFO),31-07-2022,197,SUNIL  HALKATTI,25,5,,,,,,,,,,,,,,,,,,,,201,SOLAPUR CITY,,,,,,,,,,,,,,,,,,,,,,,,
34,BLUE DART EXP.LTD.(UFO),31-07-2022,233,TANJIL  DHALE,23,5,,2,,,,,,,,,,,,,,,,,,237,SOLAPUR CITY,,,,,,,,,,,,,,,,,,,,,,,,
34,BLUE DART EXP.LTD.(UFO),31-07-2022,168,TANVIR  PATHAN,1,,,,,,,,,,,,,,,,,,,,,172,AKLUJ,,,,,,,,,,,,,,,,,,,,,,,,
34,BLUE DART EXP.LTD.(UFO),31-07-2022,186,TATYARAM  DADAS,24,5,,1,,,,,,,,,,,,,,,,,,190,PHALTAN,,,,,,,,,,,,,,,,,,,,,,,,
34,BLUE DART EXP.LTD.(UFO),31-07-2022,199,VAIBHAV  KARLE,25,5,,,,,,,,,,,,,,,,,,,,203,SOLAPUR CITY,,,,,,,,,,,,,,,,,,,,,,,,
34,BLUE DART EXP.LTD.(UFO),31-07-2022,175,VIKAS  KATHARE,25,5,,,,,,,,,,,,,,,,,,,,179,LATUR,,,,,,,,,,,,,,,,,,,,,,,,
34,BLUE DART EXP.LTD.(UFO),31-07-2022,344,VINAYAK  KERE,24,5,,1,,,,,,,,,,,,,,,,,,348,SOLAPUR CITY,,,,,,,,,,,,,,,,,,,,,,,,
34,BLUE DART EXP.LTD.(UFO),31-07-2022,366,VINOD - KAMBLE,24,5,1,,,,,,,,,,,,,,,,,,,,XLPE,,,,,,,,,,,,,,,,,,,,,,,,
34,BLUE DART EXP.LTD.(UFO),31-07-2022,185,VISHAL  GOSAVI,24,5,,1,,,,,,,,,,,,,,,,,,189,PHALTAN,,,,,,,,,,,,,,,,,,,,,,,,
34,BLUE DART EXP.LTD.(UFO),31-07-2022,200,YASHWANT  BATAGERI,25,5,,,,,,,,,,,,,,,,,,,,204,SOLAPUR CITY,,,,,,,,,,,,,,,,,,,,,,,,
