 Client_id ,Client_name,Sal_month, Emp_id,Employee_NAME,present,weeklyoff,  absent, pl,cl,sl , paidholiday,additional, othours, nightshifts,incometax,canteen,extra_inc1, extra_inc2,leave_encash,extra_ded1,extra_ded2, wagediff,Allow_arrears, Ot_arrears,invalid,Client_id ,Client_name,Sal_month, Emp_id,Employee_NAME,Present,Weeklyoff,  Absent, Pl,Cl,Sl , Paidholiday,Additional, Othours, Nightshifts,Incometax,Canteen,Extra_inc1, Extra_inc2,Leave_encash,Extra_ded1,Extra_ded2, Wagediff,Allow_arrears, Ot_arrears,Invalid
26,"BLUE DART EXPRESS LTD.,PUNE",31/07/2022,128,ABHISHEK MAHENDRA ADSUL,26,4,,,,,,,,,,,,,,,,,,,,132,SWH,,,,,,,,,,,,,,,,,,,,,,,,
26,"BLUE DART EXPRESS LTD.,PUNE",31/07/2022,279,ADITYA  GAIKWAD,26,4,,,,,,,,,,,,,,,,,,,,283,PWH,,,,,,,,,,,,,,,,,,,,,,,,
26,"BLUE DART EXPRESS LTD.,PUNE",31/07/2022,325,AJIKYA  DHOBALE,26,4,,,,,,,,,,,,,,,,,,,,329,HJW,,,,,,,,,,,,,,,,,,,,,,,,
26,"BLUE DART EXPRESS LTD.,PUNE",31/07/2022,123,AKASH PRALHAD SASANE,26,4,,,,,,,,,,,,,,,,,,,,127,HJW,,,,,,,,,,,,,,,,,,,,,,,,
26,"BLUE DART EXPRESS LTD.,PUNE",31/07/2022,165,AKSHAY  PAWAL,26,4,,,,,,,,,,,,,,,,,,,,169,HJW,,,,,,,,,,,,,,,,,,,,,,,,
26,"BLUE DART EXPRESS LTD.,PUNE",31/07/2022,240,AKSHAY  PAWAR,26,4,,,,,,,,,,,,,,,,,,,,244,PWH,,,,,,,,,,,,,,,,,,,,,,,,
26,"BLUE DART EXPRESS LTD.,PUNE",31/07/2022,159,AMOL  SAWANTFULE,26,4,,,,,,,,,,,,,,,,,,,,163,HJW,,,,,,,,,,,,,,,,,,,,,,,,
26,"BLUE DART EXPRESS LTD.,PUNE",31/07/2022,96,AMOL SHIVAJI JONDHALKAR,26,4,,,,,,,,,,,,,,,,,,,,100,PWH,,,,,,,,,,,,,,,,,,,,,,,,
26,"BLUE DART EXPRESS LTD.,PUNE",31/07/2022,105,ASHISH VASANT KOKAMKAR,26,4,,,,,,,,,,,,,,,,,,,,109,SWH,,,,,,,,,,,,,,,,,,,,,,,,
26,"BLUE DART EXPRESS LTD.,PUNE",31/07/2022,20,ATISH SHIVAJI KUCHEKAR,26,4,,,,,,,,,,,,,,,,,,,,24,PWH,,,,,,,,,,,,,,,,,,,,,,,,
26,"BLUE DART EXPRESS LTD.,PUNE",31/07/2022,219,ATUL  MORE,26,4,,,,,,,,,,,,,,,,,,,,223,MCW,,,,,,,,,,,,,,,,,,,,,,,,
26,"BLUE DART EXPRESS LTD.,PUNE",31/07/2022,77,BALAJI NAMDEV MORE,26,4,,,,,,,,,,,,,,,,,,,,81,MCW,,,,,,,,,,,,,,,,,,,,,,,,
26,"BLUE DART EXPRESS LTD.,PUNE",31/07/2022,139,BALAJI RUKMAJI WAGHMARE,26,4,,,,,,,,,,,,,,,,,,,,143,HJW,,,,,,,,,,,,,,,,,,,,,,,,
26,"BLUE DART EXPRESS LTD.,PUNE",31/07/2022,275,KISHOR  KOLI,26,4,,,,,,,,,,,,,,,,,,,,279,MCW,,,,,,,,,,,,,,,,,,,,,,,,
26,"BLUE DART EXPRESS LTD.,PUNE",31/07/2022,220,MAHESH  WAGHMARE,26,4,,,,,,,,,,,,,,,,,,,,224,SWH,,,,,,,,,,,,,,,,,,,,,,,,
26,"BLUE DART EXPRESS LTD.,PUNE",31/07/2022,350,MAYUR  BAMBLE,26,4,,,,,,,,,,,,,,,,,,,,354,PWH,,,,,,,,,,,,,,,,,,,,,,,,
26,"BLUE DART EXPRESS LTD.,PUNE",31/07/2022,17,MUNIR RAHIMUDDIN KHAN,26,4,,,,,,,,,,,,,,,,,,,,21,PWH,,,,,,,,,,,,,,,,,,,,,,,,
26,"BLUE DART EXPRESS LTD.,PUNE",31/07/2022,338,NAGESH  KAMBLE,26,4,,,,,,,,,,,,,,,,,,,,342,PWH,,,,,,,,,,,,,,,,,,,,,,,,
26,"BLUE DART EXPRESS LTD.,PUNE",31/07/2022,375,NAVNATH - SURYAVANSHI,26,4,,,,,,,,,,,,,,,,,,,,,XLPE,,,,,,,,,,,,,,,,,,,,,,,,
26,"BLUE DART EXPRESS LTD.,PUNE",31/07/2022,339,OMKAR  KAMBLE,26,4,,,,,,,,,,,,,,,,,,,,343,PWH,,,,,,,,,,,,,,,,,,,,,,,,
26,"BLUE DART EXPRESS LTD.,PUNE",31/07/2022,376,PRAJWAL - MORE,10,0,,,,,,,,,,,,,,,,,,,,,XLPE,,,,,,,,,,,,,,,,,,,,,,,,
26,"BLUE DART EXPRESS LTD.,PUNE",31/07/2022,377,PRAJWAL - POL,23,4,,,,,,,,,,,,,,,,,,,,,XLPE,,,,,,,,,,,,,,,,,,,,,,,,
26,"BLUE DART EXPRESS LTD.,PUNE",31/07/2022,326,PRASHANT  PAIKRAO,26,4,,,,,,,,,,,,,,,,,,,,330,MCW,,,,,,,,,,,,,,,,,,,,,,,,
26,"BLUE DART EXPRESS LTD.,PUNE",31/07/2022,324,PRAVIN  NIMBHORE,26,4,,,,,,,,,,,,,,,,,,,,328,SWH,,,,,,,,,,,,,,,,,,,,,,,,
26,"BLUE DART EXPRESS LTD.,PUNE",31/07/2022,316,RAHIL  SAYYAD,24,4,,,,,,,,,,,,,,,,,,,,320,PWH,,,,,,,,,,,,,,,,,,,,,,,,
26,"BLUE DART EXPRESS LTD.,PUNE",31/07/2022,138,RAHUL RAVINDRA KHARADE,26,4,,,,,,,,,,,,,,,,,,,,142,SWH,,,,,,,,,,,,,,,,,,,,,,,,
26,"BLUE DART EXPRESS LTD.,PUNE",31/07/2022,45,RAVINDRA GOVIND BIRADAR,26,4,,,,,,,,,,,,,,,,,,,,49,MCW,,,,,,,,,,,,,,,,,,,,,,,,
26,"BLUE DART EXPRESS LTD.,PUNE",31/07/2022,331,ROHIT  KAMBLE,17,4,,,,,,,,,,,,,,,,,,,,335,SWH,,,,,,,,,,,,,,,,,,,,,,,,
26,"BLUE DART EXPRESS LTD.,PUNE",31/07/2022,151,RUSHIKESH  THORAT,26,4,,,,,,,,,,,,,,,,,,,,155,PWH,,,,,,,,,,,,,,,,,,,,,,,,
26,"BLUE DART EXPRESS LTD.,PUNE",31/07/2022,378,SAGAR - KUMBHAR,26,4,,,,,,,,,,,,,,,,,,,,,XLPE,,,,,,,,,,,,,,,,,,,,,,,,
26,"BLUE DART EXPRESS LTD.,PUNE",31/07/2022,148,SAGAR UMESH KADAM,26,4,,,,,,,,,,,,,,,,,,,,152,SWH,,,,,,,,,,,,,,,,,,,,,,,,
26,"BLUE DART EXPRESS LTD.,PUNE",31/07/2022,336,SAHIL  MANE,26,4,,,,,,,,,,,,,,,,,,,,340,SWH,,,,,,,,,,,,,,,,,,,,,,,,
26,"BLUE DART EXPRESS LTD.,PUNE",31/07/2022,329,SAJAN  JADHAV,26,4,,,,,,,,,,,,,,,,,,,,333,PWH,,,,,,,,,,,,,,,,,,,,,,,,
26,"BLUE DART EXPRESS LTD.,PUNE",31/07/2022,69,SAMIR RAJU SYED,26,4,,,,,,,,,,,,,,,,,,,,73,SWH,,,,,,,,,,,,,,,,,,,,,,,,
26,"BLUE DART EXPRESS LTD.,PUNE",31/07/2022,330,SANDEEP  YADAV,22,4,,,,,,,,,,,,,,,,,,,,334,SWH,,,,,,,,,,,,,,,,,,,,,,,,
26,"BLUE DART EXPRESS LTD.,PUNE",31/07/2022,113,SANGHRASH DINESH SALVE,26,4,,,,,,,,,,,,,,,,,,,,117,PWH,,,,,,,,,,,,,,,,,,,,,,,,
26,"BLUE DART EXPRESS LTD.,PUNE",31/07/2022,379,SANNI - JADHAV,26,4,,,,,,,,,,,,,,,,,,,,,XLPE,,,,,,,,,,,,,,,,,,,,,,,,
26,"BLUE DART EXPRESS LTD.,PUNE",31/07/2022,15,SANTOSH HARISHCHANDRA BACCHIRE,26,4,,,,,,,,,,,,,,,,,,,,19,PWH,,,,,,,,,,,,,,,,,,,,,,,,
26,"BLUE DART EXPRESS LTD.,PUNE",31/07/2022,116,SHADAB RASUL SHAIKH,24,4,,,,,,,,,,,,,,,,,,,,120,PWH,,,,,,,,,,,,,,,,,,,,,,,,
26,"BLUE DART EXPRESS LTD.,PUNE",31/07/2022,140,SHESHERAO GUNAJI WAGHMARE,26,4,,,,,,,,,,,,,,,,,,,,144,HJW,,,,,,,,,,,,,,,,,,,,,,,,
26,"BLUE DART EXPRESS LTD.,PUNE",31/07/2022,90,SIDDHANT ANIL BHALERAO,26,4,,,,,,,,,,,,,,,,,,,,94,SWH,,,,,,,,,,,,,,,,,,,,,,,,
26,"BLUE DART EXPRESS LTD.,PUNE",31/07/2022,211,SIDHARTH BALU SHELAR,22,4,,,,,,,,,,,,,,,,,,,,215,PWH,,,,,,,,,,,,,,,,,,,,,,,,
26,"BLUE DART EXPRESS LTD.,PUNE",31/07/2022,332,SOHEL  SHAIKH,26,4,,,,,,,,,,,,,,,,,,,,336,SWH,,,,,,,,,,,,,,,,,,,,,,,,
26,"BLUE DART EXPRESS LTD.,PUNE",31/07/2022,16,SUNIL HARISHCHANDRA KUSALKAR,26,4,,,,,,,,,,,,,,,,,,,,20,PWH,,,,,,,,,,,,,,,,,,,,,,,,
26,"BLUE DART EXPRESS LTD.,PUNE",31/07/2022,380,TATHAGAT - GAIKWAD,23,4,,,,,,,,,,,,,,,,,,,,,XLPE,,,,,,,,,,,,,,,,,,,,,,,,
26,"BLUE DART EXPRESS LTD.,PUNE",31/07/2022,232,TUSHAR  RASAL,26,4,,,,,,,,,,,,,,,,,,,,236,HJW,,,,,,,,,,,,,,,,,,,,,,,,
26,"BLUE DART EXPRESS LTD.,PUNE",31/07/2022,10,TUSHAR ARVIND SHETE,26,4,,,,,,,,,,,,,,,,,,,,14,HJW,,,,,,,,,,,,,,,,,,,,,,,,
26,"BLUE DART EXPRESS LTD.,PUNE",31/07/2022,82,VINOD LAHU RAJIWADE,3,0,,,,,,,,,,,,,,,,,,,,86,SWH,,,,,,,,,,,,,,,,,,,,,,,,
26,"BLUE DART EXPRESS LTD.,PUNE",31/07/2022,66,VINOD VILAS BHOSALE,26,4,,,,,,,,,,,,,,,,,,,,70,PWH,,,,,,,,,,,,,,,,,,,,,,,,
26,"BLUE DART EXPRESS LTD.,PUNE",31/07/2022,335,VISHAL  LONDHE,26,4,,,,,,,,,,,,,,,,,,,,339,SWH,,,,,,,,,,,,,,,,,,,,,,,,
26,"BLUE DART EXPRESS LTD.,PUNE",31/07/2022,81,VISHAL KONDIBA DHAVALE,23,4,,,,,,,,,,,,,,,,,,,,85,SWH,,,,,,,,,,,,,,,,,,,,,,,,
26,"BLUE DART EXPRESS LTD.,PUNE",31/07/2022,19,VISHAL SUNIL VITKAR,24,4,,,,,,,,,,,,,,,,,,,,23,PWH,,,,,,,,,,,,,,,,,,,,,,,,
26,"BLUE DART EXPRESS LTD.,PUNE",31/07/2022,70,VISHANT BIMBISAR TRIBHUVAN,26,4,,,,,,,,,,,,,,,,,,,,74,MCW,,,,,,,,,,,,,,,,,,,,,,,,
26,"BLUE DART EXPRESS LTD.,PUNE",31/07/2022,327,VISHWAJIT  NANGARE,26,4,,,,,,,,,,,,,,,,,,,,331,MCW,,,,,,,,,,,,,,,,,,,,,,,,
