 Client_id ,Client_name,Sal_month, Emp_id,Employee_NAME,Present,Weeklyoff,  Absent,Pl,Cl,Sl, Paidholiday,Additional,Othours, Nightshifts,Incometax,Canteen,Extra_inc1, Extra_inc2,Leave_encash,Extra_ded1,Extra_ded2, Wagediff,Allow_arrears, Ot_arrears,Invalid,Ticket_no, Dept_Name, Comp_ticket_no
23,"BLUE DART EXPRESS LTD., FESTIVAL",30-11-2023,4639,AADAM  - SHAIKH,23,4,1,,,,,2,,,,,,,,,,,,,,,BRN,
23,"BLUE DART EXPRESS LTD., FESTIVAL",30-11-2023,4606,ABHIJIT - JAGTAP,26,4,,,,,,,,,,,,,,,,,,,,,KHW,
23,"BLUE DART EXPRESS LTD., FESTIVAL",30-11-2023,4640,ABHISHEK  - DABHADE,22,3,5,,,,,,,,,,,,,,,,,,,,BRN,
23,"BLUE DART EXPRESS LTD., FESTIVAL",30-11-2023,4603,ABHISHEK - LANDGE,,,,,,,,,,,,,,,,,,,,,,,PMC,
23,"BLUE DART EXPRESS LTD., FESTIVAL",30-11-2023,4641,ADITYA  - YADAV,8,1,21,,,,,,,,,,,,,,,,,,,,BRN,
23,"BLUE DART EXPRESS LTD., FESTIVAL",30-11-2023,4554,ADITYA - NIKALAJE,,,,,,,,,,,,,,,,,,,,,,,TWH,
23,"BLUE DART EXPRESS LTD., FESTIVAL",30-11-2023,4553,ADITYA - SONAWANE,,,,,,,,,,,,,,,,,,,,,,,TWH,
23,"BLUE DART EXPRESS LTD., FESTIVAL",30-11-2023,4602,AMIT  RAJU PATIL,24,4,2,,,,,,,,,,,,,,,,,,,,SGV,
23,"BLUE DART EXPRESS LTD., FESTIVAL",30-11-2023,4642,AVINASH  - GABHALE,26,4,,,,,,,,,,,,,,,,,,,,,BRN,
23,"BLUE DART EXPRESS LTD., FESTIVAL",30-11-2023,4643,GAURAV  - KAMBLE,25,4,1,,,,,,,,,,,,,,,,,,,,BRN,
23,"BLUE DART EXPRESS LTD., FESTIVAL",30-11-2023,4644,KAPILDEV  - LOHAR,25,4,,1,,,,,,,,,,,,,,,,,,,BRN,
23,"BLUE DART EXPRESS LTD., FESTIVAL",30-11-2023,4645,MANJUSHA  - TALELLU,23,4,3,,,,,,,,,,,,,,,,,,,,BRN,
23,"BLUE DART EXPRESS LTD., FESTIVAL",30-11-2023,4646,MITHUN  - CHAVAN,26,4,,,,,,,,,,,,,,,,,,,,,BRN,
23,"BLUE DART EXPRESS LTD., FESTIVAL",30-11-2023,4647,NAGESH  - KAMBLE,25,4,1,,,,,,,,,,,,,,,,,,,,BRN,
23,"BLUE DART EXPRESS LTD., FESTIVAL",30-11-2023,4648,OMKAR  - SAWANT,26,4,,,,,,,,,,,,,,,,,,,,,BRN,
23,"BLUE DART EXPRESS LTD., FESTIVAL",30-11-2023,4601,PARESH - CHOUDHARI,21,3,6,,,,,,,,,,,,,,,,,,,,SGV,
23,"BLUE DART EXPRESS LTD., FESTIVAL",30-11-2023,4649,PRAMOD  - MAHAJAN,7,1,,,,,,,,,,,,,,,,,,,,,BRN,
23,"BLUE DART EXPRESS LTD., FESTIVAL",30-11-2023,4604,PRANAV - KEDARI,26,4,,,,,,,,,,,,,,,,,,,,,WGH,
23,"BLUE DART EXPRESS LTD., FESTIVAL",30-11-2023,4650,ROHAN  - DAHIBATE,24,4,2,,,,,,,,,,,,,,,,,,,,BRN,
23,"BLUE DART EXPRESS LTD., FESTIVAL",30-11-2023,4651,ROHAN  - MORE,8,1,,,,,,,,,,,,,,,,,,,,,BRN,
23,"BLUE DART EXPRESS LTD., FESTIVAL",30-11-2023,4652,ROSHAN  - GAIKWAD,24,4,2,,,,,,,,,,,,,,,,,,,,BRN,
23,"BLUE DART EXPRESS LTD., FESTIVAL",30-11-2023,4653,SACHIN  - DURGE,25,4,,,,,,1,,,,,,,,,,,,,,,BRN,
23,"BLUE DART EXPRESS LTD., FESTIVAL",30-11-2023,4654,SACHIN  - HARGILE,23,4,3,,,,,,,,,,,,,,,,,,,,BRN,
23,"BLUE DART EXPRESS LTD., FESTIVAL",30-11-2023,4607,SANGRAM - GAIKWAD,,,,,,,,,,,,,,,,,,,,,,,SAA,
23,"BLUE DART EXPRESS LTD., FESTIVAL",30-11-2023,4655,SATISH  - HARGILE,24,4,,,,,,2,,,,,,,,,,,,,,,BRN,
23,"BLUE DART EXPRESS LTD., FESTIVAL",30-11-2023,4605,SHAILESH - DHAMUNE,26,4,,,,,,,,,,,,,,,,,,,,,KHW,
23,"BLUE DART EXPRESS LTD., FESTIVAL",30-11-2023,4656,TEJAS   - NISARGUNDE ,24,4,2,,,,,,,,,,,,,,,,,,,,BRN,
