 Client_id ,Client_name,Sal_month, Emp_id,Employee_NAME,Present,Weeklyoff,  Absent,Pl,Cl,Sl, Paidholiday,Additional,Othours, Nightshifts,Incometax,Canteen,Extra_inc1, Extra_inc2,Leave_encash,Extra_ded1,Extra_ded2, Wagediff,Allow_arrears, Ot_arrears,Invalid,Ticket_no, Dept_Name, Comp_ticket_no
10,"BLUE DART EXPRESS LTD., [HOUSE KEEPING]",30-11-23,1338,ALKABAI BIRBAL SINGH,26,4,,,,,,,,,,,,,,,,,,,,992,BRG,
10,"BLUE DART EXPRESS LTD., [HOUSE KEEPING]",30-11-23,4657,AMRUT - CHAUGULE,26,4,,,,,,,,,,,,,,,,,,,,,KHP,
10,"BLUE DART EXPRESS LTD., [HOUSE KEEPING]",30-11-23,4537,ANKUSH  VITTHALRAO  DHONE,21,4,5,,,,,,,,,,,,,,,,,,,,BRN,
10,"BLUE DART EXPRESS LTD., [HOUSE KEEPING]",30-11-23,4018,ANTU MADHU LOKARE,26,4,,,,,,,,,,,,,,,,,,,,3672,HINJWADI,
10,"BLUE DART EXPRESS LTD., [HOUSE KEEPING]",30-11-23,3641,BALI BALAJI SURYAWANSHI,26,4,,,,,,,,,,,,,,,,,,,,3295,TGR,
10,"BLUE DART EXPRESS LTD., [HOUSE KEEPING]",30-11-23,4481,BHIMRAO VINAYAK KHUDE,26,4,,,,,,,,,,,,,,,,,,,,,TWH,
10,"BLUE DART EXPRESS LTD., [HOUSE KEEPING]",30-11-23,4017,DILIP KISAN BADHE,21,4,3,2,,,,,,,,,,,,,,,,,,3671,ACCOUNTS,
10,"BLUE DART EXPRESS LTD., [HOUSE KEEPING]",30-11-23,4453,GANESH A SHINDE,26,4,,,,,,,,,,,,,,,,,,,,,BRN,
10,"BLUE DART EXPRESS LTD., [HOUSE KEEPING]",30-11-23,4608,GOVIND PRABHAKAR KHANDALE,,,,,,,,,,,,,,,,,,,,,,,BRN,
10,"BLUE DART EXPRESS LTD., [HOUSE KEEPING]",30-11-23,2343,HIRA BALU SHELAR,25,4,1,,,,,,,,,,,,,,,,,,,1997,KHADAKI,
10,"BLUE DART EXPRESS LTD., [HOUSE KEEPING]",30-11-23,4042,HIRAMAN HEMRAJ PARDESHI,25,4,,1,,,,,,,,,,,,,,,,,,3696,SWH,
10,"BLUE DART EXPRESS LTD., [HOUSE KEEPING]",30-11-23,3702,KALYAN TRIMBAKRAO MUNE,26,4,,,,,,,,,,,,,,,,,,,,3356,IT SAGAR,
10,"BLUE DART EXPRESS LTD., [HOUSE KEEPING]",30-11-23,3564,KARAN CHANDAR SHINDE,26,4,,,,,,,,,,,,,,,,,,,,3218,SANGVI,
10,"BLUE DART EXPRESS LTD., [HOUSE KEEPING]",30-11-23,1977,LATA AMBADAS KAWADE,24,4,,2,,,,,,,,,,,,,,,,,,1631,WAGHOLI,
10,"BLUE DART EXPRESS LTD., [HOUSE KEEPING]",30-11-23,3700,MANGAL NANDU KAPSE,23,4,,3,,,,,,,,,,,,,,,,,,3354,IT SAGAR,
10,"BLUE DART EXPRESS LTD., [HOUSE KEEPING]",30-11-23,4550,NAMDEV  - NEHAY,26,4,,,,,,,,,,,,,,,,,,,,,TLW,
10,"BLUE DART EXPRESS LTD., [HOUSE KEEPING]",30-11-23,3676,NARESH BABASO KOLI,26,4,,,,,,,,,,,,,,,,,,,,3330,KHW,
10,"BLUE DART EXPRESS LTD., [HOUSE KEEPING]",30-11-23,3877,NITIN GULAB SAWALE,26,4,,,,,,,,,,,,,,,,,,,,3531,IT SAGAR,
10,"BLUE DART EXPRESS LTD., [HOUSE KEEPING]",30-11-23,4201,PRALHAD  RAMCHANDRA  GAIKWAD,26,4,,,,,,,,,,,,,,,,,,,,,BRN,
10,"BLUE DART EXPRESS LTD., [HOUSE KEEPING]",30-11-23,4513,RAVINDRA  RAMCHANDRA  YADAV,26,4,,,,,,,,,,,,,,,,,,,,,SGV,
10,"BLUE DART EXPRESS LTD., [HOUSE KEEPING]",30-11-23,2873,RAVINDRA KHANDU PAWAR,18,4,5,3,,,,,,,,,,,,,,,,,,2527,HINJWADI,
10,"BLUE DART EXPRESS LTD., [HOUSE KEEPING]",30-11-23,3579,RAVINDRA MANSING JADHAV,26,4,,,,,,,,,,,,,,,,,,,,3233,IT SAGAR,
10,"BLUE DART EXPRESS LTD., [HOUSE KEEPING]",30-11-23,3838,RENUKA ANMOL UJAGARE,25,4,,1,,,,,,,,,,,,,,,,,,3492,BRG,
10,"BLUE DART EXPRESS LTD., [HOUSE KEEPING]",30-11-23,4551,SANTOSH  - YEWALE,26,4,,,,,,,,,,,,,,,,,,,,,TWH,
10,"BLUE DART EXPRESS LTD., [HOUSE KEEPING]",30-11-23,2231,SHANKAR HANUMANTA JANGLE,26,4,,,,,,,,,,,,,,,,,,,,1885,PIMPRI CHINCHWAD,
10,"BLUE DART EXPRESS LTD., [HOUSE KEEPING]",30-11-23,4148,SHOBHA DATTATRAY PALLAWAR,26,4,,,,,,,,,,,,,,,,,,,,3802,CHAKAN,
10,"BLUE DART EXPRESS LTD., [HOUSE KEEPING]",30-11-23,4055,SUNIL KHANDU PAWAR,26,4,,,,,,,,,,,,,,,,,,,,3709,HINJWADI,
10,"BLUE DART EXPRESS LTD., [HOUSE KEEPING]",30-11-23,3054,SURESH ASHOK SHINDE,26,4,,,,,,,,,,,,,,,,,,,,2708,SINHGAD ROAD,
10,"BLUE DART EXPRESS LTD., [HOUSE KEEPING]",30-11-23,4202,SWAPNIL  VIJAY  SHINDE,,,,,,,,,,,,,,,,,,,,,,,BRN,
10,"BLUE DART EXPRESS LTD., [HOUSE KEEPING]",30-11-23,4465,VIVEK KISAN GAJMAL,26,4,,,,,,,,,,,,,,,,,,,,,KTD,
