 Client_id ,Client_name,Sal_month, Emp_id,Employee_NAME,Present,Weeklyoff,  Absent,Pl,Cl,Sl, Paidholiday,Additional,Othours, Nightshifts,Incometax,Canteen,Extra_inc1, Extra_inc2,Leave_encash,Extra_ded1,Extra_ded2, Wagediff,Allow_arrears, Ot_arrears,Invalid,Ticket_no, Dept_Name, Comp_ticket_no
10,"BLUE DART EXPRESS LTD., [HOUSE KEEPING]",31-07-23,1338,ALKABAI BIRBAL SINGH,22,5,,3,,,,,,,,,,,,,,,,,,992,BRG,
10,"BLUE DART EXPRESS LTD., [HOUSE KEEPING]",31-07-23,4537,ANKUSH  VITTHALRAO  DHONE,19,3,,,,,,,,,,,,,,,,,,,,,BRN,
10,"BLUE DART EXPRESS LTD., [HOUSE KEEPING]",31-07-23,4018,ANTU MADHU LOKARE,22,5,,3,,,,,,,,,,,,,,,,,,3672,HINJWADI,
10,"BLUE DART EXPRESS LTD., [HOUSE KEEPING]",31-07-23,3641,BALI BALAJI SURYAWANSHI,25,5,,,,,,,,,,,,,,,,,,,,3295,TGR,
10,"BLUE DART EXPRESS LTD., [HOUSE KEEPING]",31-07-23,4481,BHIMRAO VINAYAK KHUDE,25,5,,,,,,,,,,,,,,,,,,,,,TWH,
10,"BLUE DART EXPRESS LTD., [HOUSE KEEPING]",31-07-23,4017,DILIP KISAN BADHE,24,5,,1,,,,,,,,,,,,,,,,,,3671,ACCOUNTS,
10,"BLUE DART EXPRESS LTD., [HOUSE KEEPING]",31-07-23,4453,GANESH A SHINDE,25,5,,,,,,,,,,,,,,,,,,,,,BRN,
10,"BLUE DART EXPRESS LTD., [HOUSE KEEPING]",31-07-23,2343,HIRA BALU SHELAR,21,5,,4,,,,,,,,,,,,,,,,,,1997,KHADAKI,
10,"BLUE DART EXPRESS LTD., [HOUSE KEEPING]",31-07-23,4042,HIRAMAN HEMRAJ PARDESHI,25,5,,,,,,,,,,,,,,,,,,,,3696,SWH,
10,"BLUE DART EXPRESS LTD., [HOUSE KEEPING]",31-07-23,4512,JALINDAR  RAMESH  SHIVANEKAR,25,5,,,,,,,,,,,,,,,,,,,,,TLW,
10,"BLUE DART EXPRESS LTD., [HOUSE KEEPING]",31-07-23,3702,KALYAN TRIMBAKRAO MUNE,25,5,,,,,,,,,,,,,,,,,,,,3356,IT SAGAR,
10,"BLUE DART EXPRESS LTD., [HOUSE KEEPING]",31-07-23,3564,KARAN CHANDAR SHINDE,25,5,,,,,,,,,,,,,,,,,,,,3218,SANGVI,
10,"BLUE DART EXPRESS LTD., [HOUSE KEEPING]",31-07-23,1977,LATA AMBADAS KAWADE,24,5,,1,,,,,,,,,,,,,,,,,,1631,WAGHOLI,
10,"BLUE DART EXPRESS LTD., [HOUSE KEEPING]",31-07-23,3700,MANGAL NANDU KAPSE,24,5,,1,,,,,,,,,,,,,,,,,,3354,IT SAGAR,
10,"BLUE DART EXPRESS LTD., [HOUSE KEEPING]",31-07-23,3676,NARESH BABASO KOLI,25,5,,,,,,,,,,,,,,,,,,,,3330,KHW,
10,"BLUE DART EXPRESS LTD., [HOUSE KEEPING]",31-07-23,3877,NITIN GULAB SAWALE,25,5,,,,,,,,,,,,,,,,,,,,3531,IT SAGAR,
10,"BLUE DART EXPRESS LTD., [HOUSE KEEPING]",31-07-23,4344,PRAKASH  GANPAT  CHAVHAN,25,5,,,,,,,,,,,,,,,,,,,,,HNW,
10,"BLUE DART EXPRESS LTD., [HOUSE KEEPING]",31-07-23,4201,PRALHAD  RAMCHANDRA  GAIKWAD,23,5,1,1,,,,,,,,,,,,,,,,,,,BRN,
10,"BLUE DART EXPRESS LTD., [HOUSE KEEPING]",31-07-23,4513,RAVINDRA  RAMCHANDRA  YADAV,24,5,1,,,,,,,,,,,,,,,,,,,,SGV,
10,"BLUE DART EXPRESS LTD., [HOUSE KEEPING]",31-07-23,2873,RAVINDRA KHANDU PAWAR,19,5,,6,,,,,,,,,,,,,,,,,,2527,HINJWADI,
10,"BLUE DART EXPRESS LTD., [HOUSE KEEPING]",31-07-23,3579,RAVINDRA MANSING JADHAV,25,5,,,,,,,,,,,,,,,,,,,,3233,IT SAGAR,
10,"BLUE DART EXPRESS LTD., [HOUSE KEEPING]",31-07-23,3838,RENUKA ANMOL UJAGARE,25,5,,,,,,,,,,,,,,,,,,,,3492,BRG,
10,"BLUE DART EXPRESS LTD., [HOUSE KEEPING]",31-07-23,2231,SHANKAR HANUMANTA JANGLE,25,5,,,,,,,,,,,,,,,,,,,,1885,PIMPRI CHINCHWAD,
10,"BLUE DART EXPRESS LTD., [HOUSE KEEPING]",31-07-23,4148,SHOBHA DATTATRAY PALLAWAR,25,5,,,,,,,,,,,,,,,,,,,,3802,CHAKAN,
10,"BLUE DART EXPRESS LTD., [HOUSE KEEPING]",31-07-23,4055,SUNIL KHANDU PAWAR,22,4,,4,,,,,,,,,,,,,,,,,,3709,HINJWADI,
10,"BLUE DART EXPRESS LTD., [HOUSE KEEPING]",31-07-23,3054,SURESH ASHOK SHINDE,25,5,,,,,,,,,,,,,,,,,,,,2708,SINHGAD ROAD,
10,"BLUE DART EXPRESS LTD., [HOUSE KEEPING]",31-07-23,4202,SWAPNIL  VIJAY  SHINDE,24,5,,1,,,,,,,,,,,,,,,,,,,BRN,
10,"BLUE DART EXPRESS LTD., [HOUSE KEEPING]",31-07-23,4348,VINOD DASHRATH LATE,5,1,,,,,,,,,,,,,,,,,,,,,PUC,
10,"BLUE DART EXPRESS LTD., [HOUSE KEEPING]",31-07-23,4465,VIVEK KISAN GAJMAL,23,5,,2,,,,,,,,,,,,,,,,,,,KTD,
