 Client_id ,Client_name,Sal_month, Emp_id,Employee_NAME,Present,Weeklyoff,  Absent,Pl,Cl,Sl, Paidholiday,Additional,Othours, Nightshifts,Incometax,Canteen,Extra_inc1, Extra_inc2,Leave_encash,Extra_ded1,Extra_ded2, Wagediff,Allow_arrears, Ot_arrears,Invalid,Ticket_no, Dept_Name, Comp_ticket_no
10,"BLUE DART EXPRESS LTD., [HOUSE KEEPING]",31-08-23,1338,ALKABAI BIRBAL SINGH,25,4,,,,,1,,,,,,,,,,,,,,,992,BRG,
10,"BLUE DART EXPRESS LTD., [HOUSE KEEPING]",31-08-23,4537,ANKUSH  VITTHALRAO  DHONE,25,4,,,,,1,,,,,,,,,,,,,,,,BRN,
10,"BLUE DART EXPRESS LTD., [HOUSE KEEPING]",31-08-23,4018,ANTU MADHU LOKARE,24,4,1,1,,,1,,,,,,,,,,,,,,,3672,HINJWADI,
10,"BLUE DART EXPRESS LTD., [HOUSE KEEPING]",31-08-23,3641,BALI BALAJI SURYAWANSHI,23,4,,2,,,1,,,,,,,,,,,,,,,3295,TGR,
10,"BLUE DART EXPRESS LTD., [HOUSE KEEPING]",31-08-23,4481,BHIMRAO VINAYAK KHUDE,25,4,,,,,1,,,,,,,,,,,,,,,,TWH,
10,"BLUE DART EXPRESS LTD., [HOUSE KEEPING]",31-08-23,4017,DILIP KISAN BADHE,23,4,,2,,,1,,,,,,,,,,,,,,,3671,ACCOUNTS,
10,"BLUE DART EXPRESS LTD., [HOUSE KEEPING]",31-08-23,4453,GANESH A SHINDE,23,4,2,,,,1,,,,,,,,,,,,,,,,BRN,
10,"BLUE DART EXPRESS LTD., [HOUSE KEEPING]",31-08-23,2343,HIRA BALU SHELAR,23,4,2,,,,1,,,,,,,,,,,,,,,1997,KHADAKI,
10,"BLUE DART EXPRESS LTD., [HOUSE KEEPING]",31-08-23,4042,HIRAMAN HEMRAJ PARDESHI,25,4,,,,,1,,,,,,,,,,,,,,,3696,SWH,
10,"BLUE DART EXPRESS LTD., [HOUSE KEEPING]",31-08-23,4512,JALINDAR  RAMESH  SHIVANEKAR,7,0,,,,,,,,,,,,,,,,,,,,,TLW,
10,"BLUE DART EXPRESS LTD., [HOUSE KEEPING]",31-08-23,3702,KALYAN TRIMBAKRAO MUNE,23,3,,3,,,1,,,,,,,,,,,,,,,3356,IT SAGAR,
10,"BLUE DART EXPRESS LTD., [HOUSE KEEPING]",31-08-23,3564,KARAN CHANDAR SHINDE,25,4,,,,,1,,,,,,,,,,,,,,,3218,SANGVI,
10,"BLUE DART EXPRESS LTD., [HOUSE KEEPING]",31-08-23,1977,LATA AMBADAS KAWADE,25,4,,,,,1,,,,,,,,,,,,,,,1631,WAGHOLI,
10,"BLUE DART EXPRESS LTD., [HOUSE KEEPING]",31-08-23,3700,MANGAL NANDU KAPSE,24,4,,1,,,1,,,,,,,,,,,,,,,3354,IT SAGAR,
10,"BLUE DART EXPRESS LTD., [HOUSE KEEPING]",31-08-23,3676,NARESH BABASO KOLI,22,4,,3,,,1,,,,,,,,,,,,,,,3330,KHW,
10,"BLUE DART EXPRESS LTD., [HOUSE KEEPING]",31-08-23,3877,NITIN GULAB SAWALE,19,4,1,5,,,1,,,,,,,,,,,,,,,3531,IT SAGAR,
10,"BLUE DART EXPRESS LTD., [HOUSE KEEPING]",31-08-23,4344,PRAKASH  GANPAT  CHAVHAN,11,1,,,,,,,,,,,,,,,,,,,,,HNW,
10,"BLUE DART EXPRESS LTD., [HOUSE KEEPING]",31-08-23,4201,PRALHAD  RAMCHANDRA  GAIKWAD,23,4,,2,,,1,,,,,,,,,,,,,,,,BRN,
10,"BLUE DART EXPRESS LTD., [HOUSE KEEPING]",31-08-23,4513,RAVINDRA  RAMCHANDRA  YADAV,25,4,,,,,1,,,,,,,,,,,,,,,,SGV,
10,"BLUE DART EXPRESS LTD., [HOUSE KEEPING]",31-08-23,2873,RAVINDRA KHANDU PAWAR,21,4,,3,,,1,,,,,,,,,,,,,,,2527,HINJWADI,
10,"BLUE DART EXPRESS LTD., [HOUSE KEEPING]",31-08-23,3579,RAVINDRA MANSING JADHAV,25,4,,,,,1,,,,,,,,,,,,,,,3233,IT SAGAR,
10,"BLUE DART EXPRESS LTD., [HOUSE KEEPING]",31-08-23,3838,RENUKA ANMOL UJAGARE,24,4,1,,,,1,,,,,,,,,,,,,,,3492,BRG,
10,"BLUE DART EXPRESS LTD., [HOUSE KEEPING]",31-08-23,2231,SHANKAR HANUMANTA JANGLE,25,4,,,,,1,,,,,,,,,,,,,,,1885,PIMPRI CHINCHWAD,
10,"BLUE DART EXPRESS LTD., [HOUSE KEEPING]",31-08-23,4148,SHOBHA DATTATRAY PALLAWAR,20,4,,5,,,1,,,,,,,,,,,,,,,3802,CHAKAN,
10,"BLUE DART EXPRESS LTD., [HOUSE KEEPING]",31-08-23,4055,SUNIL KHANDU PAWAR,24,4,,1,,,1,,,,,,,,,,,,,,,3709,HINJWADI,
10,"BLUE DART EXPRESS LTD., [HOUSE KEEPING]",31-08-23,3054,SURESH ASHOK SHINDE,25,4,,,,,1,,,,,,,,,,,,,,,2708,SINHGAD ROAD,
10,"BLUE DART EXPRESS LTD., [HOUSE KEEPING]",31-08-23,4202,SWAPNIL  VIJAY  SHINDE,21,4,2,2,,,1,,,,,,,,,,,,,,,,BRN,
10,"BLUE DART EXPRESS LTD., [HOUSE KEEPING]",31-08-23,4348,VINOD DASHRATH LATE,,,,,,,,,,,,,,,,,,,,,,,PUC,
10,"BLUE DART EXPRESS LTD., [HOUSE KEEPING]",31-08-23,4465,VIVEK KISAN GAJMAL,22,4,1,2,,,1,,,,,,,,,,,,,,,,KTD,
