 Client_id ,Client_name,Sal_month, Emp_id,Employee_NAME,present,weeklyoff,  absent, pl,cl,sl , paidholiday,additional, othours, nightshifts,incometax,canteen,extra_inc1, extra_inc2,leave_encash,extra_ded1,extra_ded2, wagediff,Allow_arrears, Ot_arrears,invalid,Client_id ,Client_name,Sal_month, Emp_id,Employee_NAME,Present,Weeklyoff,  Absent, Pl,Cl,Sl , Paidholiday,Additional, Othours, Nightshifts,Incometax,Canteen,Extra_inc1, Extra_inc2,Leave_encash,Extra_ded1,Extra_ded2, Wagediff,Allow_arrears, Ot_arrears,Invalid
10,"BLUE DART EXPRESS LTD., [HOUSE KEEPING]",30-04-2023,1338,ALKABAI BIRBAL SINGH,24,5,,1,,,,,,,,,,,,,,,,,,992,BRG,,,,,,,,,,,,,,,,,,,,,,,,
10,"BLUE DART EXPRESS LTD., [HOUSE KEEPING]",30-04-2023,4018,ANTU MADHU LOKARE,23,5,2,,,,,,,,,,,,,,,,,,,3672,HINJWADI,,,,,,,,,,,,,,,,,,,,,,,,
10,"BLUE DART EXPRESS LTD., [HOUSE KEEPING]",30-04-2023,4203,ARCHANA  AMOL  PANDIT,21,5,4, ,,,,,,,,,,,,,,,,,,,BRN,,,,,,,,,,,,,,,,,,,,,,,,
10,"BLUE DART EXPRESS LTD., [HOUSE KEEPING]",30-04-2023,4345,ARJUN  SHANTARAM  MORE,16,4,10,,,,,,,,,,,,,,,,,,,,TLW,,,,,,,,,,,,,,,,,,,,,,,,
10,"BLUE DART EXPRESS LTD., [HOUSE KEEPING]",30-04-2023,3641,BALI BALAJI SURYAWANSHI,25,5,,,,,,,,,,,,,,,,,,,,3295,TGR,,,,,,,,,,,,,,,,,,,,,,,,
10,"BLUE DART EXPRESS LTD., [HOUSE KEEPING]",30-04-2023,3701,DEEPAK NARAYAN MAHAJAN,6,1,,,,,,,,,,,,,,,,,,,,3355,IT SAGAR,,,,,,,,,,,,,,,,,,,,,,,,
10,"BLUE DART EXPRESS LTD., [HOUSE KEEPING]",30-04-2023,4017,DILIP KISAN BADHE,23,5,2,,,,,,,,,,,,,,,,,,,3671,ACCOUNTS,,,,,,,,,,,,,,,,,,,,,,,,
10,"BLUE DART EXPRESS LTD., [HOUSE KEEPING]",30-04-2023,4453,GANESH A SHINDE,25,5,,,,,,,,,,,,,,,,,,,,,BRN,,,,,,,,,,,,,,,,,,,,,,,,
10,"BLUE DART EXPRESS LTD., [HOUSE KEEPING]",30-04-2023,2343,HIRA BALU SHELAR,22,5,,3,,,,,,,,,,,,,,,,,,1997,KHADAKI,,,,,,,,,,,,,,,,,,,,,,,,
10,"BLUE DART EXPRESS LTD., [HOUSE KEEPING]",30-04-2023,4042,HIRAMAN HEMRAJ PARDESHI,23,5,,2,,,,,,,,,,,,,,,,,,3696,SWH,,,,,,,,,,,,,,,,,,,,,,,,
10,"BLUE DART EXPRESS LTD., [HOUSE KEEPING]",30-04-2023,3702,KALYAN TRIMBAKRAO MUNE,19,4,,7,,,,,,,,,,,,,,,,,,3356,IT SAGAR,,,,,,,,,,,,,,,,,,,,,,,,
10,"BLUE DART EXPRESS LTD., [HOUSE KEEPING]",30-04-2023,3564,KARAN CHANDAR SHINDE,25,5,,,,,,,,,,,,,,,,,,,,3218,SANGVI,,,,,,,,,,,,,,,,,,,,,,,,
10,"BLUE DART EXPRESS LTD., [HOUSE KEEPING]",30-04-2023,1977,LATA AMBADAS KAWADE,24,5,,1,,,,,,,,,,,,,,,,,,1631,WAGHOLI,,,,,,,,,,,,,,,,,,,,,,,,
10,"BLUE DART EXPRESS LTD., [HOUSE KEEPING]",30-04-2023,3700,MANGAL NANDU KAPSE,25,5,,,,,,,,,,,,,,,,,,,,3354,IT SAGAR,,,,,,,,,,,,,,,,,,,,,,,,
10,"BLUE DART EXPRESS LTD., [HOUSE KEEPING]",30-04-2023,3676,NARESH BABASO KOLI,25,5,,,,,,,,,,,,,,,,,,,,3330,KHW,,,,,,,,,,,,,,,,,,,,,,,,
10,"BLUE DART EXPRESS LTD., [HOUSE KEEPING]",30-04-2023,3877,NITIN GULAB SAWALE,25,5,,,,,,,,,,,,,,,,,,,,3531,IT SAGAR,,,,,,,,,,,,,,,,,,,,,,,,
10,"BLUE DART EXPRESS LTD., [HOUSE KEEPING]",30-04-2023,4344,PRAKASH  GANPAT  CHAVHAN,25,5,,,,,,,,,,,,,,,,,,,,,HNW,,,,,,,,,,,,,,,,,,,,,,,,
10,"BLUE DART EXPRESS LTD., [HOUSE KEEPING]",30-04-2023,4201,PRALHAD  RAMCHANDRA  GAIKWAD,25,5,,,,,,,,,,,,,,,,,,,,,BRN,,,,,,,,,,,,,,,,,,,,,,,,
10,"BLUE DART EXPRESS LTD., [HOUSE KEEPING]",30-04-2023,2873,RAVINDRA KHANDU PAWAR,22,5,3,,,,,,,,,,,,,,,,,,,2527,HINJWADI,,,,,,,,,,,,,,,,,,,,,,,,
10,"BLUE DART EXPRESS LTD., [HOUSE KEEPING]",30-04-2023,3579,RAVINDRA MANSING JADHAV,14,3,,13,,,,,,,,,,,,,,,,,,3233,IT SAGAR,,,,,,,,,,,,,,,,,,,,,,,,
10,"BLUE DART EXPRESS LTD., [HOUSE KEEPING]",30-04-2023,3838,RENUKA ANMOL UJAGARE,24,5,,1,,,,,,,,,,,,,,,,,,3492,BRG,,,,,,,,,,,,,,,,,,,,,,,,
10,"BLUE DART EXPRESS LTD., [HOUSE KEEPING]",30-04-2023,2231,SHANKAR HANUMANTA JANGLE,24,5,,1,,,,,,,,,,,,,,,,,,1885,PIMPRI CHINCHWAD,,,,,,,,,,,,,,,,,,,,,,,,
10,"BLUE DART EXPRESS LTD., [HOUSE KEEPING]",30-04-2023,4148,SHOBHA DATTATRAY PALLAWAR,25,5,,,,,,,,,,,,,,,,,,,,3802,CHAKAN,,,,,,,,,,,,,,,,,,,,,,,,
10,"BLUE DART EXPRESS LTD., [HOUSE KEEPING]",30-04-2023,4055,SUNIL KHANDU PAWAR,25,5,,,,,,,,,,,,,,,,,,,,3709,HINJWADI,,,,,,,,,,,,,,,,,,,,,,,,
10,"BLUE DART EXPRESS LTD., [HOUSE KEEPING]",30-04-2023,3054,SURESH ASHOK SHINDE,25,5,,,,,,,,,,,,,,,,,,,,2708,SINHGAD ROAD,,,,,,,,,,,,,,,,,,,,,,,,
10,"BLUE DART EXPRESS LTD., [HOUSE KEEPING]",30-04-2023,4202,SWAPNIL  VIJAY  SHINDE,25,5,,,,,,,,,,,,,,,,,,,,,BRN,,,,,,,,,,,,,,,,,,,,,,,,
10,"BLUE DART EXPRESS LTD., [HOUSE KEEPING]",30-04-2023,4348,VINOD DASHRATH LATE,25,5,,,,,,,,,,,,,,,,,,,,,PUC,,,,,,,,,,,,,,,,,,,,,,,,
10,"BLUE DART EXPRESS LTD., [HOUSE KEEPING]",30-04-2023,4465,VIVEK KISAN GAJMAL,25,5,,,,,,,,,,,,,,,,,,,,,KTD,,,,,,,,,,,,,,,,,,,,,,,,
