 Client_id ,Client_name,Sal_month, Emp_id,Employee_NAME,present,weeklyoff,  absent, pl,cl,sl , paidholiday,additional, othours, nightshifts,incometax,canteen,extra_inc1, extra_inc2,leave_encash,extra_ded1,extra_ded2, wagediff,Allow_arrears, Ot_arrears,invalid,Client_id ,Client_name,Sal_month, Emp_id,Employee_NAME,Present,Weeklyoff,  Absent, Pl,Cl,Sl , Paidholiday,Additional, Othours, Nightshifts,Incometax,Canteen,Extra_inc1, Extra_inc2,Leave_encash,Extra_ded1,Extra_ded2, Wagediff,Allow_arrears, Ot_arrears,Invalid
10,"BLUE DART EXPRESS LTD., [HOUSE KEEPING]",31-05-2023,1338,ALKABAI BIRBAL SINGH,22,4,,3,,,1,,,,,,,,,,,,,,,992,BRG,,,,,,,,,,,,,,,,,,,,,,,,
10,"BLUE DART EXPRESS LTD., [HOUSE KEEPING]",31-05-2023,4018,ANTU MADHU LOKARE,25,4,,,,,1,,,,,,,,,,,,,,,3672,HINJWADI,,,,,,,,,,,,,,,,,,,,,,,,
10,"BLUE DART EXPRESS LTD., [HOUSE KEEPING]",31-05-2023,4203,ARCHANA  AMOL  PANDIT,24,4,1,,,,1,,,,,,,,,,,,,,,,BRN,,,,,,,,,,,,,,,,,,,,,,,,
10,"BLUE DART EXPRESS LTD., [HOUSE KEEPING]",31-05-2023,4345,ARJUN  SHANTARAM  MORE,22,4,3,,,,1,,,,,,,,,,,,,,,,TLW,,,,,,,,,,,,,,,,,,,,,,,,
10,"BLUE DART EXPRESS LTD., [HOUSE KEEPING]",31-05-2023,3641,BALI BALAJI SURYAWANSHI,25,4,,,,,1,,,,,,,,,,,,,,,3295,TGR,,,,,,,,,,,,,,,,,,,,,,,,
10,"BLUE DART EXPRESS LTD., [HOUSE KEEPING]",31-05-2023,4481,BHIMRAO VINAYAK KHUDE,25,4,,,,,1,,,,,,,,,,,,,,,,TWH,,,,,,,,,,,,,,,,,,,,,,,,
10,"BLUE DART EXPRESS LTD., [HOUSE KEEPING]",31-05-2023,3701,DEEPAK NARAYAN MAHAJAN,,,,,,,,,,,,,,,,,,,,,,3355,IT SAGAR,,,,,,,,,,,,,,,,,,,,,,,,
10,"BLUE DART EXPRESS LTD., [HOUSE KEEPING]",31-05-2023,4017,DILIP KISAN BADHE,21,4,4,,,,1,,,,,,,,,,,,,,,3671,ACCOUNTS,,,,,,,,,,,,,,,,,,,,,,,,
10,"BLUE DART EXPRESS LTD., [HOUSE KEEPING]",31-05-2023,4453,GANESH A SHINDE,25,4,,,,,1,,,,,,,,,,,,,,,,BRN,,,,,,,,,,,,,,,,,,,,,,,,
10,"BLUE DART EXPRESS LTD., [HOUSE KEEPING]",31-05-2023,2343,HIRA BALU SHELAR,23,4,,2,,,1,,,,,,,,,,,,,,,1997,KHADAKI,,,,,,,,,,,,,,,,,,,,,,,,
10,"BLUE DART EXPRESS LTD., [HOUSE KEEPING]",31-05-2023,4042,HIRAMAN HEMRAJ PARDESHI,24,4,,1,,,1,,,,,,,,,,,,,,,3696,SWH,,,,,,,,,,,,,,,,,,,,,,,,
10,"BLUE DART EXPRESS LTD., [HOUSE KEEPING]",31-05-2023,3702,KALYAN TRIMBAKRAO MUNE,21,4,,4,,,1,,,,,,,,,,,,,,,3356,IT SAGAR,,,,,,,,,,,,,,,,,,,,,,,,
10,"BLUE DART EXPRESS LTD., [HOUSE KEEPING]",31-05-2023,3564,KARAN CHANDAR SHINDE,25,4,,,,,1,,,,,,,,,,,,,,,3218,SANGVI,,,,,,,,,,,,,,,,,,,,,,,,
10,"BLUE DART EXPRESS LTD., [HOUSE KEEPING]",31-05-2023,1977,LATA AMBADAS KAWADE,25,4,,,,,1,,,,,,,,,,,,,,,1631,WAGHOLI,,,,,,,,,,,,,,,,,,,,,,,,
10,"BLUE DART EXPRESS LTD., [HOUSE KEEPING]",31-05-2023,3700,MANGAL NANDU KAPSE,22,4,,3,,,1,,,,,,,,,,,,,,,3354,IT SAGAR,,,,,,,,,,,,,,,,,,,,,,,,
10,"BLUE DART EXPRESS LTD., [HOUSE KEEPING]",31-05-2023,3676,NARESH BABASO KOLI,22,4,,3,,,1,,,,,,,,,,,,,,,3330,KHW,,,,,,,,,,,,,,,,,,,,,,,,
10,"BLUE DART EXPRESS LTD., [HOUSE KEEPING]",31-05-2023,3877,NITIN GULAB SAWALE,25,4,,,,,1,,,,,,,,,,,,,,,3531,IT SAGAR,,,,,,,,,,,,,,,,,,,,,,,,
10,"BLUE DART EXPRESS LTD., [HOUSE KEEPING]",31-05-2023,4344,PRAKASH  GANPAT  CHAVHAN,25,4,,,,,1,,,,,,,,,,,,,,,,HNW,,,,,,,,,,,,,,,,,,,,,,,,
10,"BLUE DART EXPRESS LTD., [HOUSE KEEPING]",31-05-2023,4201,PRALHAD  RAMCHANDRA  GAIKWAD,18,3,,8,,,1,,,,,,,,,,,,,,,,BRN,,,,,,,,,,,,,,,,,,,,,,,,
10,"BLUE DART EXPRESS LTD., [HOUSE KEEPING]",31-05-2023,2873,RAVINDRA KHANDU PAWAR,22,4,,3,,,1,,,,,,,,,,,,,,,2527,HINJWADI,,,,,,,,,,,,,,,,,,,,,,,,
10,"BLUE DART EXPRESS LTD., [HOUSE KEEPING]",31-05-2023,3579,RAVINDRA MANSING JADHAV,25,4,,,,,1,,,,,,,,,,,,,,,3233,IT SAGAR,,,,,,,,,,,,,,,,,,,,,,,,
10,"BLUE DART EXPRESS LTD., [HOUSE KEEPING]",31-05-2023,3838,RENUKA ANMOL UJAGARE,24,4,,1,,,1,,,,,,,,,,,,,,,3492,BRG,,,,,,,,,,,,,,,,,,,,,,,,
10,"BLUE DART EXPRESS LTD., [HOUSE KEEPING]",31-05-2023,2231,SHANKAR HANUMANTA JANGLE,21,4,,4,,,1,,,,,,,,,,,,,,,1885,PIMPRI CHINCHWAD,,,,,,,,,,,,,,,,,,,,,,,,
10,"BLUE DART EXPRESS LTD., [HOUSE KEEPING]",31-05-2023,4148,SHOBHA DATTATRAY PALLAWAR,23,4,,2,,,1,,,,,,,,,,,,,,,3802,CHAKAN,,,,,,,,,,,,,,,,,,,,,,,,
10,"BLUE DART EXPRESS LTD., [HOUSE KEEPING]",31-05-2023,4055,SUNIL KHANDU PAWAR,24,4,,1,,,1,,,,,,,,,,,,,,,3709,HINJWADI,,,,,,,,,,,,,,,,,,,,,,,,
10,"BLUE DART EXPRESS LTD., [HOUSE KEEPING]",31-05-2023,3054,SURESH ASHOK SHINDE,25,4,,,,,1,,,,,,,,,,,,,,,2708,SINHGAD ROAD,,,,,,,,,,,,,,,,,,,,,,,,
10,"BLUE DART EXPRESS LTD., [HOUSE KEEPING]",31-05-2023,4202,SWAPNIL  VIJAY  SHINDE,17,3,9,,,,1,,,,,,,,,,,,,,,,BRN,,,,,,,,,,,,,,,,,,,,,,,,
10,"BLUE DART EXPRESS LTD., [HOUSE KEEPING]",31-05-2023,4348,VINOD DASHRATH LATE,25,4,,,,,1,,,,,,,,,,,,,,,,PUC,,,,,,,,,,,,,,,,,,,,,,,,
10,"BLUE DART EXPRESS LTD., [HOUSE KEEPING]",31-05-2023,4465,VIVEK KISAN GAJMAL,25,4,,,,,1,,,,,,,,,,,,,,,,KTD,,,,,,,,,,,,,,,,,,,,,,,,
