 Client_id ,Client_name,Sal_month, Emp_id,Employee_NAME,Present,Weeklyoff,  Absent,Pl,Cl,Sl, Paidholiday,Additional,Othours, Nightshifts,Incometax,Canteen,Extra_inc1, Extra_inc2,Leave_encash,Extra_ded1,Extra_ded2, Wagediff,Allow_arrears, Ot_arrears,Invalid,Ticket_no, Dept_Name, Comp_ticket_no
10,"BLUE DART EXPRESS LTD., [HOUSE KEEPING]",31-10-23,1338,ALKABAI BIRBAL SINGH,22,5,,1,,,2,,,,,,,,,,,,,,,992,BRG,
10,"BLUE DART EXPRESS LTD., [HOUSE KEEPING]",31-10-23,4537,ANKUSH  VITTHALRAO  DHONE,22,5,1,,,,2,,,,,,,,,,,,,,,,BRN,
10,"BLUE DART EXPRESS LTD., [HOUSE KEEPING]",31-10-23,4018,ANTU MADHU LOKARE,23,5,,,,,2,,,,,,,,,,,,,,,3672,HINJWADI,
10,"BLUE DART EXPRESS LTD., [HOUSE KEEPING]",31-10-23,3641,BALI BALAJI SURYAWANSHI,23,5,,,,,2,,,,,,,,,,,,,,,3295,TGR,
10,"BLUE DART EXPRESS LTD., [HOUSE KEEPING]",31-10-23,4481,BHIMRAO VINAYAK KHUDE,23,5,,,,,2,,,,,,,,,,,,,,,,TWH,
10,"BLUE DART EXPRESS LTD., [HOUSE KEEPING]",31-10-23,4017,DILIP KISAN BADHE,23,5,,,,,2,,,,,,,,,,,,,,,3671,ACCOUNTS,
10,"BLUE DART EXPRESS LTD., [HOUSE KEEPING]",31-10-23,4453,GANESH A SHINDE,12,1,,,,,1,,,,,,,,,,,,,,,,BRN,
10,"BLUE DART EXPRESS LTD., [HOUSE KEEPING]",31-10-23,4608,GOVIND PRABHAKAR KHANDALE,12,2,,,,,1,,,,,,,,,,,,,,,,BRN,
10,"BLUE DART EXPRESS LTD., [HOUSE KEEPING]",31-10-23,2343,HIRA BALU SHELAR,23,5,,,,,2,,,,,,,,,,,,,,,1997,KHADAKI,
10,"BLUE DART EXPRESS LTD., [HOUSE KEEPING]",31-10-23,4042,HIRAMAN HEMRAJ PARDESHI,23,5,,,,,2,,,,,,,,,,,,,,,3696,SWH,
10,"BLUE DART EXPRESS LTD., [HOUSE KEEPING]",31-10-23,3702,KALYAN TRIMBAKRAO MUNE,20,5,,,,,2,3,,,,,,,,,,,,,,3356,IT SAGAR,
10,"BLUE DART EXPRESS LTD., [HOUSE KEEPING]",31-10-23,3564,KARAN CHANDAR SHINDE,22,5,,1,,,2,,,,,,,,,,,,,,,3218,SANGVI,
10,"BLUE DART EXPRESS LTD., [HOUSE KEEPING]",31-10-23,1977,LATA AMBADAS KAWADE,23,5,,,,,2,,,,,,,,,,,,,,,1631,WAGHOLI,
10,"BLUE DART EXPRESS LTD., [HOUSE KEEPING]",31-10-23,3700,MANGAL NANDU KAPSE,23,5,,,,,2,,,,,,,,,,,,,,,3354,IT SAGAR,
10,"BLUE DART EXPRESS LTD., [HOUSE KEEPING]",31-10-23,4550,NAMDEV  - NEHAY,21,5,2,,,,2,,,,,,,,,,,,,,,,TLW,
10,"BLUE DART EXPRESS LTD., [HOUSE KEEPING]",31-10-23,3676,NARESH BABASO KOLI,22,5,1,,,,2,,,,,,,,,,,,,,,3330,KHW,
10,"BLUE DART EXPRESS LTD., [HOUSE KEEPING]",31-10-23,3877,NITIN GULAB SAWALE,23,5,,,,,2,,,,,,,,,,,,,,,3531,IT SAGAR,
10,"BLUE DART EXPRESS LTD., [HOUSE KEEPING]",31-10-23,4201,PRALHAD  RAMCHANDRA  GAIKWAD,23,5,,,,,2,,,,,,,,,,,,,,,,BRN,
10,"BLUE DART EXPRESS LTD., [HOUSE KEEPING]",31-10-23,4513,RAVINDRA  RAMCHANDRA  YADAV,23,5,,,,,2,,,,,,,,,,,,,,,,SGV,
10,"BLUE DART EXPRESS LTD., [HOUSE KEEPING]",31-10-23,2873,RAVINDRA KHANDU PAWAR,23,5,,,,,2,,,,,,,,,,,,,,,2527,HINJWADI,
10,"BLUE DART EXPRESS LTD., [HOUSE KEEPING]",31-10-23,3579,RAVINDRA MANSING JADHAV,23,5,,,,,2,,,,,,,,,,,,,,,3233,IT SAGAR,
10,"BLUE DART EXPRESS LTD., [HOUSE KEEPING]",31-10-23,3838,RENUKA ANMOL UJAGARE,23,5,,,,,2,,,,,,,,,,,,,,,3492,BRG,
10,"BLUE DART EXPRESS LTD., [HOUSE KEEPING]",31-10-23,4551,SANTOSH  - YEWALE,23,5,,,,,2,,,,,,,,,,,,,,,,TWH,
10,"BLUE DART EXPRESS LTD., [HOUSE KEEPING]",31-10-23,2231,SHANKAR HANUMANTA JANGLE,22,5,,1,,,2,,,,,,,,,,,,,,,1885,PIMPRI CHINCHWAD,
10,"BLUE DART EXPRESS LTD., [HOUSE KEEPING]",31-10-23,4148,SHOBHA DATTATRAY PALLAWAR,23,5,,,,,2,,,,,,,,,,,,,,,3802,CHAKAN,
10,"BLUE DART EXPRESS LTD., [HOUSE KEEPING]",31-10-23,4055,SUNIL KHANDU PAWAR,23,5,,,,,2,,,,,,,,,,,,,,,3709,HINJWADI,
10,"BLUE DART EXPRESS LTD., [HOUSE KEEPING]",31-10-23,3054,SURESH ASHOK SHINDE,23,5,,,,,2,,,,,,,,,,,,,,,2708,SINHGAD ROAD,
10,"BLUE DART EXPRESS LTD., [HOUSE KEEPING]",31-10-23,4202,SWAPNIL  VIJAY  SHINDE,9,1,,,,,1,,,,,,,,,,,,,,,,BRN,
10,"BLUE DART EXPRESS LTD., [HOUSE KEEPING]",31-10-23,4465,VIVEK KISAN GAJMAL,23,5,,,,,2,,,,,,,,,,,,,,,,KTD,
