 Client_id ,Client_name,Sal_month, Emp_id,Employee_NAME,present,weeklyoff,  absent, pl,cl,sl , paidholiday,additional, othours, nightshifts,incometax,canteen,extra_inc1, extra_inc2,leave_encash,extra_ded1,extra_ded2, wagediff,Allow_arrears, Ot_arrears,invalid,Client_id ,Client_name,Sal_month, Emp_id,Employee_NAME,Present,Weeklyoff,  Absent, Pl,Cl,Sl , Paidholiday,Additional, Othours, Nightshifts,Incometax,Canteen,Extra_inc1, Extra_inc2,Leave_encash,Extra_ded1,Extra_ded2, Wagediff,Allow_arrears, Ot_arrears,Invalid
10,"BLUE DART EXPRESS LTD., [HOUSE KEEPING]",31-12-2022,1338,ALKABAI BIRBAL SINGH,26,4,,,,,,,,,,,,,,,,,,,,992,BUND GARDEN,,,,,,,,,,,,,,,,,,,,,,,,
10,"BLUE DART EXPRESS LTD., [HOUSE KEEPING]",31-12-2022,1977,LATA AMBADAS KAWADE,21,5,,5,,,,,,,,,,,,,,,,,,1631,WAGHOLI,,,,,,,,,,,,,,,,,,,,,,,,
10,"BLUE DART EXPRESS LTD., [HOUSE KEEPING]",31-12-2022,2231,SHANKAR HANUMANTA JANGLE,26,4,,,,,,,,,,,,,,,,,,,,1885,PIMPRI CHINCHWAD,,,,,,,,,,,,,,,,,,,,,,,,
10,"BLUE DART EXPRESS LTD., [HOUSE KEEPING]",31-12-2022,2343,HIRA BALU SHELAR,25,4,,1,,,,,,,,,,,,,,,,,,1997,KHADAKI,,,,,,,,,,,,,,,,,,,,,,,,
10,"BLUE DART EXPRESS LTD., [HOUSE KEEPING]",31-12-2022,2873,RAVINDRA KHANDU PAWAR,24,4,,2,,,,,,,,,,,,,,,,,,2527,HINJWADI,,,,,,,,,,,,,,,,,,,,,,,,
10,"BLUE DART EXPRESS LTD., [HOUSE KEEPING]",31-12-2022,3054,SURESH ASHOK SHINDE,26,4,,,,,,,,,,,,,,,,,,,,2708,SINHGAD ROAD,,,,,,,,,,,,,,,,,,,,,,,,
10,"BLUE DART EXPRESS LTD., [HOUSE KEEPING]",31-12-2022,3564,KARAN CHANDAR SHINDE,20,4,,4,,,,,,,,,,,,,,,,,,3218,SANGVI,,,,,,,,,,,,,,,,,,,,,,,,
10,"BLUE DART EXPRESS LTD., [HOUSE KEEPING]",31-12-2022,3579,RAVINDRA MANSING JADHAV,26,4,,,,,,,,,,,,,,,,,,,,3233,IT SAGAR,,,,,,,,,,,,,,,,,,,,,,,,
10,"BLUE DART EXPRESS LTD., [HOUSE KEEPING]",31-12-2022,3641,BALI BALAJI SURYAWANSHI,26,4,,,,,,,,,,,,,,,,,,,,3295,TINGARE NAGAR,,,,,,,,,,,,,,,,,,,,,,,,
10,"BLUE DART EXPRESS LTD., [HOUSE KEEPING]",31-12-2022,3676,NARESH BABASO KOLI,24,4,,2,,,,,,,,,,,,,,,,,,3330,KHW,,,,,,,,,,,,,,,,,,,,,,,,
10,"BLUE DART EXPRESS LTD., [HOUSE KEEPING]",31-12-2022,3700,MANGAL NANDU KAPSE,26,4,,,,,,,,,,,,,,,,,,,,3354,IT SAGAR,,,,,,,,,,,,,,,,,,,,,,,,
10,"BLUE DART EXPRESS LTD., [HOUSE KEEPING]",31-12-2022,3701,DEEPAK NARAYAN MAHAJAN,26,4,,,,,,,,,,,,,,,,,,,,3355,IT SAGAR,,,,,,,,,,,,,,,,,,,,,,,,
10,"BLUE DART EXPRESS LTD., [HOUSE KEEPING]",31-12-2022,3702,KALYAN TRIMBAKRAO MUNE,26,4,,,,,,,,,,,,,,,,,,,,3356,IT SAGAR,,,,,,,,,,,,,,,,,,,,,,,,
10,"BLUE DART EXPRESS LTD., [HOUSE KEEPING]",31-12-2022,3838,RENUKA ANMOL UJAGARE,26,4,,,,,,,,,,,,,,,,,,,,3492,BUND GARDEN,,,,,,,,,,,,,,,,,,,,,,,,
10,"BLUE DART EXPRESS LTD., [HOUSE KEEPING]",31-12-2022,3877,NITIN GULAB SAWALE,26,4,,,,,,,,,,,,,,,,,,,,3531,IT SAGAR,,,,,,,,,,,,,,,,,,,,,,,,
10,"BLUE DART EXPRESS LTD., [HOUSE KEEPING]",31-12-2022,4017,DILIP  BADHE,26,4,,,,,,,,,,,,,,,,,,,,3671,ACCOUNTS,,,,,,,,,,,,,,,,,,,,,,,,
10,"BLUE DART EXPRESS LTD., [HOUSE KEEPING]",31-12-2022,4018,ANTU  LOKARE,26,4,,,,,,,,,,,,,,,,,,,,3672,HINJWADI,,,,,,,,,,,,,,,,,,,,,,,,
10,"BLUE DART EXPRESS LTD., [HOUSE KEEPING]",31-12-2022,4042,HIRAMAN HEMRAJ PARDESHI,26,4,,,,,,,,,,,,,,,,,,,,3696,SWH,,,,,,,,,,,,,,,,,,,,,,,,
10,"BLUE DART EXPRESS LTD., [HOUSE KEEPING]",31-12-2022,4055,SUNIL  PAWAR,26,4,,,,,,,,,,,,,,,,,,,,3709,HINJWADI,,,,,,,,,,,,,,,,,,,,,,,,
10,"BLUE DART EXPRESS LTD., [HOUSE KEEPING]",31-12-2022,4148,SHOBHA  PALLAWAR,26,4,,,,,,,,,,,,,,,,,,,,3802,CHAKAN,,,,,,,,,,,,,,,,,,,,,,,,
10,"BLUE DART EXPRESS LTD., [HOUSE KEEPING]",31-12-2022,4201,PRALHAD  RAMCHANDRA  GAIKWAD,26,4,,,,,,,,,,,,,,,,,,,,,BRN,,,,,,,,,,,,,,,,,,,,,,,,
10,"BLUE DART EXPRESS LTD., [HOUSE KEEPING]",31-12-2022,4203,ARCHANA  AMOL  PANDIT,26,4,,,,,,,,,,,,,,,,,,,,,BRN,,,,,,,,,,,,,,,,,,,,,,,,
