 Client_id ,Client_name,Sal_month, Emp_id,Employee_NAME,Present,Weeklyoff,  Absent,Pl,Cl,Sl, Paidholiday,Additional,Othours, Nightshifts,Incometax,Canteen,Extra_inc1, Extra_inc2,Leave_encash,Extra_ded1,Extra_ded2, Wagediff,Allow_arrears, Ot_arrears,Invalid,Ticket_no, Dept_Name, Comp_ticket_no
9,"BLUE DART EXPRESS LTD.,",31-12-23,4639,AADAM  - SHAIKH,22,5,,,,,1,2,,,,,,,,,,,,,,,BRN,
9,"BLUE DART EXPRESS LTD.,",31-12-23,2502,ABHIJEET NANDAKUMAR GAWARE,24,5,,,,,1,,,,,,,,,,,,,,,2156,TWH,
9,"BLUE DART EXPRESS LTD.,",31-12-23,4141,ABHIJIT - BHADANE,22,5,,2,,,1,,,,,,,,,,,,,,,3795,TSG,
9,"BLUE DART EXPRESS LTD.,",31-12-23,4606,ABHIJIT - JAGTAP,13,2,,,,,,,,,,,,,,,,,,,,,KHW,
9,"BLUE DART EXPRESS LTD.,",31-12-23,4165,ABHIJIT JAGANNATH PISAL,24,5,,,,,1,,,,,,,,,,,,,,,3819,SATARA,
9,"BLUE DART EXPRESS LTD.,",31-12-23,4640,ABHISHEK  - DABHADE,12,2,1,,,,,,,,,,,,,,,,,,,,BRN,
9,"BLUE DART EXPRESS LTD.,",31-12-23,4169,ABHISHEK GANESH SAKAT,23,5,,,,,1,1,,,,,,,,,,,,,,3823,WGH,
9,"BLUE DART EXPRESS LTD.,",31-12-23,3744,ABRAR AYYUB KHAN,24,5,,,,,1,,,,,,,,,,,,,,,3398,PLV,
9,"BLUE DART EXPRESS LTD.,",31-12-23,4609,ADITYA  - GAWARE,,,,,,,,,,,,,,,,,,,,,,,PIR,
9,"BLUE DART EXPRESS LTD.,",31-12-23,4670,ADITYA  - NIKALJE,23,5,,1,,,1,,,,,,,,,,,,,,,,BRN,
9,"BLUE DART EXPRESS LTD.,",31-12-23,4671,ADITYA  - SONAWANE,24,5,,,,,1,,,,,,,,,,,,,,,,PUB,
9,"BLUE DART EXPRESS LTD.,",31-12-23,4641,ADITYA  - YADAV,,,,,,,,,,,,,,,,,,,,,,,BRN,
9,"BLUE DART EXPRESS LTD.,",31-12-23,4040,ADITYA ASHOK PATOLE,19,5,,4,,,1,1,,,,,,,,,,,,,,3694,SHRIGONDA,
9,"BLUE DART EXPRESS LTD.,",31-12-23,4301,AKASH  BHAGWAT CHATE,20,4,,6,,,,,,,,,,,,,,,,,,4404,BRN,
9,"BLUE DART EXPRESS LTD.,",31-12-23,4371,AKASH DILIP SURYAWANSHI,24,5,,,,,1,,,,,,,,,,,,,,,4429,PCH,
9,"BLUE DART EXPRESS LTD.,",31-12-23,4027,AKASH GANPAT THAKAR,20,5,,4,,,1,,,,,,,,,,,,,,,3681,PUB/OB,
9,"BLUE DART EXPRESS LTD.,",31-12-23,4526,AKASH PRAKASH DIXIT,21,5,,1,,,1,2,,,,,,,,,,,,,,,KHW,
9,"BLUE DART EXPRESS LTD.,",31-12-23,4171,AKASH PRAKASH PARADHI,24,5,,,,,1,,,,,,,,,,,,,,,3825,TWH,
9,"BLUE DART EXPRESS LTD.,",31-12-23,4378,AKBAR SHARPPODIN SHAIKH,22,5,,2,,,1,,,,,,,,,,,,,,,4434,ELECTRONICA,
9,"BLUE DART EXPRESS LTD.,",31-12-23,3667,AKIB ABDUL SALIM SHAIKH,24,5,,,,,1,,,,,,,,,,,,,,,3321,MARKETYARD,
9,"BLUE DART EXPRESS LTD.,",31-12-23,4505,AKIF  ARIF KHAN,24,5,,,,,1,,,,,,,,,,,,,,,,SID,
9,"BLUE DART EXPRESS LTD.,",31-12-23,4622,AKSHAY  AMBADAS  JOGADNAKAR,24,5,,,,,1,,,,,,,,,,,,,,,,BRN,
9,"BLUE DART EXPRESS LTD.,",31-12-23,1338,ALKABAI BIRBAL SINGH,21,4,,4,,,1,,,,,,,,,,,,,,,992,BRG,
9,"BLUE DART EXPRESS LTD.,",31-12-23,4234,ALTAF ASIF SHAIKH,23,5,,1,,,1,,,,,,,,,,,,,,,4389,BRG,
9,"BLUE DART EXPRESS LTD.,",31-12-23,4571,AMAR - WALMIKI,,,,,,,,,,,,,,,,,,,,,,,TWH,
9,"BLUE DART EXPRESS LTD.,",31-12-23,3491,AMIR FIROJ KILLEDAR,20,5,,3,,,1,1,,,,,,,,,,,,,,3145,KHW,
9,"BLUE DART EXPRESS LTD.,",31-12-23,4602,AMIT  RAJU PATIL,24,5,,,,,1,,,,,,,,,,,,,,,,SGV,
9,"BLUE DART EXPRESS LTD.,",31-12-23,4078,AMIT RAMESH SAWALE,24,5,,,,,1,,,,,,,,,,,,,,,3732,TWH,
9,"BLUE DART EXPRESS LTD.,",31-12-23,3898,AMIT VIJAY JAGDALE,24,5,,,,,1,,,,,,,,,,,,,,,3552,TWH,
9,"BLUE DART EXPRESS LTD.,",31-12-23,4672,AMOL  - MORE,24,5,,,,,1,,,,,,,,,,,,,,,,PMC,
9,"BLUE DART EXPRESS LTD.,",31-12-23,4293,AMOL  ANNAPPA  TELVEKAR,23,5,,1,,,1,,,,,,,,,,,,,,,4396,BRN,
9,"BLUE DART EXPRESS LTD.,",31-12-23,4351,AMOL  MARUTI  SURYAVANSHI,23,5,,1,,,1,,,,,,,,,,,,,,,,GAD,
9,"BLUE DART EXPRESS LTD.,",31-12-23,2836,AMOL RAJENDRA KADAM,24,5,,,,,1,,,,,,,,,,,,,,,2490,SATARA,
9,"BLUE DART EXPRESS LTD.,",31-12-23,4657,AMRUT - CHAUGULE,24,5,,,,,1,,,,,,,,,,,,,,,,KHP,
9,"BLUE DART EXPRESS LTD.,",31-12-23,4490,ANAGHA ANISH SHERAMKAR,23,5,1,,,,1,,,,,,,,,,,,,,,,SGV,
9,"BLUE DART EXPRESS LTD.,",31-12-23,3523,ANANDA RUKMAJI WAGHMARE,20,4,4,2,,,,,,,,,,,,,,,,,,3177,PUB/OB,
9,"BLUE DART EXPRESS LTD.,",31-12-23,3458,ANANTA CHINDHU DHORE,23,5,,1,,,1,,,,,,,,,,,,,,,3112,TWH,
9,"BLUE DART EXPRESS LTD.,",31-12-23,4555,ANIKET - THOMBARE,23,5,1,,,,1,,,,,,,,,,,,,,,,PIR,
9,"BLUE DART EXPRESS LTD.,",31-12-23,4308,ANIL  MADHUKAR CHAVAN,22,5,,2,,,1,,,,,,,,,,,,,,,4408,SAA,
9,"BLUE DART EXPRESS LTD.,",31-12-23,3000,ANIL GORAKHNATH KEMSE,22,5,,2,,,1,,,,,,,,,,,,,,,2654,EDP,
9,"BLUE DART EXPRESS LTD.,",31-12-23,3649,ANIL MOHAN DUMBARE,24,5,,,,,1,,,,,,,,,,,,,,,3303,SKODA-VW CHAKAN,
9,"BLUE DART EXPRESS LTD.,",31-12-23,4537,ANKUSH  VITTHALRAO  DHONE,1,,,,,,,,,,,,,,,,,,,,,,BRN,
9,"BLUE DART EXPRESS LTD.,",31-12-23,4018,ANTU MADHU LOKARE,24,5,,,,,1,,,,,,,,,,,,,,,3672,HINJWADI,
9,"BLUE DART EXPRESS LTD.,",31-12-23,4473,ARUN RAM CHAURE,23,5,,1,,,1,,,,,,,,,,,,,,,,PLV,
9,"BLUE DART EXPRESS LTD.,",31-12-23,4377,ARVIND  PANDURANG  KUMBHAR,21,5,3,,,,1,,,,,,,,,,,,,,,4433,TWH,
9,"BLUE DART EXPRESS LTD.,",31-12-23,3554,ASHISH KUMAR SURYAWANSHI,24,5,,,,,1,,,,,,,,,,,,,,,3208,TASGAON,
9,"BLUE DART EXPRESS LTD.,",31-12-23,3793,ASHISH SINGH MAHINDRAPAL BHATTI,20,5,,4,,,1,,,,,,,,,,,,,,,3447,SANGVI,
9,"BLUE DART EXPRESS LTD.,",31-12-23,4439,ASHOK KISHOR SHINDE,24,5,,,,,1,,,,,,,,,,,,,,,4439,BRN,
9,"BLUE DART EXPRESS LTD.,",31-12-23,3328,ASHOK VAIJINATH LONDHE,24,5,,,,,1,,,,,,,,,,,,,,,2982,LORREL CHAKAN,
9,"BLUE DART EXPRESS LTD.,",31-12-23,4309,ATUL  DILIP  DHONDAWAD,22,5,,2,,,1,,,,,,,,,,,,,,,4409,BRN,
9,"BLUE DART EXPRESS LTD.,",31-12-23,4661,ATUL ANANDA JADHAV,13,2,,,,,,,,,,,,,,,,,,,,,KGL,
9,"BLUE DART EXPRESS LTD.,",31-12-23,4642,AVINASH  - GABHALE,19,5,,5,,,1,,,,,,,,,,,,,,,,BRN,
9,"BLUE DART EXPRESS LTD.,",31-12-23,4178,AVINASH DATTATRAY CHANDANE,22,5,,2,,,1,,,,,,,,,,,,,,,3832,MARKETYARD,
9,"BLUE DART EXPRESS LTD.,",31-12-23,3641,BALI BALAJI SURYAWANSHI,24,5,,,,,1,,,,,,,,,,,,,,,3295,TGR,
9,"BLUE DART EXPRESS LTD.,",31-12-23,2887,BAPU KALYAN THORAT,,,,,,,,,,,,,,,,,,,,,,2541,PUB/OB,
9,"BLUE DART EXPRESS LTD.,",31-12-23,2654,BHARAT CHANDRAKANT SHINDE,22,5,,2,,,1,,,,,,,,,,,,,,,2308,LORREL CHAKAN,
9,"BLUE DART EXPRESS LTD.,",31-12-23,2686,BHARAT RAGHU KOTWAL,24,5,,,,,1,,,,,,,,,,,,,,,2340,LORREL CHAKAN,
9,"BLUE DART EXPRESS LTD.,",31-12-23,4131,BHARATI CHANDRAKANT PANDIT,24,5,,,,,1,,,,,,,,,,,,,,,3785,HDP,
9,"BLUE DART EXPRESS LTD.,",31-12-23,4481,BHIMRAO VINAYAK KHUDE,24,5,,,,,1,,,,,,,,,,,,,,,,TWH,
9,"BLUE DART EXPRESS LTD.,",31-12-23,4527,DASHRATH  SAMPAT BHORDE ,24,5,,,,,1,,,,,,,,,,,,,,,,PVT,
9,"BLUE DART EXPRESS LTD.,",31-12-23,4506,DAYANAND VITTHAL KALWALE,16,2,12,,,,,,,,,,,,,,,,,,,,PCH,
9,"BLUE DART EXPRESS LTD.,",31-12-23,4573,DEEPAK  - THAKAR,21,5,,3,,,1,,,,,,,,,,,,,,,,PUB,
9,"BLUE DART EXPRESS LTD.,",31-12-23,3885,DEEPAK  PAWAR,24,5,,,,,1,,,,,,,,,,,,,,,3539,BARSHI,
9,"BLUE DART EXPRESS LTD.,",31-12-23,3798,DHIRAJ PRAMOD KASAB,23,5,,1,,,1,,,,,,,,,,,,,,,3452,BARSHI,
9,"BLUE DART EXPRESS LTD.,",31-12-23,4017,DILIP KISAN BADHE,19,5,,5,,,1,,,,,,,,,,,,,,,3671,ACCOUNTS,
9,"BLUE DART EXPRESS LTD.,",31-12-23,3996,DINESH  RANPISE,24,5,,,,,1,,,,,,,,,,,,,,,3650,KHED,
9,"BLUE DART EXPRESS LTD.,",31-12-23,4662,DIPAK - JADHAV,12,2,1,,,,,,,,,,,,,,,,,,,,KRC (KARAD),
9,"BLUE DART EXPRESS LTD.,",31-12-23,3940,DNYANESHWAR  KADAM,24,5,,,,,1,,,,,,,,,,,,,,,3594,KHED,
9,"BLUE DART EXPRESS LTD.,",31-12-23,4612,FARUK - NAIKWADE,23,5,,1,,,1,,,,,,,,,,,,,,,,KGL,
9,"BLUE DART EXPRESS LTD.,",31-12-23,4624,GANESH  ANANDRAO  JADHAV,22,5,2,,,,1,,,,,,,,,,,,,,,,BRN,
9,"BLUE DART EXPRESS LTD.,",31-12-23,4205,GANESH  SHANKAR  KASAB,24,5,,,,,1,,,,,,,,,,,,,,,,BRN,
9,"BLUE DART EXPRESS LTD.,",31-12-23,4453,GANESH A SHINDE,24,5,,,,,1,,,,,,,,,,,,,,,,BRN,
9,"BLUE DART EXPRESS LTD.,",31-12-23,2525,GANESH ANNA CHOBHE,24,5,,,,,1,,,,,,,,,,,,,,,2179,VIMANNAGAR,
9,"BLUE DART EXPRESS LTD.,",31-12-23,2476,GANESH CHANDRAKANT TILEKAR,23,5,,1,,,1,,,,,,,,,,,,,,,2130,SATARA,
9,"BLUE DART EXPRESS LTD.,",31-12-23,3836,GANESH TANAJI GORE,23,5,,1,,,1,,,,,,,,,,,,,,,3490,SAA,
9,"BLUE DART EXPRESS LTD.,",31-12-23,4643,GAURAV  - KAMBLE,23,5,1,,,,1,,,,,,,,,,,,,,,,BRN,
9,"BLUE DART EXPRESS LTD.,",31-12-23,4528,GAURAV  MAHENDRA MALI,,,,,,,,,,,,,,,,,,,,,,,SGV,
9,"BLUE DART EXPRESS LTD.,",31-12-23,4173,GORAKSHNATH DILIP SATHE,24,5,,,,,1,,,,,,,,,,,,,,,3827,BANER,
9,"BLUE DART EXPRESS LTD.,",31-12-23,4541,GURUNATH  - SANGAR,23,5,1,,,,1,,,,,,,,,,,,,,,,KHW,
9,"BLUE DART EXPRESS LTD.,",31-12-23,4440,HIMANSHU SHAILESH GARSUND,24,5,,,,,1,,,,,,,,,,,,,,,4440,BRN,
9,"BLUE DART EXPRESS LTD.,",31-12-23,2343,HIRA BALU SHELAR,24,5,,,,,1,,,,,,,,,,,,,,,1997,KHADAKI,
9,"BLUE DART EXPRESS LTD.,",31-12-23,4042,HIRAMAN HEMRAJ PARDESHI,22,5,,2,,,1,,,,,,,,,,,,,,,3696,SWH,
9,"BLUE DART EXPRESS LTD.,",31-12-23,2448,HITESH LALASO KHARADE,23,5,,1,,,1,,,,,,,,,,,,,,,2102,SATARA,
9,"BLUE DART EXPRESS LTD.,",31-12-23,4361,HRUSHIKESH  DEVIDAS  KULKARNI,24,5,,,,,1,,,,,,,,,,,,,,,4421,TWH,
9,"BLUE DART EXPRESS LTD.,",31-12-23,4574,ISHWAR  - PARDESHI,24,5,,,,,1,,,,,,,,,,,,,,,,PUB,
9,"BLUE DART EXPRESS LTD.,",31-12-23,4376,JAY  GANESH  CHAVAN,22,5,,1,,,1,1,,,,,,,,,,,,,,4432,TWH,
9,"BLUE DART EXPRESS LTD.,",31-12-23,4019,JEEVAN BHIKAJI KADAM,23,5,1,,,,1,,,,,,,,,,,,,,,3673,KHED,
9,"BLUE DART EXPRESS LTD.,",31-12-23,3097,KALPESH BHIKU CHAVAN,24,5,,,,,1,,,,,,,,,,,,,,,2751,PIMPRI,
9,"BLUE DART EXPRESS LTD.,",31-12-23,3702,KALYAN TRIMBAKRAO MUNE,24,5,,,,,1,,,,,,,,,,,,,,,3356,IT SAGAR,
9,"BLUE DART EXPRESS LTD.,",31-12-23,4644,KAPILDEV  - LOHAR,13,2,,,,,,,,,,,,,,,,,,,,,BRN,
9,"BLUE DART EXPRESS LTD.,",31-12-23,4238,KARAN  PRAKASH  KAVADE,23,5,,1,,,1,,,,,,,,,,,,,,,4392,HDP,
9,"BLUE DART EXPRESS LTD.,",31-12-23,4302,KARAN  RAMESH CHAVAN,21,5,,3,,,1,,,,,,,,,,,,,,,4405,BRN,
9,"BLUE DART EXPRESS LTD.,",31-12-23,3564,KARAN CHANDAR SHINDE,24,5,,,,,1,,,,,,,,,,,,,,,3218,SANGVI,
9,"BLUE DART EXPRESS LTD.,",31-12-23,3906,KARAN SHIVAJI KUCHEKAR,22,5,2,,,,1,,,,,,,,,,,,,,,3560,SANGVI,
9,"BLUE DART EXPRESS LTD.,",31-12-23,4659,KAUSTUBH - YADAV,13,5,10,,,,1,1,,,,,,,,,,,,,,,GAD,
9,"BLUE DART EXPRESS LTD.,",31-12-23,4549,KIRAN  - NIKAM,24,5,,,,,1,,,,,,,,,,,,,,,,PMC,
9,"BLUE DART EXPRESS LTD.,",31-12-23,1254,KISAN BABAN SHELAR,23,5,1,,,,1,,,,,,,,,,,,,,,908,APEX/SFC,
9,"BLUE DART EXPRESS LTD.,",31-12-23,4576,KISHAN - MOGARE,,,,,,,,,,,,,,,,,,,,,,,HNW,
9,"BLUE DART EXPRESS LTD.,",31-12-23,4120,KISHOR  RANJANE,23,5,,1,,,1,,,,,,,,,,,,,,,3774,WAI SATARA,
9,"BLUE DART EXPRESS LTD.,",31-12-23,2812,KISHOR BABAN GAWADE,21,5,,,,,1,3,,,,,,,,,,,,,,2466,PUB/HUB,
9,"BLUE DART EXPRESS LTD.,",31-12-23,4404,KISHOR NANASO NALAWADE,20,5,,2,,,1,2,,,,,,,,,,,,,,,KRC (KARAD),
9,"BLUE DART EXPRESS LTD.,",31-12-23,3227,KISHOR RAJU CHOUGULE,22,5,,2,,,1,,,,,,,,,,,,,,,2881,PUB/OB,
9,"BLUE DART EXPRESS LTD.,",31-12-23,4240,KRISHNA  ASHOK GAIKWAD,24,5,,,,,1,,,,,,,,,,,,,,,,HNW,
9,"BLUE DART EXPRESS LTD.,",31-12-23,4174,KRISHNA ASHOK SURYAWANSHI,18,4,7,,,,1,,,,,,,,,,,,,,,3828,HADAPSAR,
9,"BLUE DART EXPRESS LTD.,",31-12-23,3749,KULDIP ARVIND JAGDALE,23,5,,1,,,1,,,,,,,,,,,,,,,3403,BARSHI,
9,"BLUE DART EXPRESS LTD.,",31-12-23,4399,KUMAR  DAULAPPA  KOLI,24,5,,,,,1,,,,,,,,,,,,,,,,KON,
9,"BLUE DART EXPRESS LTD.,",31-12-23,4471,KUNAL  NITIN  KUMBHAR,24,5,,,,,1,,,,,,,,,,,,,,,4451,HNW,
9,"BLUE DART EXPRESS LTD.,",31-12-23,4158,KUNAL SUNIL  PILLAY,1,,,,,,,,,,,,,,,,,,,,,3812,BUND GARDEN,
9,"BLUE DART EXPRESS LTD.,",31-12-23,3939,LAKHAN  LANDE,23,5,,1,,,1,,,,,,,,,,,,,,,3593,BARSHI,
9,"BLUE DART EXPRESS LTD.,",31-12-23,1977,LATA AMBADAS KAWADE,24,5,,,,,1,,,,,,,,,,,,,,,1631,WAGHOLI,
9,"BLUE DART EXPRESS LTD.,",31-12-23,4030,MACHINDRA BABASANHEB SANGALE,24,5,,,,,1,,,,,,,,,,,,,,,3684,IT SAGAR,
9,"BLUE DART EXPRESS LTD.,",31-12-23,4314,MAHADEV  NANA SHINGATE,24,5,,,,,1,,,,,,,,,,,,,,,4414,BRN,
9,"BLUE DART EXPRESS LTD.,",31-12-23,4507,MAHARUDRA SHIVAJI GAVATE,24,5,,,,,1,,,,,,,,,,,,,,,,PCH,
9,"BLUE DART EXPRESS LTD.,",31-12-23,4577,MAHESH - SATHE,24,5,,,,,1,,,,,,,,,,,,,,,,HNW,
9,"BLUE DART EXPRESS LTD.,",31-12-23,4400,MAHESH ASHOK RATNAPARAKHE,23,5,1,,,,1,,,,,,,,,,,,,,,,PIR,
9,"BLUE DART EXPRESS LTD.,",31-12-23,3266,MAHESH BAPU NAVALE,23,5,,1,,,1,,,,,,,,,,,,,,,2920,KGL,
9,"BLUE DART EXPRESS LTD.,",31-12-23,3700,MANGAL NANDU KAPSE,23,5,,1,,,1,,,,,,,,,,,,,,,3354,IT SAGAR,
9,"BLUE DART EXPRESS LTD.,",31-12-23,4578,MANGESH - JADHAV,22,5,,1,,,1,1,,,,,,,,,,,,,,,PUB,
9,"BLUE DART EXPRESS LTD.,",31-12-23,4645,MANJUSHA  - TALELLU,24,5,,,,,1,,,,,,,,,,,,,,,,BRN,
9,"BLUE DART EXPRESS LTD.,",31-12-23,4058,MANOJ DNYANESHWAR SHINDE,24,5,,,,,1,,,,,,,,,,,,,,,3712,TWH,
9,"BLUE DART EXPRESS LTD.,",31-12-23,3249,MARUTI BABULAL MUNGASE,22,5,,2,,,1,,,,,,,,,,,,,,,2903,SKODA-VW CHAKAN,
9,"BLUE DART EXPRESS LTD.,",31-12-23,3666,MATRUSHWAR BASAVRAJ DODMANI,22,5,,2,,,1,,,,,,,,,,,,,,,3320,VIMANNAGAR,
9,"BLUE DART EXPRESS LTD.,",31-12-23,4543,MAYUR  - SHETTY,23,5,1,,,,1,,,,,,,,,,,,,,,,PMC,
9,"BLUE DART EXPRESS LTD.,",31-12-23,4646,MITHUN  - CHAVAN,20,5,,1,,,1,3,,,,,,,,,,,,,,,BRN,
9,"BLUE DART EXPRESS LTD.,",31-12-23,4579,MOHAMMAD - AKIB,24,5,,,,,1,,,,,,,,,,,,,,,,PUB,
9,"BLUE DART EXPRESS LTD.,",31-12-23,4380,MOHD AZHAR ZAFAR AZHAR,23,5,,1,,,1,,,,,,,,,,,,,,,4436,PCH,
9,"BLUE DART EXPRESS LTD.,",31-12-23,3318,MUKINDA DATTU PATOLE,23,5,,1,,,1,,,,,,,,,,,,,,,2972,VEC,
9,"BLUE DART EXPRESS LTD.,",31-12-23,4647,NAGESH  - KAMBLE,22,5,2,,,,1,,,,,,,,,,,,,,,,BRN,
9,"BLUE DART EXPRESS LTD.,",31-12-23,4550,NAMDEV  - NEHAY,24,5,,,,,1,,,,,,,,,,,,,,,,TLW,
9,"BLUE DART EXPRESS LTD.,",31-12-23,4580,NANDRAM - KEDAR,24,5,,,,,1,,,,,,,,,,,,,,,,PUB,
9,"BLUE DART EXPRESS LTD.,",31-12-23,3676,NARESH BABASO KOLI,23,5,,1,,,1,,,,,,,,,,,,,,,3330,KHW,
9,"BLUE DART EXPRESS LTD.,",31-12-23,4626,NAVNATH  SURESH  JADHAV,21,5,3,,,,1,,,,,,,,,,,,,,,,BRN,
9,"BLUE DART EXPRESS LTD.,",31-12-23,3060,NAVNATH ANANDA DHORE,24,5,,,,,1,,,,,,,,,,,,,,,2714,TWH,
9,"BLUE DART EXPRESS LTD.,",31-12-23,2833,NAVNATH BAJRANG KURELEKAR,24,5,,,,,1,,,,,,,,,,,,,,,2487,SATARA,
9,"BLUE DART EXPRESS LTD.,",31-12-23,3692,NAVNATH RAMCHANDRA PATIL,22,5,,,,,1,2,,,,,,,,,,,,,,3346,KARAD,
9,"BLUE DART EXPRESS LTD.,",31-12-23,4142,NIKHIL  SHINDE,22,5,,2,,,1,,,,,,,,,,,,,,,3796,TASGAON,
9,"BLUE DART EXPRESS LTD.,",31-12-23,1770,NILESH KALURAM DUMBARE,24,5,,,,,1,,,,,,,,,,,,,,,1424,LORREL CHAKAN,
9,"BLUE DART EXPRESS LTD.,",31-12-23,3121,NILESH NARAYAN KAJALE,24,5,,,,,1,,,,,,,,,,,,,,,2775,GENRAL MOTORS,
9,"BLUE DART EXPRESS LTD.,",31-12-23,2810,NILESH VASANTRAO JAGDALE,19,5,,3,,,1,2,,,,,,,,,,,,,,2464,KHW,
9,"BLUE DART EXPRESS LTD.,",31-12-23,4294,NITESH  NISHANT  MANDLIK,24,5,,,,,1,,,,,,,,,,,,,,,4397,KHW,
9,"BLUE DART EXPRESS LTD.,",31-12-23,3505,NITESH DIPAK AWAGHADE,24,5,,,,,1,,,,,,,,,,,,,,,3159,SATARA,
9,"BLUE DART EXPRESS LTD.,",31-12-23,4627,NITIN  VASANT  PAWAR,24,5,,,,,1,,,,,,,,,,,,,,,,KHP,
9,"BLUE DART EXPRESS LTD.,",31-12-23,4161,NITIN GOPINATH KADAM,22,5,,,,,1,2,,,,,,,,,,,,,,3815,PUB/OB,
9,"BLUE DART EXPRESS LTD.,",31-12-23,3877,NITIN GULAB SAWALE,24,5,,,,,1,,,,,,,,,,,,,,,3531,IT SAGAR,
9,"BLUE DART EXPRESS LTD.,",31-12-23,3448,NITIN SARJERAO BHOSALE,24,5,,,,,1,,,,,,,,,,,,,,,3102,PALUS,
9,"BLUE DART EXPRESS LTD.,",31-12-23,4628,OMKAR  - GHORPADE,,,,,,,,,,,,,,,,,,,,,,,TGR,
9,"BLUE DART EXPRESS LTD.,",31-12-23,4648,OMKAR  - SAWANT,24,5,,,,,1,,,,,,,,,,,,,,,,BRN,
9,"BLUE DART EXPRESS LTD.,",31-12-23,4319,OMKAR  DEEPAK  SALUNKE,24,5,,,,,1,,,,,,,,,,,,,,,4418,HDP,
9,"BLUE DART EXPRESS LTD.,",31-12-23,4311,OMKAR SAMPAT  INGWALE,24,5,,,,,1,,,,,,,,,,,,,,,4411,BRN,
9,"BLUE DART EXPRESS LTD.,",31-12-23,4299,ONKAR  RAJENDRA  POWAR,,,,,,,,,,,,,,,,,,,,,,4402,KHW,
9,"BLUE DART EXPRESS LTD.,",31-12-23,4601,PARESH - CHOUDHARI,24,5,,,,,1,,,,,,,,,,,,,,,,SGV,
9,"BLUE DART EXPRESS LTD.,",31-12-23,4581,PAVAN - DABADGANKAR,19,5,6,,,,,,,,,,,,,,,,,,,,PUB,
9,"BLUE DART EXPRESS LTD.,",31-12-23,4050,PIRSAB SALIM SHAIKH,24,5,,,,,1,,,,,,,,,,,,,,,3704,IT SAGAR,
9,"BLUE DART EXPRESS LTD.,",31-12-23,4134,PRABHAKAR SURESH  SAREGAON,24,5,,,,,1,,,,,,,,,,,,,,,3788,KHP,
9,"BLUE DART EXPRESS LTD.,",31-12-23,4677,PRADIP - ADHORE,21,5,3,,,,1,,,,,,,,,,,,,,,,SHG,
9,"BLUE DART EXPRESS LTD.,",31-12-23,3869,PRADIP TANAJI YEWALE,24,5,,,,,1,,,,,,,,,,,,,,,3523,GENRAL MOTORS,
9,"BLUE DART EXPRESS LTD.,",31-12-23,2723,PRAKASH SHIVAJI GAIKWAD,24,5,,,,,1,,,,,,,,,,,,,,,2377,LORREL CHAKAN,
9,"BLUE DART EXPRESS LTD.,",31-12-23,4201,PRALHAD  RAMCHANDRA  GAIKWAD,24,5,,,,,1,,,,,,,,,,,,,,,,BRN,
9,"BLUE DART EXPRESS LTD.,",31-12-23,4649,PRAMOD  - MAHAJAN,24,5,,,,,1,,,,,,,,,,,,,,,,BRN,
9,"BLUE DART EXPRESS LTD.,",31-12-23,4604,PRANAV - KEDARI,24,5,,,,,1,,,,,,,,,,,,,,,,WGH,
9,"BLUE DART EXPRESS LTD.,",31-12-23,3326,PRASAD PRAKASH SANAS,23,5,,1,,,1,,,,,,,,,,,,,,,2980,WAI SATARA,
9,"BLUE DART EXPRESS LTD.,",31-12-23,4059,PRASANNA NAVNATH SHINDE,23,5,,1,,,1,,,,,,,,,,,,,,,3713,TWH,
9,"BLUE DART EXPRESS LTD.,",31-12-23,4295,PRASHANT  PRALHAD  PATIL ,22,5,,2,,,1,,,,,,,,,,,,,,,4398,BRN,
9,"BLUE DART EXPRESS LTD.,",31-12-23,2830,PRASHANT YUVRAJ SALUNKHE,20,5,,4,,,1,,,,,,,,,,,,,,,2484,KHW,
9,"BLUE DART EXPRESS LTD.,",31-12-23,3457,PREMKUMAR ANIL PAWAR,18,5,,6,,,1,,,,,,,,,,,,,,,3111,PUB/OB,
9,"BLUE DART EXPRESS LTD.,",31-12-23,4316,PRIYANKA DEEPAK KUMBHAR,20,5,,4,,,1,,,,,,,,,,,,,,,4416,BRN,
9,"BLUE DART EXPRESS LTD.,",31-12-23,3902,PUNAJI HONAJI SHINGADE,23,5,,1,,,1,,,,,,,,,,,,,,,3556,LORREL CHAKAN,
9,"BLUE DART EXPRESS LTD.,",31-12-23,4673,RAHUL  - MANE,23,5,1,,,,1,,,,,,,,,,,,,,,,PMC,
9,"BLUE DART EXPRESS LTD.,",31-12-23,4629,RAHUL  DHONDIRAM  KOLI,24,5,,,,,1,,,,,,,,,,,,,,,,KHP,
9,"BLUE DART EXPRESS LTD.,",31-12-23,4582,RAHUL - GAWADE,23,5,,,,,1,1,,,,,,,,,,,,,,,PUB,
9,"BLUE DART EXPRESS LTD.,",31-12-23,4366,RAHUL  NATHA  MAZIRE,22,5,,2,,,1,,,,,,,,,,,,,,,4425,TWH,
9,"BLUE DART EXPRESS LTD.,",31-12-23,2703,RAHUL DHONDIBHAU THOMBARE,16,4,,9,,,1,,,,,,,,,,,,,,,2357,LORREL CHAKAN,
9,"BLUE DART EXPRESS LTD.,",31-12-23,4674,RAJ  - THORAVE,24,5,,,,,1,,,,,,,,,,,,,,,,HNW,
9,"BLUE DART EXPRESS LTD.,",31-12-23,4583,RAJARAM - GORIWALE,,,,,,,,,,,,,,,,,,,,,,,PCH,
9,"BLUE DART EXPRESS LTD.,",31-12-23,4584,RAJENDRA - LADAKE,,,,,,,,,,,,,,,,,,,,,,,TWH,
9,"BLUE DART EXPRESS LTD.,",31-12-23,4132,RAJESH SUBHASH SHIVALE,24,5,,,,,1,,,,,,,,,,,,,,,3786,TALEGAON DABHADE,
9,"BLUE DART EXPRESS LTD.,",31-12-23,4296,RAKESH BHIVAJI MAGDUM,24,5,,,,,1,,,,,,,,,,,,,,,4399,BRN,
9,"BLUE DART EXPRESS LTD.,",31-12-23,3381,RAKESH SHARAD KAMBLE,23,5,,1,,,1,,,,,,,,,,,,,,,3035,HDP,
9,"BLUE DART EXPRESS LTD.,",31-12-23,4491,RAM SURESH JADHAV,23,5,1,,,,1,,,,,,,,,,,,,,,,PMC,
9,"BLUE DART EXPRESS LTD.,",31-12-23,3245,RAMDAS VILAS RALE,24,5,,,,,1,,,,,,,,,,,,,,,2899,LORREL CHAKAN,
9,"BLUE DART EXPRESS LTD.,",31-12-23,4312,RAMESH BABURAO BANSODE,21,5,3,,,,1,,,,,,,,,,,,,,,4412,BRN,
9,"BLUE DART EXPRESS LTD.,",31-12-23,4483,RANJEET  SANJAY  KANASE,23,5,,1,,,1,,,,,,,,,,,,,,,,SAA,
9,"BLUE DART EXPRESS LTD.,",31-12-23,3782,RAVI BHAUSAHWB JADHAV,22,5,,2,,,1,,,,,,,,,,,,,,,3436,GENRAL MOTORS,
9,"BLUE DART EXPRESS LTD.,",31-12-23,3429,RAVI NATHU SAPRE,12,3,15,,,,,,,,,,,,,,,,,,,3083,PUB/HUB,
9,"BLUE DART EXPRESS LTD.,",31-12-23,4002,RAVIKIRAN RAGHUNATH PATIL,21,5,,1,,,1,2,,,,,,,,,,,,,,3656,KHW,
9,"BLUE DART EXPRESS LTD.,",31-12-23,4513,RAVINDRA  RAMCHANDRA  YADAV,23,5,1,,,,1,,,,,,,,,,,,,,,,SGV,
9,"BLUE DART EXPRESS LTD.,",31-12-23,2873,RAVINDRA KHANDU PAWAR,23,5,,1,,,1,,,,,,,,,,,,,,,2527,HINJWADI,
9,"BLUE DART EXPRESS LTD.,",31-12-23,2738,RAVINDRA KHEMA DHARADE,24,5,,,,,1,,,,,,,,,,,,,,,2392,LORREL CHAKAN,
9,"BLUE DART EXPRESS LTD.,",31-12-23,3579,RAVINDRA MANSING JADHAV,24,5,,,,,1,,,,,,,,,,,,,,,3233,IT SAGAR,
9,"BLUE DART EXPRESS LTD.,",31-12-23,3838,RENUKA ANMOL UJAGARE,24,5,,,,,1,,,,,,,,,,,,,,,3492,BRG,
9,"BLUE DART EXPRESS LTD.,",31-12-23,4650,ROHAN  - DAHIBATE,25,4,1,,,,,,,,,,,,,,,,,,,,BRN,
9,"BLUE DART EXPRESS LTD.,",31-12-23,4545,ROHAN  - GAIKWAD,23,5,1,,,,1,,,,,,,,,,,,,,,,TWH,
9,"BLUE DART EXPRESS LTD.,",31-12-23,4651,ROHAN  - MORE,,,,,,,,,,,,,,,,,,,,,,,BRN,
9,"BLUE DART EXPRESS LTD.,",31-12-23,4558,ROHIT - GAIKWAD,24,5,,,,,1,,,,,,,,,,,,,,,,PLV,
9,"BLUE DART EXPRESS LTD.,",31-12-23,4088,ROHIT  SONAWANE,22,5,,2,,,1,,,,,,,,,,,,,,,3742,WAI SATARA,
9,"BLUE DART EXPRESS LTD.,",31-12-23,4652,ROSHAN  - GAIKWAD,24,5,,,,,1,,,,,,,,,,,,,,,,BRN,
9,"BLUE DART EXPRESS LTD.,",31-12-23,3986,RUSHIKESH SAMBHAJI  SHENDGE,24,5,,,,,1,,,,,,,,,,,,,,,3640,VIN,
9,"BLUE DART EXPRESS LTD.,",31-12-23,3924,RUSHIKESH SAMBHAJI AGATE,24,5,,,,,1,,,,,,,,,,,,,,,3578,TWH,
9,"BLUE DART EXPRESS LTD.,",31-12-23,4530,RUTURAJ  SANTOSH  SONAWANE,,,,,,,,,,,,,,,,,,,,,,,PMC,
9,"BLUE DART EXPRESS LTD.,",31-12-23,4653,SACHIN  - DURGE,12,2,1,,,,,,,,,,,,,,,,,,,,BRN,
9,"BLUE DART EXPRESS LTD.,",31-12-23,4654,SACHIN  - HARGILE,19,3,7,,,,1,,,,,,,,,,,,,,,,BRN,
9,"BLUE DART EXPRESS LTD.,",31-12-23,4557,SACHIN - GHARE,,,,,,,,,,,,,,,,,,,,,,,PIR,
9,"BLUE DART EXPRESS LTD.,",31-12-23,4559,SACHIN - WADATE,22,5,,1,,,1,1,,,,,,,,,,,,,,,KRC (KARAD),
9,"BLUE DART EXPRESS LTD.,",31-12-23,3372,SACHIN SUBHASH BOIWAR,,,,,,,,,,,,,,,,,,,,,,3026,PUB/HUB,
9,"BLUE DART EXPRESS LTD.,",31-12-23,3925,SAGAR  SANAS,24,5,,,,,1,,,,,,,,,,,,,,,3579,WAI SATARA,
9,"BLUE DART EXPRESS LTD.,",31-12-23,4660,SAGAR DNYANDEV JADHAV,13,2,,,,,,,,,,,,,,,,,,,,,GAD,
9,"BLUE DART EXPRESS LTD.,",31-12-23,3631,SAGAR MADHUKAR THORAT,23,5,1,,,,1,,,,,,,,,,,,,,,3285,VEC,
9,"BLUE DART EXPRESS LTD.,",31-12-23,3856,SAGAR NANASO PAWAR,20,5,2,,,,1,2,,,,,,,,,,,,,,3510,KARAD,
9,"BLUE DART EXPRESS LTD.,",31-12-23,4403,SAGAR SAMBHAJI PATIL,23,5,,1,,,1,,,,,,,,,,,,,,,,TSG,
9,"BLUE DART EXPRESS LTD.,",31-12-23,3416,SAGAR SANJAY KANASE,24,5,,,,,1,,,,,,,,,,,,,,,3070,SATARA,
9,"BLUE DART EXPRESS LTD.,",31-12-23,3308,SAGAR SANJAY MAHAJAN,21,5,,2,,,1,1,,,,,,,,,,,,,,2962,TWH,
9,"BLUE DART EXPRESS LTD.,",31-12-23,3524,SAHIL GANGARAM ANKUSH,22,5,,1,,,1,1,,,,,,,,,,,,,,3178,PUB/OB,
9,"BLUE DART EXPRESS LTD.,",31-12-23,3753,SAIRAJ BHAGWAN GIRI,23,5,,1,,,1,,,,,,,,,,,,,,,3407,KHW,
9,"BLUE DART EXPRESS LTD.,",31-12-23,4630,SAMIR  - NAVGHANE,23,5,1,,,,1,,,,,,,,,,,,,,,,ADC,
9,"BLUE DART EXPRESS LTD.,",31-12-23,4585,SAMIR - BHOSALE,22,5,2,,,,1,,,,,,,,,,,,,,,,HNW,
9,"BLUE DART EXPRESS LTD.,",31-12-23,4610,SAMIR - GARADE,22,5,,2,,,1,,,,,,,,,,,,,,,,SHG,
9,"BLUE DART EXPRESS LTD.,",31-12-23,4159,SAMIR JAMIL SHAIKH,24,5,,,,,1,,,,,,,,,,,,,,,3813,MARKETYARD,
9,"BLUE DART EXPRESS LTD.,",31-12-23,2708,SAMIT LALASO PHADATARE,24,5,,,,,1,,,,,,,,,,,,,,,2362,SATARA,
9,"BLUE DART EXPRESS LTD.,",31-12-23,4300,SAMPAT  MOHAN  KAMBLE,23,5,,,,,1,1,,,,,,,,,,,,,,4403,BRN,
9,"BLUE DART EXPRESS LTD.,",31-12-23,3932,SANDEEP DATTATRAYA KUDALE,24,5,,,,,1,,,,,,,,,,,,,,,3586,TWH,
9,"BLUE DART EXPRESS LTD.,",31-12-23,2049,SANDEEP GANESH CHINCHANE,24,5,,,,,1,,,,,,,,,,,,,,,1703,BUND GARDEN,
9,"BLUE DART EXPRESS LTD.,",31-12-23,3909,SANDEEP NAMDEV RAIKAR,22,5,,2,,,1,,,,,,,,,,,,,,,3563,SANGVI,
9,"BLUE DART EXPRESS LTD.,",31-12-23,4476,SANDEEP PANDURANG VAZAREKAR,24,5,,,,,1,,,,,,,,,,,,,,,,GAD,
9,"BLUE DART EXPRESS LTD.,",31-12-23,4242,SANDESH  SANJAY PINATE,24,5,,,,,1,,,,,,,,,,,,,,,4395,HNW,
9,"BLUE DART EXPRESS LTD.,",31-12-23,4013,SANDESH BHIMSEN UDHANE,24,5,,,,,1,,,,,,,,,,,,,,,3667,TWH,
9,"BLUE DART EXPRESS LTD.,",31-12-23,4547,SANDIP  - SHIRSAT,22,5,2,,,,1,,,,,,,,,,,,,,,,PUB,
9,"BLUE DART EXPRESS LTD.,",31-12-23,4209,SANDIP  SUDAM  CHAKHALE,24,5,,,,,1,,,,,,,,,,,,,,,,BRN,
9,"BLUE DART EXPRESS LTD.,",31-12-23,4631,SANJEEV -  YEMBELWAR,10,4,15,,,,,,,,,,,,,,,,,,,,PMC,
9,"BLUE DART EXPRESS LTD.,",31-12-23,3527,SANTONI PRAKASH JAGTAP,22,5,,2,,,1,,,,,,,,,,,,,,,3181,PUB/HUB,
9,"BLUE DART EXPRESS LTD.,",31-12-23,4551,SANTOSH  - YEWALE,24,5,,,,,1,,,,,,,,,,,,,,,,TWH,
9,"BLUE DART EXPRESS LTD.,",31-12-23,2226,SANTOSH KAMLAKAR BHISE,23,5,,1,,,1,,,,,,,,,,,,,,,1880,SATARA,
9,"BLUE DART EXPRESS LTD.,",31-12-23,4655,SATISH  - HARGILE,23,5,,,,,1,1,,,,,,,,,,,,,,,BRN,
9,"BLUE DART EXPRESS LTD.,",31-12-23,4168,SATYJEET SURESH DABHADE,23,5,,,,,1,1,,,,,,,,,,,,,,3822,KHW,
9,"BLUE DART EXPRESS LTD.,",31-12-23,4546,SAURABH  - KUMBHAR,20,5,,4,,,1,,,,,,,,,,,,,,,,TWH,
9,"BLUE DART EXPRESS LTD.,",31-12-23,3917,SAWANKUMAR  BHUJANGE,24,5,,,,,1,,,,,,,,,,,,,,,3571,PARALI -VAIJANATH,
9,"BLUE DART EXPRESS LTD.,",31-12-23,4605,SHAILESH - DHAMUNE,24,4,,1,,,1,,,,,,,,,,,,,,,,KHW,
9,"BLUE DART EXPRESS LTD.,",31-12-23,4548,SHAKIB  - SHAIKH,23,5,,,,,1,1,,,,,,,,,,,,,,,PUB,
9,"BLUE DART EXPRESS LTD.,",31-12-23,4675,SHANKAR  - MANE,24,5,,,,,1,,,,,,,,,,,,,,,,PMC,
9,"BLUE DART EXPRESS LTD.,",31-12-23,2231,SHANKAR HANUMANTA JANGLE,23,5,,1,,,1,,,,,,,,,,,,,,,1885,PIMPRI CHINCHWAD,
9,"BLUE DART EXPRESS LTD.,",31-12-23,4611,SHARAD - GAIKWAD,13,2,,,,,,,,,,,,,,,,,,,,,KCT (KHED CITY),
9,"BLUE DART EXPRESS LTD.,",31-12-23,4531,SHASHIKANT  VIJAY LOYARE,24,5,,,,,1,,,,,,,,,,,,,,,,PVT,
9,"BLUE DART EXPRESS LTD.,",31-12-23,4187,SHEKHAR BHASKAR  ANDHALE,23,5,,1,,,1,,,,,,,,,,,,,,,4385,TWH,
9,"BLUE DART EXPRESS LTD.,",31-12-23,4632,SHIVTEJ - SATAV,24,5,,,,,1,,,,,,,,,,,,,,,,HNW,
9,"BLUE DART EXPRESS LTD.,",31-12-23,4148,SHOBHA DATTATRAY PALLAWAR,24,5,,,,,1,,,,,,,,,,,,,,,3802,CHAKAN,
9,"BLUE DART EXPRESS LTD.,",31-12-23,4663,SHRIPAD RAMESH BACHAL,13,2,,,,,,,,,,,,,,,,,,,,,WAI,
9,"BLUE DART EXPRESS LTD.,",31-12-23,3991,SHUBHAM MOHAN  MALI,22,5,,1,,,1,1,,,,,,,,,,,,,,3645,KHW,
9,"BLUE DART EXPRESS LTD.,",31-12-23,4239,SHUBHAM RAJESH VAKUDE,23,5,,,,,1,1,,,,,,,,,,,,,,4393,HDP,
9,"BLUE DART EXPRESS LTD.,",31-12-23,4510,SHUBHAM RAMCHANDRA SHINDE,24,5,,,,,1,,,,,,,,,,,,,,,,VIN,
9,"BLUE DART EXPRESS LTD.,",31-12-23,4313,SIBENDRANATH  JAGDISH  MAJHI,14,3,2,10,,,1,,,,,,,,,,,,,,,4413,BRN,
9,"BLUE DART EXPRESS LTD.,",31-12-23,3737,SIDDHESHWAR BALIRAM THORAT,23,5,,1,,,1,,,,,,,,,,,,,,,3391,TWH,
9,"BLUE DART EXPRESS LTD.,",31-12-23,4633,SOHEL  - SHAIKH,22,5,2,,,,1,,,,,,,,,,,,,,,,PMC,
9,"BLUE DART EXPRESS LTD.,",31-12-23,3946,SOMESHWAR  INGULKAR,22,5,,2,,,1,,,,,,,,,,,,,,,3600,MANJARI,
9,"BLUE DART EXPRESS LTD.,",31-12-23,4634,SOMNATH  - BODAKE,22,5,,2,,,1,,,,,,,,,,,,,,,,WGH,
9,"BLUE DART EXPRESS LTD.,",31-12-23,4057,SOMNATH DEVIDAS KULKARNI,24,5,,,,,1,,,,,,,,,,,,,,,3711,PWH,
9,"BLUE DART EXPRESS LTD.,",31-12-23,4043,SRINIVAS VILAS POWAR,20,5,,2,,,1,2,,,,,,,,,,,,,,3697,KHW,
9,"BLUE DART EXPRESS LTD.,",31-12-23,4402,SUDESH  DIGAMBAR  BHALERAO,24,5,,,,,1,,,,,,,,,,,,,,,,KCT (KHED CITY),
9,"BLUE DART EXPRESS LTD.,",31-12-23,2616,SUDHIR GOVIND NAIKARE,24,5,,,,,1,,,,,,,,,,,,,,,2270,SKODA-VW CHAKAN,
9,"BLUE DART EXPRESS LTD.,",31-12-23,3621,SUHAS SAKHARAM KADAM,20,5,,4,,,1,,,,,,,,,,,,,,,3275,PUB/OB,
9,"BLUE DART EXPRESS LTD.,",31-12-23,4329,SUNIL  BABAN PARDHI,24,5,,,,,1,,,,,,,,,,,,,,,,TWH,
9,"BLUE DART EXPRESS LTD.,",31-12-23,3936,SUNIL  PAWAR,21,5,,,,,1,3,,,,,,,,,,,,,,3590,KARAD,
9,"BLUE DART EXPRESS LTD.,",31-12-23,4010,SUNIL  RATHOD,20,5,,2,,,1,2,,,,,,,,,,,,,,3664,KARAD,
9,"BLUE DART EXPRESS LTD.,",31-12-23,4492,SUNIL CHANDRABHAN BIRADAR,24,5,,,,,1,,,,,,,,,,,,,,,,HNW,
9,"BLUE DART EXPRESS LTD.,",31-12-23,4055,SUNIL KHANDU PAWAR,24,5,,,,,1,,,,,,,,,,,,,,,3709,HINJWADI,
9,"BLUE DART EXPRESS LTD.,",31-12-23,4613,SUNNY - KAMBLE,23,5,,1,,,1,,,,,,,,,,,,,,,,KGL,
9,"BLUE DART EXPRESS LTD.,",31-12-23,4589,SURAJ - KEDARI,20,5,4,,,,1,,,,,,,,,,,,,,,,PUB,
9,"BLUE DART EXPRESS LTD.,",31-12-23,3969,SURAJ PRAKASH PAWAR,22,5,,2,,,1,,,,,,,,,,,,,,,3623,SATARA,
9,"BLUE DART EXPRESS LTD.,",31-12-23,4405,SURAJ SATYAWAN CHAVAN,22,5,,,,,1,2,,,,,,,,,,,,,,,KRC (KARAD),
9,"BLUE DART EXPRESS LTD.,",31-12-23,3054,SURESH ASHOK SHINDE,24,5,,,,,1,,,,,,,,,,,,,,,2708,SINHGAD ROAD,
9,"BLUE DART EXPRESS LTD.,",31-12-23,4204,SUSHANT  SHIVAJI  BHOSALE,24,5,,,,,1,,,,,,,,,,,,,,,,BRN,
9,"BLUE DART EXPRESS LTD.,",31-12-23,4511,SWAPNIL  SANJAY MALWADKAR,23,5,,1,,,1,,,,,,,,,,,,,,,,BRG,
9,"BLUE DART EXPRESS LTD.,",31-12-23,3449,SWAPNIL ANIL PAWAR,22,5,,2,,,1,,,,,,,,,,,,,,,3103,PALUS,
9,"BLUE DART EXPRESS LTD.,",31-12-23,4635,TATHAGAT  - KOLE,20,5,4,,,,1,,,,,,,,,,,,,,,,PMC,
9,"BLUE DART EXPRESS LTD.,",31-12-23,4656,TEJAS   - NISARGUNDE ,21,5,4,,,,,,,,,,,,,,,,,,,,BRN,
9,"BLUE DART EXPRESS LTD.,",31-12-23,4315,TEJAS JAYVANT BORKAR,23,5,,1,,,1,,,,,,,,,,,,,,,4415,BRN,
9,"BLUE DART EXPRESS LTD.,",31-12-23,2977,TUKARAM RAGHUNATH MEMANE,24,5,,,,,1,,,,,,,,,,,,,,,2631,LORREL CHAKAN,
9,"BLUE DART EXPRESS LTD.,",31-12-23,4636,TUSHAR  - KOKANE,24,5,,,,,1,,,,,,,,,,,,,,,,PMC,
9,"BLUE DART EXPRESS LTD.,",31-12-23,4235,TUSHAR RAJARAM RANAWARE,24,5,,,,,1,,,,,,,,,,,,,,,4390,BRN,
9,"BLUE DART EXPRESS LTD.,",31-12-23,4297,UMESH HINDURAO GADAVE,23,5,,1,,,1,,,,,,,,,,,,,,,4400,BRN,
9,"BLUE DART EXPRESS LTD.,",31-12-23,4637,VAIBHAV  - SATHE,24,5,,,,,1,,,,,,,,,,,,,,,,PUB,
9,"BLUE DART EXPRESS LTD.,",31-12-23,4198,VAIBHAV  VIJAY  KODOLKAR,22,5,,,,,1,2,,,,,,,,,,,,,,4388,BRN,
9,"BLUE DART EXPRESS LTD.,",31-12-23,4051,VAIBHAV RAMDAS MADVI,24,5,,,,,1,,,,,,,,,,,,,,,3705,IT SAGAR,
9,"BLUE DART EXPRESS LTD.,",31-12-23,4194,VAMAN  VIJAY  BHUJBAL,23,5,,1,,,1,,,,,,,,,,,,,,,4387,TWH,
9,"BLUE DART EXPRESS LTD.,",31-12-23,4146,VIJAY MAHADEV PAWAR,24,5,,,,,1,,,,,,,,,,,,,,,3800,TWH,
9,"BLUE DART EXPRESS LTD.,",31-12-23,4033,VIJAY SARJERAO PATIL,23,5,,1,,,1,,,,,,,,,,,,,,,3687,TWH,
9,"BLUE DART EXPRESS LTD.,",31-12-23,4188,VIKAS VAMAN BHALERAO,24,5,,,,,1,,,,,,,,,,,,,,,4386,SGB,
9,"BLUE DART EXPRESS LTD.,",31-12-23,4542,VIKI  JASVIRCHAND  VALMIKI,22,5,,2,,,1,,,,,,,,,,,,,,,,TWH,
9,"BLUE DART EXPRESS LTD.,",31-12-23,4353,VILAS  SHAMRAO  JADHAV,23,5,,1,,,1,,,,,,,,,,,,,,,,WAI,
9,"BLUE DART EXPRESS LTD.,",31-12-23,3332,VINAY YASHWANT RAJHUNS,22,5,,2,,,1,,,,,,,,,,,,,,,2986,KHW,
9,"BLUE DART EXPRESS LTD.,",31-12-23,4638,VINAYAK  - CHAFE,16,3,,,,,,,,,,,,,,,,,,,,,PMC,
9,"BLUE DART EXPRESS LTD.,",31-12-23,3630,VINOD HARI PAWAR,24,5,,,,,1,,,,,,,,,,,,,,,3284,PIMPRI,
9,"BLUE DART EXPRESS LTD.,",31-12-23,4172,VISHAL  BHIGUDE,22,5,,2,,,1,,,,,,,,,,,,,,,3826,GADHINGALAS,
9,"BLUE DART EXPRESS LTD.,",31-12-23,4149,VISHAL  LANDE,22,5,,2,,,1,,,,,,,,,,,,,,,3803,BARSHI,
9,"BLUE DART EXPRESS LTD.,",31-12-23,4533,VISHAL  MOHAN SAKAT,24,5,,,,,1,,,,,,,,,,,,,,,,HNW,
9,"BLUE DART EXPRESS LTD.,",31-12-23,4181,VISHAL AADHIK  JAMADAR,24,5,,,,,1,,,,,,,,,,,,,,,3835,SATARA,
9,"BLUE DART EXPRESS LTD.,",31-12-23,2813,VISHAL WALKU PARDHI,4,1,,5,,,,,,,,,,,,,,,,,,2467,TWH,
9,"BLUE DART EXPRESS LTD.,",31-12-23,4024,VITTHAL  SANAS,24,5,,,,,1,,,,,,,,,,,,,,,3678,WAI SATARA,
9,"BLUE DART EXPRESS LTD.,",31-12-23,4465,VIVEK KISAN GAJMAL,20,5,4,,,,1,,,,,,,,,,,,,,,,KTD,
9,"BLUE DART EXPRESS LTD.,",31-12-23,4298,YOGESH  VILAS  KANDGAVKAR,24,5,,,,,1,,,,,,,,,,,,,,,4401,BRN,
9,"BLUE DART EXPRESS LTD.,",31-12-23,2211,YOGESH MOHAN PAKHALE,17,5,2,5,,,1,,,,,,,,,,,,,,,1865,TWH,
9,"BLUE DART EXPRESS LTD.,",31-12-23,4676,YOGITA  - CHAUDHARY,23,5,1,,,,1,,,,,,,,,,,,,,,,HNW,
9,"BLUE DART EXPRESS LTD.,",31-12-23,4062,YOGITA SUDHIR KAMBLE,19,5,5,,,,1,,,,,,,,,,,,,,,3716,PMC,
9,"BLUE DART EXPRESS LTD.,",31-12-23,4590,YUVRAJ - LOYARE,23,5,,1,,,1,,,,,,,,,,,,,,,,PVT,
