 Client_id ,Client_name,Sal_month, Emp_id,Employee_NAME,present,weeklyoff,  absent, pl,cl,sl , paidholiday,additional, othours, nightshifts,incometax,canteen,extra_inc1, extra_inc2,leave_encash,extra_ded1,extra_ded2, wagediff,Allow_arrears, Ot_arrears,invalid,Client_id ,Client_name,Sal_month, Emp_id,Employee_NAME,Present,Weeklyoff,  Absent, Pl,Cl,Sl , Paidholiday,Additional, Othours, Nightshifts,Incometax,Canteen,Extra_inc1, Extra_inc2,Leave_encash,Extra_ded1,Extra_ded2, Wagediff,Allow_arrears, Ot_arrears,Invalid
9,"BLUE DART EXPRESS LTD.,",30-06-23,2502,ABHIJEET NANDAKUMAR GAWARE,26,4,,,,,,,,,,,,,,,,,,,,2156,TWH,,,,,,,,,,,,,,,,,,,,,,,,
9,"BLUE DART EXPRESS LTD.,",30-06-23,4165,ABHIJIT JAGANNATH PISAL,25,4,,1,,,,,,,,,,,,,,,,,,3819,SATARA,,,,,,,,,,,,,,,,,,,,,,,,
9,"BLUE DART EXPRESS LTD.,",30-06-23,4169,ABHISHEK GANESH SAKAT,23,4,3,,,,,,,,,,,,,,,,,,,3823,WGH,,,,,,,,,,,,,,,,,,,,,,,,
9,"BLUE DART EXPRESS LTD.,",30-06-23,4040,ADITYA ASHOK PATOLE,26,4,,,,,,,,,,,,,,,,,,,,3694,SHRIGONDA,,,,,,,,,,,,,,,,,,,,,,,,
9,"BLUE DART EXPRESS LTD.,",30-06-23,4301,AKASH  BHAGWAT CHATE,26,4,,,,,,,,,,,,,,,,,,,,4404,BRN,,,,,,,,,,,,,,,,,,,,,,,,
9,"BLUE DART EXPRESS LTD.,",30-06-23,4363,AKASH  MANIK  KAMBLE,,,,,,,,,,,,,,,,,,,,,,4423,PCH,,,,,,,,,,,,,,,,,,,,,,,,
9,"BLUE DART EXPRESS LTD.,",30-06-23,4177,AKASH DATTATRAY CHANDANE,22,4,4,,,,,,,,,,,,,,,,,,,3831,MARKETYARD,,,,,,,,,,,,,,,,,,,,,,,,
9,"BLUE DART EXPRESS LTD.,",30-06-23,4371,AKASH DILIP SURYAWANSHI,26,4,,,,,,,,,,,,,,,,,,,,4429,PCH,,,,,,,,,,,,,,,,,,,,,,,,
9,"BLUE DART EXPRESS LTD.,",30-06-23,4027,AKASH GANPAT THAKAR,21,4,1,4,,,,1,,,,,,,,,,,,,,3681,PUB/OB,,,,,,,,,,,,,,,,,,,,,,,,
9,"BLUE DART EXPRESS LTD.,",30-06-23,4171,AKASH PRAKASH PARADHI,26,4,,,,,,,,,,,,,,,,,,,,3825,TWH,,,,,,,,,,,,,,,,,,,,,,,,
9,"BLUE DART EXPRESS LTD.,",30-06-23,4378,AKBAR SHARPPODIN SHAIKH,24,4,,2,,,,,,,,,,,,,,,,,,4434,ELECTRONICA,,,,,,,,,,,,,,,,,,,,,,,,
9,"BLUE DART EXPRESS LTD.,",30-06-23,3667,AKIB ABDUL SALIM SHAIKH,23,4,,3,,,,,,,,,,,,,,,,,,3321,MARKETYARD,,,,,,,,,,,,,,,,,,,,,,,,
9,"BLUE DART EXPRESS LTD.,",30-06-23,4234,ALTAF ASIF SHAIKH,24,4,,2,,,,,,,,,,,,,,,,,,4389,BRG,,,,,,,,,,,,,,,,,,,,,,,,
9,"BLUE DART EXPRESS LTD.,",30-06-23,3491,AMIR FIROJ KILLEDAR,24,4,,,,,,2,,,,,,,,,,,,,,3145,KHW,,,,,,,,,,,,,,,,,,,,,,,,
9,"BLUE DART EXPRESS LTD.,",30-06-23,4078,AMIT RAMESH SAWALE,24,4,,2,,,,,,,,,,,,,,,,,,3732,TWH,,,,,,,,,,,,,,,,,,,,,,,,
9,"BLUE DART EXPRESS LTD.,",30-06-23,3898,AMIT VIJAY JAGDALE,26,4,,,,,,,,,,,,,,,,,,,,3552,TWH,,,,,,,,,,,,,,,,,,,,,,,,
9,"BLUE DART EXPRESS LTD.,",30-06-23,4293,AMOL  ANNAPPA  TELVEKAR,25,4,,1,,,,,,,,,,,,,,,,,,4396,BRN,,,,,,,,,,,,,,,,,,,,,,,,
9,"BLUE DART EXPRESS LTD.,",30-06-23,3796,AMOL KAILAS JANGADE,,,,,,,,,,,,,,,,,,,,,,3450,EDP,,,,,,,,,,,,,,,,,,,,,,,,
9,"BLUE DART EXPRESS LTD.,",30-06-23,2836,AMOL RAJENDRA KADAM,26,4,,,,,,,,,,,,,,,,,,,,2490,SATARA,,,,,,,,,,,,,,,,,,,,,,,,
9,"BLUE DART EXPRESS LTD.,",30-06-23,4490,ANAGHA ANISH SHERAMKAR,23,4,3,,,,,,,,,,,,,,,,,,,,SGV,,,,,,,,,,,,,,,,,,,,,,,,
9,"BLUE DART EXPRESS LTD.,",30-06-23,3523,ANANDA RUKMAJI WAGHMARE,26,4,,,,,,,,,,,,,,,,,,,,3177,PUB/OB,,,,,,,,,,,,,,,,,,,,,,,,
9,"BLUE DART EXPRESS LTD.,",30-06-23,3458,ANANTA CHINDHU DHORE,22,4,1,3,,,,,,,,,,,,,,,,,,3112,TWH,,,,,,,,,,,,,,,,,,,,,,,,
9,"BLUE DART EXPRESS LTD.,",30-06-23,4466,ANIKET  DASHRATH  KSHIRSAGAR,25,4,1,,,,,,,,,,,,,,,,,,,4446,PMC,,,,,,,,,,,,,,,,,,,,,,,,
9,"BLUE DART EXPRESS LTD.,",30-06-23,4438,ANIKET HARIDAS WAGH,26,4,,,,,,,,,,,,,,,,,,,,4438,TWH,,,,,,,,,,,,,,,,,,,,,,,,
9,"BLUE DART EXPRESS LTD.,",30-06-23,4362,ANIKET NITIN GAIKWAD,,,,,,,,,,,,,,,,,,,,,,4422,SID,,,,,,,,,,,,,,,,,,,,,,,,
9,"BLUE DART EXPRESS LTD.,",30-06-23,4308,ANIL  MADHUKAR CHAVAN,26,4,,,,,,,,,,,,,,,,,,,,4408,SAA,,,,,,,,,,,,,,,,,,,,,,,,
9,"BLUE DART EXPRESS LTD.,",30-06-23,3000,ANIL GORAKHNATH KEMSE,21,4,,5,,,,,,,,,,,,,,,,,,2654,EDP,,,,,,,,,,,,,,,,,,,,,,,,
9,"BLUE DART EXPRESS LTD.,",30-06-23,3649,ANIL MOHAN DUMBARE,26,4,,,,,,,,,,,,,,,,,,,,3303,SKODA-VW CHAKAN,,,,,,,,,,,,,,,,,,,,,,,,
9,"BLUE DART EXPRESS LTD.,",30-06-23,4175,ARJUN BAPU UMAP,26,4,,,,,,,,,,,,,,,,,,,,3829,TWH,,,,,,,,,,,,,,,,,,,,,,,,
9,"BLUE DART EXPRESS LTD.,",30-06-23,4377,ARVIND  PANDURANG  KUMBHAR,23,4,,3,,,,,,,,,,,,,,,,,,4433,TWH,,,,,,,,,,,,,,,,,,,,,,,,
9,"BLUE DART EXPRESS LTD.,",30-06-23,4379,ARYAN BHANUDAS JAGTAP,24,4,,2,,,,,,,,,,,,,,,,,,4435,ELECTRONICA,,,,,,,,,,,,,,,,,,,,,,,,
9,"BLUE DART EXPRESS LTD.,",30-06-23,3793,ASHISH SINGH MAHINDRAPAL BHATTI,26,4,,,,,,,,,,,,,,,,,,,,3447,SANGVI,,,,,,,,,,,,,,,,,,,,,,,,
9,"BLUE DART EXPRESS LTD.,",30-06-23,4439,ASHOK KISHOR SHINDE,25,4,,1,,,,,,,,,,,,,,,,,,4439,BRN,,,,,,,,,,,,,,,,,,,,,,,,
9,"BLUE DART EXPRESS LTD.,",30-06-23,3328,ASHOK VAIJINATH LONDHE,26,4,,,,,,,,,,,,,,,,,,,,2982,LORREL CHAKAN,,,,,,,,,,,,,,,,,,,,,,,,
9,"BLUE DART EXPRESS LTD.,",30-06-23,4309,ATUL  DILIP  DHONDAWAD,25,4,,1,,,,,,,,,,,,,,,,,,4409,BRN,,,,,,,,,,,,,,,,,,,,,,,,
9,"BLUE DART EXPRESS LTD.,",30-06-23,4469,AVINASH  MAHADU  DHORE,12,1,17,,,,,,,,,,,,,,,,,,,4449,TWH,,,,,,,,,,,,,,,,,,,,,,,,
9,"BLUE DART EXPRESS LTD.,",30-06-23,4178,AVINASH DATTATRAY CHANDANE,25,4,1,,,,,,,,,,,,,,,,,,,3832,MARKETYARD,,,,,,,,,,,,,,,,,,,,,,,,
9,"BLUE DART EXPRESS LTD.,",30-06-23,2887,BAPU KALYAN THORAT,26,4,,,,,,,,,,,,,,,,,,,,2541,PUB/OB,,,,,,,,,,,,,,,,,,,,,,,,
9,"BLUE DART EXPRESS LTD.,",30-06-23,2654,BHARAT CHANDRAKANT SHINDE,26,4,,,,,,,,,,,,,,,,,,,,2308,LORREL CHAKAN,,,,,,,,,,,,,,,,,,,,,,,,
9,"BLUE DART EXPRESS LTD.,",30-06-23,2686,BHARAT RAGHU KOTWAL,26,4,,,,,,,,,,,,,,,,,,,,2340,LORREL CHAKAN,,,,,,,,,,,,,,,,,,,,,,,,
9,"BLUE DART EXPRESS LTD.,",30-06-23,4131,BHARATI CHANDRAKANT PANDIT,25,4,,1,,,,,,,,,,,,,,,,,,3785,HDP,,,,,,,,,,,,,,,,,,,,,,,,
9,"BLUE DART EXPRESS LTD.,",30-06-23,4028,DEEPAK GANPAT AGALE,23,4,1,2,,,,,,,,,,,,,,,,,,3682,PUB/OB,,,,,,,,,,,,,,,,,,,,,,,,
9,"BLUE DART EXPRESS LTD.,",30-06-23,4005,DEEPAK RAMESH PAWAR,9,1,,,,,,,,,,,,,,,,,,,,3659,LORREL CHAKAN,,,,,,,,,,,,,,,,,,,,,,,,
9,"BLUE DART EXPRESS LTD.,",30-06-23,2525,GANESH ANNA CHOBHE,24,4,,2,,,,,,,,,,,,,,,,,,2179,VIMANNAGAR,,,,,,,,,,,,,,,,,,,,,,,,
9,"BLUE DART EXPRESS LTD.,",30-06-23,2476,GANESH CHANDRAKANT TILEKAR,26,4,,,,,,,,,,,,,,,,,,,,2130,SATARA,,,,,,,,,,,,,,,,,,,,,,,,
9,"BLUE DART EXPRESS LTD.,",30-06-23,4310,GANESH SANJAY KATE,19,4,5,2,,,,,,,,,,,,,,,,,,4410,BRN,,,,,,,,,,,,,,,,,,,,,,,,
9,"BLUE DART EXPRESS LTD.,",30-06-23,3836,GANESH TANAJI GORE,26,4,,,,,,,,,,,,,,,,,,,,3490,SAA,,,,,,,,,,,,,,,,,,,,,,,,
9,"BLUE DART EXPRESS LTD.,",30-06-23,3089,GOKUL NARAYAN BATHE,12,2,16,,,,,,,,,,,,,,,,,,,2743,SINHGAD ROAD,,,,,,,,,,,,,,,,,,,,,,,,
9,"BLUE DART EXPRESS LTD.,",30-06-23,4160,GOKUL SANTOSH PAWAR,,,,,,,,,,,,,,,,,,,,,,3814,TWH,,,,,,,,,,,,,,,,,,,,,,,,
9,"BLUE DART EXPRESS LTD.,",30-06-23,4173,GORAKSHNATH DILIP SATHE,25,4,1,,,,,,,,,,,,,,,,,,,3827,BANER,,,,,,,,,,,,,,,,,,,,,,,,
9,"BLUE DART EXPRESS LTD.,",30-06-23,4440,HIMANSHU SHAILESH GARSUND,26,4,,,,,,,,,,,,,,,,,,,,4440,BRN,,,,,,,,,,,,,,,,,,,,,,,,
9,"BLUE DART EXPRESS LTD.,",30-06-23,2448,HITESH LALASO KHARADE,26,4,,,,,,,,,,,,,,,,,,,,2102,SATARA,,,,,,,,,,,,,,,,,,,,,,,,
9,"BLUE DART EXPRESS LTD.,",30-06-23,4361,HRUSHIKESH  DEVIDAS  KULKARNI,25,4,1,,,,,,,,,,,,,,,,,,,4421,TWH,,,,,,,,,,,,,,,,,,,,,,,,
9,"BLUE DART EXPRESS LTD.,",30-06-23,4441,IRFAN HIMMAT MULLA,,,,,,,,,,,,,,,,,,,,,,4441,BRN,,,,,,,,,,,,,,,,,,,,,,,,
9,"BLUE DART EXPRESS LTD.,",30-06-23,4376,JAY  GANESH  CHAVAN,23,4,3,,,,,3,,,,,,,,,,,,,,4432,TWH,,,,,,,,,,,,,,,,,,,,,,,,
9,"BLUE DART EXPRESS LTD.,",30-06-23,3097,KALPESH BHIKU CHAVAN,26,4,,,,,,,,,,,,,,,,,,,,2751,PIMPRI,,,,,,,,,,,,,,,,,,,,,,,,
9,"BLUE DART EXPRESS LTD.,",30-06-23,4238,KARAN  PRAKASH  KAVADE,26,4,,,,,,,,,,,,,,,,,,,,4392,HDP,,,,,,,,,,,,,,,,,,,,,,,,
9,"BLUE DART EXPRESS LTD.,",30-06-23,4302,KARAN  RAMESH CHAVAN,26,4,,,,,,,,,,,,,,,,,,,,4405,BRN,,,,,,,,,,,,,,,,,,,,,,,,
9,"BLUE DART EXPRESS LTD.,",30-06-23,3906,KARAN SHIVAJI KUCHEKAR,24,4,2,,,,,,,,,,,,,,,,,,,3560,SANGVI,,,,,,,,,,,,,,,,,,,,,,,,
9,"BLUE DART EXPRESS LTD.,",30-06-23,1254,KISAN BABAN SHELAR,23,4,,3,,,,,,,,,,,,,,,,,,908,APEX/SFC,,,,,,,,,,,,,,,,,,,,,,,,
9,"BLUE DART EXPRESS LTD.,",30-06-23,2812,KISHOR BABAN GAWADE,25,4,1,,,,,,,,,,,,,,,,,,,2466,PUB/HUB,,,,,,,,,,,,,,,,,,,,,,,,
9,"BLUE DART EXPRESS LTD.,",30-06-23,3227,KISHOR RAJU CHOUGULE,25,4,,1,,,,,,,,,,,,,,,,,,2881,PUB/OB,,,,,,,,,,,,,,,,,,,,,,,,
9,"BLUE DART EXPRESS LTD.,",30-06-23,4442,KOMAL HANMANT CHAVAN,17,3,10,,,,,,,,,,,,,,,,,,,4442,BRN,,,,,,,,,,,,,,,,,,,,,,,,
9,"BLUE DART EXPRESS LTD.,",30-06-23,4241,KRISHNA  ASHOK GAIKWAD,26,4,,,,,,,,,,,,,,,,,,,,4394,HNW,,,,,,,,,,,,,,,,,,,,,,,,
9,"BLUE DART EXPRESS LTD.,",30-06-23,4174,KRISHNA ASHOK SURYAWANSHI,24,4,2,,,,,,,,,,,,,,,,,,,3828,HADAPSAR,,,,,,,,,,,,,,,,,,,,,,,,
9,"BLUE DART EXPRESS LTD.,",30-06-23,4471,KUNAL  NITIN  KUMBHAR,26,4,,,,,,,,,,,,,,,,,,,,4451,HNW,,,,,,,,,,,,,,,,,,,,,,,,
9,"BLUE DART EXPRESS LTD.,",30-06-23,4158,KUNAL SUNIL  PILLAY,25,4,,1,,,,,,,,,,,,,,,,,,3812,BUND GARDEN,,,,,,,,,,,,,,,,,,,,,,,,
9,"BLUE DART EXPRESS LTD.,",30-06-23,3115,LAXMAN DHULAPPA HARLAYYA,25,4,1,,,,,1,,,,,,,,,,,,,,2769,PUB/OB,,,,,,,,,,,,,,,,,,,,,,,,
9,"BLUE DART EXPRESS LTD.,",30-06-23,2710,MACHINDRA VITTHAL WEHALE,26,4,,,,,,,,,,,,,,,,,,,,2364,LORREL CHAKAN,,,,,,,,,,,,,,,,,,,,,,,,
9,"BLUE DART EXPRESS LTD.,",30-06-23,4314,MAHADEV  NANA SHINGATE,26,4,,,,,,,,,,,,,,,,,,,,4414,BRN,,,,,,,,,,,,,,,,,,,,,,,,
9,"BLUE DART EXPRESS LTD.,",30-06-23,4373,MANISH  MADAN  JADHAV,,,,,,,,,,,,,,,,,,,,,,4430,BRG,,,,,,,,,,,,,,,,,,,,,,,,
9,"BLUE DART EXPRESS LTD.,",30-06-23,4058,MANOJ DNYANESHWAR SHINDE,23,4,,3,,,,,,,,,,,,,,,,,,3712,TWH,,,,,,,,,,,,,,,,,,,,,,,,
9,"BLUE DART EXPRESS LTD.,",30-06-23,3249,MARUTI BABULAL MUNGASE,26,4,,,,,,,,,,,,,,,,,,,,2903,SKODA-VW CHAKAN,,,,,,,,,,,,,,,,,,,,,,,,
9,"BLUE DART EXPRESS LTD.,",30-06-23,3666,MATRUSHWAR BASAVRAJ DODMANI,21,4,,5,,,,,,,,,,,,,,,,,,3320,VIMANNAGAR,,,,,,,,,,,,,,,,,,,,,,,,
9,"BLUE DART EXPRESS LTD.,",30-06-23,4380,MOHD AZHAR ZAFAR AZHAR,24,4,2,,,,,,,,,,,,,,,,,,,4436,PCH,,,,,,,,,,,,,,,,,,,,,,,,
9,"BLUE DART EXPRESS LTD.,",30-06-23,3318,MUKINDA DATTU PATOLE,25,4,,1,,,,,,,,,,,,,,,,,,2972,VEC,,,,,,,,,,,,,,,,,,,,,,,,
9,"BLUE DART EXPRESS LTD.,",30-06-23,3060,NAVNATH ANANDA DHORE,26,4,,,,,,,,,,,,,,,,,,,,2714,TWH,,,,,,,,,,,,,,,,,,,,,,,,
9,"BLUE DART EXPRESS LTD.,",30-06-23,2833,NAVNATH BAJRANG KURELEKAR,26,4,,,,,,,,,,,,,,,,,,,,2487,SATARA,,,,,,,,,,,,,,,,,,,,,,,,
9,"BLUE DART EXPRESS LTD.,",30-06-23,4467,NILESH  RAJU  DEGALMADI,25,4,1,,,,,,,,,,,,,,,,,,,4447,PMC,,,,,,,,,,,,,,,,,,,,,,,,
9,"BLUE DART EXPRESS LTD.,",30-06-23,1770,NILESH KALURAM DUMBARE,26,4,,,,,,,,,,,,,,,,,,,,1424,LORREL CHAKAN,,,,,,,,,,,,,,,,,,,,,,,,
9,"BLUE DART EXPRESS LTD.,",30-06-23,3121,NILESH NARAYAN KAJALE,26,4,,,,,,,,,,,,,,,,,,,,2775,GENRAL MOTORS,,,,,,,,,,,,,,,,,,,,,,,,
9,"BLUE DART EXPRESS LTD.,",30-06-23,4482,NILESH SHARAD KAMBLE,20,4,3,3,,,,,,,,,,,,,,,,,,,HDP,,,,,,,,,,,,,,,,,,,,,,,,
9,"BLUE DART EXPRESS LTD.,",30-06-23,2810,NILESH VASANTRAO JAGDALE,24,4,,2,,,, ,,,,,,,,,,,,,,2464,KHW,,,,,,,,,,,,,,,,,,,,,,,,
9,"BLUE DART EXPRESS LTD.,",30-06-23,4294,NITESH  NISHANT  MANDLIK,26,4,,,,,,,,,,,,,,,,,,,,4397,KHW,,,,,,,,,,,,,,,,,,,,,,,,
9,"BLUE DART EXPRESS LTD.,",30-06-23,3505,NITESH DIPAK AWAGHADE,22,4,,4,,,,,,,,,,,,,,,,,,3159,SATARA,,,,,,,,,,,,,,,,,,,,,,,,
9,"BLUE DART EXPRESS LTD.,",30-06-23,4161,NITIN GOPINATH KADAM,23,4,,3,,,,,,,,,,,,,,,,,,3815,PUB/OB,,,,,,,,,,,,,,,,,,,,,,,,
9,"BLUE DART EXPRESS LTD.,",30-06-23,4319,OMKAR  DEEPAK  SALUNKE,26,4,,,,,,,,,,,,,,,,,,,,4418,HDP,,,,,,,,,,,,,,,,,,,,,,,,
9,"BLUE DART EXPRESS LTD.,",30-06-23,4374,OMKAR  UTTAM SHINDE,20,4,6,,,,,,,,,,,,,,,,,,,4431,SID,,,,,,,,,,,,,,,,,,,,,,,,
9,"BLUE DART EXPRESS LTD.,",30-06-23,4337,OMKAR DATTATRAYA SHINDE,24,4,2,,,,,,,,,,,,,,,,,,,4420,SID,,,,,,,,,,,,,,,,,,,,,,,,
9,"BLUE DART EXPRESS LTD.,",30-06-23,4311,OMKAR SAMPAT  INGWALE,24,4,,2,,,,,,,,,,,,,,,,,,4411,BRN,,,,,,,,,,,,,,,,,,,,,,,,
9,"BLUE DART EXPRESS LTD.,",30-06-23,4299,ONKAR  RAJENDRA  POWAR,24,4,,2,,,,,,,,,,,,,,,,,,4402,KHW,,,,,,,,,,,,,,,,,,,,,,,,
9,"BLUE DART EXPRESS LTD.,",30-06-23,4061,PANKAJ SURYAKANT NANGARE,18,3,6,3,,,,,,,,,,,,,,,,,,3715,TWH,,,,,,,,,,,,,,,,,,,,,,,,
9,"BLUE DART EXPRESS LTD.,",30-06-23,4050,PIRSAB SALIM SHAIKH,25,4,,1,,,,,,,,,,,,,,,,,,3704,IT SAGAR,,,,,,,,,,,,,,,,,,,,,,,,
9,"BLUE DART EXPRESS LTD.,",30-06-23,4134,PRABHAKAR SURESH  SAREGAON,26,4,,,,,,,,,,,,,,,,,,,,3788,KHP,,,,,,,,,,,,,,,,,,,,,,,,
9,"BLUE DART EXPRESS LTD.,",30-06-23,3368,PRADIP DHONDIRAM PATIL,25,4,,,,,,1,,,,,,,,,,,,,,3022,KHW,,,,,,,,,,,,,,,,,,,,,,,,
9,"BLUE DART EXPRESS LTD.,",30-06-23,3869,PRADIP TANAJI YEWALE,26,4,,,,,,,,,,,,,,,,,,,,3523,GENRAL MOTORS,,,,,,,,,,,,,,,,,,,,,,,,
9,"BLUE DART EXPRESS LTD.,",30-06-23,2723,PRAKASH SHIVAJI GAIKWAD,24,4,,2,,,,,,,,,,,,,,,,,,2377,LORREL CHAKAN,,,,,,,,,,,,,,,,,,,,,,,,
9,"BLUE DART EXPRESS LTD.,",30-06-23,4059,PRASANNA NAVNATH SHINDE,24,4,,2,,,,,,,,,,,,,,,,,,3713,TWH,,,,,,,,,,,,,,,,,,,,,,,,
9,"BLUE DART EXPRESS LTD.,",30-06-23,4295,PRASHANT  PRALHAD  PATIL ,25,4,1,1,,,,,,,,,,,,,,,,,,4398,BRN,,,,,,,,,,,,,,,,,,,,,,,,
9,"BLUE DART EXPRESS LTD.,",30-06-23,2830,PRASHANT YUVRAJ SALUNKHE,24,4,,2,,,,,,,,,,,,,,,,,,2484,KHW,,,,,,,,,,,,,,,,,,,,,,,,
9,"BLUE DART EXPRESS LTD.,",30-06-23,3457,PREMKUMAR ANIL PAWAR,26,4,,,,,,,,,,,,,,,,,,,,3111,PUB/OB,,,,,,,,,,,,,,,,,,,,,,,,
9,"BLUE DART EXPRESS LTD.,",30-06-23,4316,PRIYANKA DEEPAK KUMBHAR,26,4,,,,,,,,,,,,,,,,,,,,4416,BRN,,,,,,,,,,,,,,,,,,,,,,,,
9,"BLUE DART EXPRESS LTD.,",30-06-23,3902,PUNAJI HONAJI SHINGADE,25,4,,1,,,,,,,,,,,,,,,,,,3556,LORREL CHAKAN,,,,,,,,,,,,,,,,,,,,,,,,
9,"BLUE DART EXPRESS LTD.,",30-06-23,4366,RAHUL  NATHA  MAZIRE,20,4,,6,,,,,,,,,,,,,,,,,,4425,TWH,,,,,,,,,,,,,,,,,,,,,,,,
9,"BLUE DART EXPRESS LTD.,",30-06-23,2703,RAHUL DHONDIBHAU THOMBARE,26,4,,,,,,,,,,,,,,,,,,,,2357,LORREL CHAKAN,,,,,,,,,,,,,,,,,,,,,,,,
9,"BLUE DART EXPRESS LTD.,",30-06-23,4015,RAHUL KAILASH DHAWALE,21,4,,5,,,,,,,,,,,,,,,,,,3669,TWH,,,,,,,,,,,,,,,,,,,,,,,,
9,"BLUE DART EXPRESS LTD.,",30-06-23,4132,RAJESH SUBHASH SHIVALE,26,4,,,,,,,,,,,,,,,,,,,,3786,TALEGAON DABHADE,,,,,,,,,,,,,,,,,,,,,,,,
9,"BLUE DART EXPRESS LTD.,",30-06-23,4296,RAKESH BHIVAJI MAGDUM,24,4,,2,,,,,,,,,,,,,,,,,,4399,BRN,,,,,,,,,,,,,,,,,,,,,,,,
9,"BLUE DART EXPRESS LTD.,",30-06-23,3381,RAKESH SHARAD KAMBLE,24,4,,2,,,,,,,,,,,,,,,,,,3035,HDP,,,,,,,,,,,,,,,,,,,,,,,,
9,"BLUE DART EXPRESS LTD.,",30-06-23,4491,RAM SURESH JADHAV,26,4,,,,,,,,,,,,,,,,,,,,,PMC,,,,,,,,,,,,,,,,,,,,,,,,
9,"BLUE DART EXPRESS LTD.,",30-06-23,3245,RAMDAS VILAS RALE,26,4,,,,,,,,,,,,,,,,,,,,2899,LORREL CHAKAN,,,,,,,,,,,,,,,,,,,,,,,,
9,"BLUE DART EXPRESS LTD.,",30-06-23,4312,RAMESH BABURAO BANSODE,18,3,10,,,,,,,,,,,,,,,,,,,4412,BRN,,,,,,,,,,,,,,,,,,,,,,,,
9,"BLUE DART EXPRESS LTD.,",30-06-23,4483,RANJEET  SANJAY  KANASE,24,4,,2,,,,,,,,,,,,,,,,,,,SAA,,,,,,,,,,,,,,,,,,,,,,,,
9,"BLUE DART EXPRESS LTD.,",30-06-23,3782,RAVI BHAUSAHWB JADHAV,26,4,,,,,,,,,,,,,,,,,,,,3436,GENRAL MOTORS,,,,,,,,,,,,,,,,,,,,,,,,
9,"BLUE DART EXPRESS LTD.,",30-06-23,3429,RAVI NATHU SAPRE,23,4,,,,,,,,,,,,,,,,,,,,3083,PUB/HUB,,,,,,,,,,,,,,,,,,,,,,,,
9,"BLUE DART EXPRESS LTD.,",30-06-23,4002,RAVIKIRAN RAGHUNATH PATIL,26,4,,,,,,,,,,,,,,,,,,,,3656,KHW,,,,,,,,,,,,,,,,,,,,,,,,
9,"BLUE DART EXPRESS LTD.,",30-06-23,2738,RAVINDRA KHEMA DHARADE,26,4,,,,,,,,,,,,,,,,,,,,2392,LORREL CHAKAN,,,,,,,,,,,,,,,,,,,,,,,,
9,"BLUE DART EXPRESS LTD.,",30-06-23,3986,RUSHIKESH SAMBHAJI  SHENDGE,12,2,16,,,,,,,,,,,,,,,,,,,3640,GENRAL MOTORS,,,,,,,,,,,,,,,,,,,,,,,,
9,"BLUE DART EXPRESS LTD.,",30-06-23,3924,RUSHIKESH SAMBHAJI AGATE,18,4,,8,,,,,,,,,,,,,,,,,,3578,TWH,,,,,,,,,,,,,,,,,,,,,,,,
9,"BLUE DART EXPRESS LTD.,",30-06-23,3372,SACHIN SUBHASH BOIWAR,23,4,1,2,,,,,,,,,,,,,,,,,,3026,PUB/HUB,,,,,,,,,,,,,,,,,,,,,,,,
9,"BLUE DART EXPRESS LTD.,",30-06-23,3631,SAGAR MADHUKAR THORAT,21,4,2,3,,,,,,,,,,,,,,,,,,3285,VEC,,,,,,,,,,,,,,,,,,,,,,,,
9,"BLUE DART EXPRESS LTD.,",30-06-23,3416,SAGAR SANJAY KANASE,24,4,,2,,,,,,,,,,,,,,,,,,3070,SATARA,,,,,,,,,,,,,,,,,,,,,,,,
9,"BLUE DART EXPRESS LTD.,",30-06-23,3308,SAGAR SANJAY MAHAJAN,23,4,,3,,,,,,,,,,,,,,,,,,2962,TWH,,,,,,,,,,,,,,,,,,,,,,,,
9,"BLUE DART EXPRESS LTD.,",30-06-23,3524,SAHIL GANGARAM ANKUSH,24,4,,2,,,,,,,,,,,,,,,,,,3178,PUB/OB,,,,,,,,,,,,,,,,,,,,,,,,
9,"BLUE DART EXPRESS LTD.,",30-06-23,3753,SAIRAJ BHAGWAN GIRI,23,4,1,2,,,,,,,,,,,,,,,,,,3407,KHW,,,,,,,,,,,,,,,,,,,,,,,,
9,"BLUE DART EXPRESS LTD.,",30-06-23,4159,SAMIR JAMIL SHAIKH,18,3,6,3,,,,,,,,,,,,,,,,,,3813,MARKETYARD,,,,,,,,,,,,,,,,,,,,,,,,
9,"BLUE DART EXPRESS LTD.,",30-06-23,2708,SAMIT LALASO PHADATARE,26,4,,,,,,,,,,,,,,,,,,,,2362,SATARA,,,,,,,,,,,,,,,,,,,,,,,,
9,"BLUE DART EXPRESS LTD.,",30-06-23,4300,SAMPAT  MOHAN  KAMBLE,24,4,,2,,,,,,,,,,,,,,,,,,4403,BRN,,,,,,,,,,,,,,,,,,,,,,,,
9,"BLUE DART EXPRESS LTD.,",30-06-23,3932,SANDEEP DATTATRAYA KUDALE,26,4,,,,,,,,,,,,,,,,,,,,3586,TWH,,,,,,,,,,,,,,,,,,,,,,,,
9,"BLUE DART EXPRESS LTD.,",30-06-23,2049,SANDEEP GANESH CHINCHANE,26,4,,,,,,,,,,,,,,,,,,,,1703,BUND GARDEN,,,,,,,,,,,,,,,,,,,,,,,,
9,"BLUE DART EXPRESS LTD.,",30-06-23,3909,SANDEEP NAMDEV RAIKAR,26,4,,,,,,,,,,,,,,,,,,,,3563,SANGVI,,,,,,,,,,,,,,,,,,,,,,,,
9,"BLUE DART EXPRESS LTD.,",30-06-23,4242,SANDESH  SANJAY PINATE,25,4,,1,,,,,,,,,,,,,,,,,,4395,HNW,,,,,,,,,,,,,,,,,,,,,,,,
9,"BLUE DART EXPRESS LTD.,",30-06-23,4013,SANDESH BHIMSEN UDHANE,25,4,,1,,,,,,,,,,,,,,,,,,3667,TWH,,,,,,,,,,,,,,,,,,,,,,,,
9,"BLUE DART EXPRESS LTD.,",30-06-23,4470,SANDIP VASANT SHINDE,24,4,,2,,,,,,,,,,,,,,,,,,4450,TWH,,,,,,,,,,,,,,,,,,,,,,,,
9,"BLUE DART EXPRESS LTD.,",30-06-23,4303,SANJAY  KUNDLIK  RAJGE,23,4,,2,,,,1,,,,,,,,,,,,,,4406,PUB,,,,,,,,,,,,,,,,,,,,,,,,
9,"BLUE DART EXPRESS LTD.,",30-06-23,4446,SANJEEV SHESHMANI SHARMA,26,4,,,,,,,,,,,,,,,,,,,,4444,BRN,,,,,,,,,,,,,,,,,,,,,,,,
9,"BLUE DART EXPRESS LTD.,",30-06-23,3527,SANTONI PRAKASH JAGTAP,22,4,2,,,,,2,,,,,,,,,,,,,,3181,PUB/HUB,,,,,,,,,,,,,,,,,,,,,,,,
9,"BLUE DART EXPRESS LTD.,",30-06-23,2226,SANTOSH KAMLAKAR BHISE,24,4,,2,,,,,,,,,,,,,,,,,,1880,SATARA,,,,,,,,,,,,,,,,,,,,,,,,
9,"BLUE DART EXPRESS LTD.,",30-06-23,4168,SATYJEET SURESH DABHADE,22,4,,2,,,,2,,,,,,,,,,,,,,3822,KHW,,,,,,,,,,,,,,,,,,,,,,,,
9,"BLUE DART EXPRESS LTD.,",30-06-23,4236,SAYALI  MURALIDHAR  ASAWALE,,,,,,,,,,,,,,,,,,,,,,4391,CAH,,,,,,,,,,,,,,,,,,,,,,,,
9,"BLUE DART EXPRESS LTD.,",30-06-23,4187,SHEKHAR BHASKAR  ANDHALE,19,4,7,,,,,,,,,,,,,,,,,,,4385,TWH,,,,,,,,,,,,,,,,,,,,,,,,
9,"BLUE DART EXPRESS LTD.,",30-06-23,4370,SHUBHAM  RAVJI  BHOIR,26,4,,,,,,,,,,,,,,,,,,,,4428,HNW,,,,,,,,,,,,,,,,,,,,,,,,
9,"BLUE DART EXPRESS LTD.,",30-06-23,4468,SHUBHAM  SAMPAT  BHALERAO,26,4,,,,,,,,,,,,,,,,,,,,4448,PMC,,,,,,,,,,,,,,,,,,,,,,,,
9,"BLUE DART EXPRESS LTD.,",30-06-23,4176,SHUBHAM DNYANESHWAR CHANDANE,25,4,1,,,,,,,,,,,,,,,,,,,3830,MARKETYARD,,,,,,,,,,,,,,,,,,,,,,,,
9,"BLUE DART EXPRESS LTD.,",30-06-23,3991,SHUBHAM MOHAN  MALI,23,4,,2,,,,1,,,,,,,,,,,,,,3645,KHW,,,,,,,,,,,,,,,,,,,,,,,,
9,"BLUE DART EXPRESS LTD.,",30-06-23,4239,SHUBHAM RAJESH VAKUDE,24,4,,2,,,,,,,,,,,,,,,,,,4393,HDP,,,,,,,,,,,,,,,,,,,,,,,,
9,"BLUE DART EXPRESS LTD.,",30-06-23,4313,SIBENDRANATH  JAGDISH  MAJHI,25,4,,1,,,,,,,,,,,,,,,,,,4413,BRN,,,,,,,,,,,,,,,,,,,,,,,,
9,"BLUE DART EXPRESS LTD.,",30-06-23,3737,SIDDHESHWAR BALIRAM THORAT,22,4,,4,,,,,,,,,,,,,,,,,,3391,TWH,,,,,,,,,,,,,,,,,,,,,,,,
9,"BLUE DART EXPRESS LTD.,",30-06-23,4057,SOMNATH DEVIDAS KULKARNI,26,4,,,,,,,,,,,,,,,,,,,,3711,PWH,,,,,,,,,,,,,,,,,,,,,,,,
9,"BLUE DART EXPRESS LTD.,",30-06-23,4449,SOPAN  ASHOK YEDMAL,11,2,17,,,,,,,,,,,,,,,,,,,4445,BRN,,,,,,,,,,,,,,,,,,,,,,,,
9,"BLUE DART EXPRESS LTD.,",30-06-23,4043,SRINIVAS VILAS POWAR,23,4,,1,,,,2,,,,,,,,,,,,,,3697,KHW,,,,,,,,,,,,,,,,,,,,,,,,
9,"BLUE DART EXPRESS LTD.,",30-06-23,2616,SUDHIR GOVIND NAIKARE,26,4,,,,,,,,,,,,,,,,,,,,2270,SKODA-VW CHAKAN,,,,,,,,,,,,,,,,,,,,,,,,
9,"BLUE DART EXPRESS LTD.,",30-06-23,3621,SUHAS SAKHARAM KADAM,26,4,,,,,,,,,,,,,,,,,,,,3275,PUB/OB,,,,,,,,,,,,,,,,,,,,,,,,
9,"BLUE DART EXPRESS LTD.,",30-06-23,4492,SUNIL CHANDRABHAN BIRADAR,24,4,2,,,,,,,,,,,,,,,,,,,,HNW,,,,,,,,,,,,,,,,,,,,,,,,
9,"BLUE DART EXPRESS LTD.,",30-06-23,3969,SURAJ PRAKASH PAWAR,24,4,,2,,,,,,,,,,,,,,,,,,3623,SATARA,,,,,,,,,,,,,,,,,,,,,,,,
9,"BLUE DART EXPRESS LTD.,",30-06-23,4315,TEJAS JAYVANT BORKAR,25,4,,1,,,,,,,,,,,,,,,,,,4415,BRN,,,,,,,,,,,,,,,,,,,,,,,,
9,"BLUE DART EXPRESS LTD.,",30-06-23,2977,TUKARAM RAGHUNATH MEMANE,26,4,,,,,,,,,,,,,,,,,,,,2631,LORREL CHAKAN,,,,,,,,,,,,,,,,,,,,,,,,
9,"BLUE DART EXPRESS LTD.,",30-06-23,4235,TUSHAR RAJARAM RANAWARE,26,4,,,,,,,,,,,,,,,,,,,,4390,BRN,,,,,,,,,,,,,,,,,,,,,,,,
9,"BLUE DART EXPRESS LTD.,",30-06-23,4297,UMESH HINDURAO GADAVE,10,1,17,2,,,,,,,,,,,,,,,,,,4400,BRN,,,,,,,,,,,,,,,,,,,,,,,,
9,"BLUE DART EXPRESS LTD.,",30-06-23,4198,VAIBHAV  VIJAY  KODOLKAR,26,4,,,,,,,,,,,,,,,,,,,,4388,BRN,,,,,,,,,,,,,,,,,,,,,,,,
9,"BLUE DART EXPRESS LTD.,",30-06-23,4493,VAIBHAV BALU THORAT,26,4,,,,,,,,,,,,,,,,,,,,,PMC,,,,,,,,,,,,,,,,,,,,,,,,
9,"BLUE DART EXPRESS LTD.,",30-06-23,4051,VAIBHAV RAMDAS MADVI,26,4,,,,,,,,,,,,,,,,,,,,3705,IT SAGAR,,,,,,,,,,,,,,,,,,,,,,,,
9,"BLUE DART EXPRESS LTD.,",30-06-23,4194,VAMAN  VIJAY  BHUJBAL,25,4,,1,,,,,,,,,,,,,,,,,,4387,TWH,,,,,,,,,,,,,,,,,,,,,,,,
9,"BLUE DART EXPRESS LTD.,",30-06-23,4451,VIGHNESH  RAJESH PAWAR,,,,,,,,,,,,,,,,,,,,,,4383,BRN,,,,,,,,,,,,,,,,,,,,,,,,
9,"BLUE DART EXPRESS LTD.,",30-06-23,4146,VIJAY MAHADEV PAWAR,26,4,,,,,,,,,,,,,,,,,,,,3800,TWH,,,,,,,,,,,,,,,,,,,,,,,,
9,"BLUE DART EXPRESS LTD.,",30-06-23,4033,VIJAY SARJERAO PATIL,25,4,,1,,,,,,,,,,,,,,,,,,3687,TWH,,,,,,,,,,,,,,,,,,,,,,,,
9,"BLUE DART EXPRESS LTD.,",30-06-23,3670,VIKAS RAJU BHOR,20,3,,7,,,,,,,,,,,,,,,,,,3324,LORREL CHAKAN,,,,,,,,,,,,,,,,,,,,,,,,
9,"BLUE DART EXPRESS LTD.,",30-06-23,4188,VIKAS VAMAN BHALERAO,26,4,,,,,,,,,,,,,,,,,,,,4386,SGB,,,,,,,,,,,,,,,,,,,,,,,,
9,"BLUE DART EXPRESS LTD.,",30-06-23,3332,VINAY YASHWANT RAJHUNS,25,4,,,,,,1,,,,,,,,,,,,,,2986,KHW,,,,,,,,,,,,,,,,,,,,,,,,
9,"BLUE DART EXPRESS LTD.,",30-06-23,3630,VINOD HARI PAWAR,26,4,,,,,,,,,,,,,,,,,,,,3284,PIMPRI,,,,,,,,,,,,,,,,,,,,,,,,
9,"BLUE DART EXPRESS LTD.,",30-06-23,4181,VISHAL AADHIK  JAMADAR,25,4,1,,,,,,,,,,,,,,,,,,,3835,SATARA,,,,,,,,,,,,,,,,,,,,,,,,
9,"BLUE DART EXPRESS LTD.,",30-06-23,2813,VISHAL WALKU PARDHI,19,4,3,3,,,,1,,,,,,,,,,,,,,2467,TWH,,,,,,,,,,,,,,,,,,,,,,,,
9,"BLUE DART EXPRESS LTD.,",30-06-23,4298,YOGESH  VILAS  KANDGAVKAR,25,4,,1,,,,,,,,,,,,,,,,,,4401,BRN,,,,,,,,,,,,,,,,,,,,,,,,
9,"BLUE DART EXPRESS LTD.,",30-06-23,2211,YOGESH MOHAN PAKHALE,24,4,,2,,,,,,,,,,,,,,,,,,1865,TWH,,,,,,,,,,,,,,,,,,,,,,,,
9,"BLUE DART EXPRESS LTD.,",30-06-23,4062,YOGITA SUDHIR KAMBLE,25,4,1,,,,,,,,,,,,,,,,,,,3716,PMC,,,,,,,,,,,,,,,,,,,,,,,,
