 Client_id ,Client_name,Sal_month, Emp_id,Employee_NAME,Present,Weeklyoff,  Absent,Pl,Cl,Sl, Paidholiday,Additional,Othours, Nightshifts,Incometax,Canteen,Extra_inc1, Extra_inc2,Leave_encash,Extra_ded1,Extra_ded2, Wagediff,Allow_arrears, Ot_arrears,Invalid,Ticket_no, Dept_Name, Comp_ticket_no
9,"BLUE DART EXPRESS LTD.,",31-10-23,2502,ABHIJEET NANDAKUMAR GAWARE,23,5,,,,,2,,,,,,,,,,,,,,,2156,TWH,
9,"BLUE DART EXPRESS LTD.,",31-10-23,4165,ABHIJIT JAGANNATH PISAL,22,5,,1,,,2,,,,,,,,,,,,,,,3819,SATARA,
9,"BLUE DART EXPRESS LTD.,",31-10-23,4169,ABHISHEK GANESH SAKAT,23,5,,,,,2,,,,,,,,,,,,,,,3823,WGH,
9,"BLUE DART EXPRESS LTD.,",31-10-23,4040,ADITYA ASHOK PATOLE,22,5,,,,,2,1,,,,,,,,,,,,,,3694,SHRIGONDA,
9,"BLUE DART EXPRESS LTD.,",31-10-23,4301,AKASH  BHAGWAT CHATE,23,5,,,,,2,,,,,,,,,,,,,,,4404,BRN,
9,"BLUE DART EXPRESS LTD.,",31-10-23,4177,AKASH DATTATRAY CHANDANE,4,1,24,,,,1,,,,,,,,,,,,,,,3831,MARKETYARD,
9,"BLUE DART EXPRESS LTD.,",31-10-23,4371,AKASH DILIP SURYAWANSHI,22,5,,1,,,2,,,,,,,,,,,,,,,4429,PCH,
9,"BLUE DART EXPRESS LTD.,",31-10-23,4027,AKASH GANPAT THAKAR,17,5,,4,,,2,2,,,,,,,,,,,,,,3681,PUB/OB,
9,"BLUE DART EXPRESS LTD.,",31-10-23,4526,AKASH PRAKASH DIXIT,21,5,,,,,2,2,,,,,,,,,,,,,,,KHW,
9,"BLUE DART EXPRESS LTD.,",31-10-23,4171,AKASH PRAKASH PARADHI,23,5,,,,,2,,,,,,,,,,,,,,,3825,TWH,
9,"BLUE DART EXPRESS LTD.,",31-10-23,4378,AKBAR SHARPPODIN SHAIKH,23,5,,,,,2,,,,,,,,,,,,,,,4434,ELECTRONICA,
9,"BLUE DART EXPRESS LTD.,",31-10-23,3667,AKIB ABDUL SALIM SHAIKH,21,5,,2,,,2,,,,,,,,,,,,,,,3321,MARKETYARD,
9,"BLUE DART EXPRESS LTD.,",31-10-23,4505,AKIF  ARIF KHAN,20,5,3,,,,2,,,,,,,,,,,,,,,,SID,
9,"BLUE DART EXPRESS LTD.,",31-10-23,4234,ALTAF ASIF SHAIKH,23,5,,,,,2,,,,,,,,,,,,,,,4389,BRG,
9,"BLUE DART EXPRESS LTD.,",31-10-23,4571,AMAR - WALMIKI,20,5,1,2,,,2,,,,,,,,,,,,,,,,TWH,
9,"BLUE DART EXPRESS LTD.,",31-10-23,3491,AMIR FIROJ KILLEDAR,19,5,,1,,,2,3,,,,,,,,,,,,,,3145,KHW,
9,"BLUE DART EXPRESS LTD.,",31-10-23,4078,AMIT RAMESH SAWALE,23,5,,,,,2,,,,,,,,,,,,,,,3732,TWH,
9,"BLUE DART EXPRESS LTD.,",31-10-23,3898,AMIT VIJAY JAGDALE,23,5,,,,,2,,,,,,,,,,,,,,,3552,TWH,
9,"BLUE DART EXPRESS LTD.,",31-10-23,4293,AMOL  ANNAPPA  TELVEKAR,23,5,,,,,2,,,,,,,,,,,,,,,4396,BRN,
9,"BLUE DART EXPRESS LTD.,",31-10-23,2836,AMOL RAJENDRA KADAM,23,5,,,,,2,,,,,,,,,,,,,,,2490,SATARA,
9,"BLUE DART EXPRESS LTD.,",31-10-23,4490,ANAGHA ANISH SHERAMKAR,23,5,,,,,2,,,,,,,,,,,,,,,,SGV,
9,"BLUE DART EXPRESS LTD.,",31-10-23,3523,ANANDA RUKMAJI WAGHMARE,18,5,4,3,,,2,2,,,,,,,,,,,,,,3177,PUB/OB,
9,"BLUE DART EXPRESS LTD.,",31-10-23,3458,ANANTA CHINDHU DHORE,22,5,1,,,,2,,,,,,,,,,,,,,,3112,TWH,
9,"BLUE DART EXPRESS LTD.,",31-10-23,4438,ANIKET HARIDAS WAGH,,,,,,,,,,,,,,,,,,,,,,4438,TWH,
9,"BLUE DART EXPRESS LTD.,",31-10-23,4308,ANIL  MADHUKAR CHAVAN,22,5,,1,,,2,,,,,,,,,,,,,,,4408,SAA,
9,"BLUE DART EXPRESS LTD.,",31-10-23,3000,ANIL GORAKHNATH KEMSE,23,5,,,,,2,,,,,,,,,,,,,,,2654,EDP,
9,"BLUE DART EXPRESS LTD.,",31-10-23,3649,ANIL MOHAN DUMBARE,23,5,,,,,2,,,,,,,,,,,,,,,3303,SKODA-VW CHAKAN,
9,"BLUE DART EXPRESS LTD.,",31-10-23,4377,ARVIND  PANDURANG  KUMBHAR,18,5,5,,,,2,,,,,,,,,,,,,,,4433,TWH,
9,"BLUE DART EXPRESS LTD.,",31-10-23,4379,ARYAN BHANUDAS JAGTAP,,,,,,,,,,,,,,,,,,,,,,4435,ELECTRONICA,
9,"BLUE DART EXPRESS LTD.,",31-10-23,3793,ASHISH SINGH MAHINDRAPAL BHATTI,21,5,,2,,,2,,,,,,,,,,,,,,,3447,SANGVI,
9,"BLUE DART EXPRESS LTD.,",31-10-23,4439,ASHOK KISHOR SHINDE,23,5,,,,,2,,,,,,,,,,,,,,,4439,BRN,
9,"BLUE DART EXPRESS LTD.,",31-10-23,3328,ASHOK VAIJINATH LONDHE,19,5,4,,,,2,,,,,,,,,,,,,,,2982,LORREL CHAKAN,
9,"BLUE DART EXPRESS LTD.,",31-10-23,4309,ATUL  DILIP  DHONDAWAD,6,1,,,,,2,,,,,,,,,,,,,,,4409,BRN,
9,"BLUE DART EXPRESS LTD.,",31-10-23,4572,AVINASH  - DHORE,,,,,,,,,,,,,,,,,,,,,,,TWH,
9,"BLUE DART EXPRESS LTD.,",31-10-23,4178,AVINASH DATTATRAY CHANDANE,22,5,1,,,,2,,,,,,,,,,,,,,,3832,MARKETYARD,
9,"BLUE DART EXPRESS LTD.,",31-10-23,2887,BAPU KALYAN THORAT,23,5,,,,,2,,,,,,,,,,,,,,,2541,PUB/OB,
9,"BLUE DART EXPRESS LTD.,",31-10-23,2654,BHARAT CHANDRAKANT SHINDE,23,5,,,,,2,,,,,,,,,,,,,,,2308,LORREL CHAKAN,
9,"BLUE DART EXPRESS LTD.,",31-10-23,2686,BHARAT RAGHU KOTWAL,23,5,,,,,2,,,,,,,,,,,,,,,2340,LORREL CHAKAN,
9,"BLUE DART EXPRESS LTD.,",31-10-23,4131,BHARATI CHANDRAKANT PANDIT,23,5,,,,,2,,,,,,,,,,,,,,,3785,HDP,
9,"BLUE DART EXPRESS LTD.,",31-10-23,4527,DASHRATH  SAMPAT BHORDE ,23,5,,,,,2,,,,,,,,,,,,,,,,PVT,
9,"BLUE DART EXPRESS LTD.,",31-10-23,4506,DAYANAND VITTHAL KALWALE,21,5,,2,,,2,,,,,,,,,,,,,,,,PCH,
9,"BLUE DART EXPRESS LTD.,",31-10-23,4573,DEEPAK  - THAKAR,23,5,,,,,2,,,,,,,,,,,,,,,,PUB,
9,"BLUE DART EXPRESS LTD.,",31-10-23,4028,DEEPAK GANPAT AGALE,,,,,,,,,,,,,,,,,,,,,,3682,PUB/OB,
9,"BLUE DART EXPRESS LTD.,",31-10-23,2525,GANESH ANNA CHOBHE,23,5,,,,,2,,,,,,,,,,,,,,,2179,VIMANNAGAR,
9,"BLUE DART EXPRESS LTD.,",31-10-23,4162,GANESH BALU KENDALE,,,,,,,,,,,,,,,,,,,,,,3816,TWH,
9,"BLUE DART EXPRESS LTD.,",31-10-23,2476,GANESH CHANDRAKANT TILEKAR,23,5,,,,,2,,,,,,,,,,,,,,,2130,SATARA,
9,"BLUE DART EXPRESS LTD.,",31-10-23,3836,GANESH TANAJI GORE,23,5,,,,,2,,,,,,,,,,,,,,,3490,SAA,
9,"BLUE DART EXPRESS LTD.,",31-10-23,4528,GAURAV  MAHENDRA MALI,23,5,,,,,2,,,,,,,,,,,,,,,,SGV,
9,"BLUE DART EXPRESS LTD.,",31-10-23,4173,GORAKSHNATH DILIP SATHE,23,5,,,,,2,,,,,,,,,,,,,,,3827,BANER,
9,"BLUE DART EXPRESS LTD.,",31-10-23,4529,GURUDAS BHARAT CHANDANSHIVE ,,,,,,,,,,,,,,,,,,,,,,,PMC,
9,"BLUE DART EXPRESS LTD.,",31-10-23,4541,GURUNATH  - SANGAR,21,5,,1,,,2,1,,,,,,,,,,,,,,,KHW,
9,"BLUE DART EXPRESS LTD.,",31-10-23,4440,HIMANSHU SHAILESH GARSUND,23,5,,,,,2,,,,,,,,,,,,,,,4440,BRN,
9,"BLUE DART EXPRESS LTD.,",31-10-23,2448,HITESH LALASO KHARADE,23,5,,,,,2,,,,,,,,,,,,,,,2102,SATARA,
9,"BLUE DART EXPRESS LTD.,",31-10-23,4361,HRUSHIKESH  DEVIDAS  KULKARNI,21,5,,2,,,2,,,,,,,,,,,,,,,4421,TWH,
9,"BLUE DART EXPRESS LTD.,",31-10-23,4574,ISHWAR  - PARDESHI,23,5,,,,,2,,,,,,,,,,,,,,,,PUB,
9,"BLUE DART EXPRESS LTD.,",31-10-23,4376,JAY  GANESH  CHAVAN,23,5,,,,,2,,,,,,,,,,,,,,,4432,TWH,
9,"BLUE DART EXPRESS LTD.,",31-10-23,3097,KALPESH BHIKU CHAVAN,23,5,,,,,2,,,,,,,,,,,,,,,2751,PIMPRI,
9,"BLUE DART EXPRESS LTD.,",31-10-23,4575,KARAN - MASKE,3,1,,,,,1,,,,,,,,,,,,,,,,HNW,
9,"BLUE DART EXPRESS LTD.,",31-10-23,4238,KARAN  PRAKASH  KAVADE,23,5,,,,,2,,,,,,,,,,,,,,,4392,HDP,
9,"BLUE DART EXPRESS LTD.,",31-10-23,4302,KARAN  RAMESH CHAVAN,20,5,,3,,,2,,,,,,,,,,,,,,,4405,BRN,
9,"BLUE DART EXPRESS LTD.,",31-10-23,3906,KARAN SHIVAJI KUCHEKAR,23,5,,,,,2,,,,,,,,,,,,,,,3560,SANGVI,
9,"BLUE DART EXPRESS LTD.,",31-10-23,4549,KIRAN  - NIKAM,23,5,,,,,2,,,,,,,,,,,,,,,,PMC,
9,"BLUE DART EXPRESS LTD.,",31-10-23,1254,KISAN BABAN SHELAR,23,5,,,,,2,,,,,,,,,,,,,,,908,APEX/SFC,
9,"BLUE DART EXPRESS LTD.,",31-10-23,4576,KISHAN - MOGARE,23,5,,,,,2,,,,,,,,,,,,,,,,HNW,
9,"BLUE DART EXPRESS LTD.,",31-10-23,2812,KISHOR BABAN GAWADE,20,5,,,,,2,3,,,,,,,,,,,,,,2466,PUB/HUB,
9,"BLUE DART EXPRESS LTD.,",31-10-23,3227,KISHOR RAJU CHOUGULE,22,5,,1,,,2,,,,,,,,,,,,,,,2881,PUB/OB,
9,"BLUE DART EXPRESS LTD.,",31-10-23,4240,KRISHNA  ASHOK GAIKWAD,23,5,,,,,2,,,,,,,,,,,,,,,,HNW,
9,"BLUE DART EXPRESS LTD.,",31-10-23,4174,KRISHNA ASHOK SURYAWANSHI,23,5,,,,,2,,,,,,,,,,,,,,,3828,HADAPSAR,
9,"BLUE DART EXPRESS LTD.,",31-10-23,4471,KUNAL  NITIN  KUMBHAR,23,5,,,,,2,,,,,,,,,,,,,,,4451,HNW,
9,"BLUE DART EXPRESS LTD.,",31-10-23,4158,KUNAL SUNIL  PILLAY,21,5,,2,,,2,,,,,,,,,,,,,,,3812,BUND GARDEN,
9,"BLUE DART EXPRESS LTD.,",31-10-23,4314,MAHADEV  NANA SHINGATE,23,5,,,,,2,,,,,,,,,,,,,,,4414,BRN,
9,"BLUE DART EXPRESS LTD.,",31-10-23,4507,MAHARUDRA SHIVAJI GAVATE,23,5,,,,,2,,,,,,,,,,,,,,,,PCH,
9,"BLUE DART EXPRESS LTD.,",31-10-23,4577,MAHESH - SATHE,23,5,,,,,2,,,,,,,,,,,,,,,,HNW,
9,"BLUE DART EXPRESS LTD.,",31-10-23,4578,MANGESH - JADHAV,23,5,,,,,2,,,,,,,,,,,,,,,,PUB,
9,"BLUE DART EXPRESS LTD.,",31-10-23,4544,MANISHA  - SOREKAR,17,3,,,,,1,,,,,,,,,,,,,,,,CAH,
9,"BLUE DART EXPRESS LTD.,",31-10-23,4058,MANOJ DNYANESHWAR SHINDE,23,5,,,,,2,,,,,,,,,,,,,,,3712,TWH,
9,"BLUE DART EXPRESS LTD.,",31-10-23,3249,MARUTI BABULAL MUNGASE,23,5,,,,,2,,,,,,,,,,,,,,,2903,SKODA-VW CHAKAN,
9,"BLUE DART EXPRESS LTD.,",31-10-23,3666,MATRUSHWAR BASAVRAJ DODMANI,22,5,1,,,,2,,,,,,,,,,,,,,,3320,VIMANNAGAR,
9,"BLUE DART EXPRESS LTD.,",31-10-23,4543,MAYUR  - SHETTY,22,5,1,,,,2,,,,,,,,,,,,,,,,PMC,
9,"BLUE DART EXPRESS LTD.,",31-10-23,4579,MOHAMMAD - AKIB,23,5,,,,,2,,,,,,,,,,,,,,,,PUB,
9,"BLUE DART EXPRESS LTD.,",31-10-23,4380,MOHD AZHAR ZAFAR AZHAR,23,5,,,,,2,,,,,,,,,,,,,,,4436,PCH,
9,"BLUE DART EXPRESS LTD.,",31-10-23,3318,MUKINDA DATTU PATOLE,20,5,,3,,,2,,,,,,,,,,,,,,,2972,VEC,
9,"BLUE DART EXPRESS LTD.,",31-10-23,4580,NANDRAM - KEDAR,23,5,,,,,2,,,,,,,,,,,,,,,,PUB,
9,"BLUE DART EXPRESS LTD.,",31-10-23,3060,NAVNATH ANANDA DHORE,23,5,,,,,2,,,,,,,,,,,,,,,2714,TWH,
9,"BLUE DART EXPRESS LTD.,",31-10-23,2833,NAVNATH BAJRANG KURELEKAR,23,5,,,,,2,,,,,,,,,,,,,,,2487,SATARA,
9,"BLUE DART EXPRESS LTD.,",31-10-23,1770,NILESH KALURAM DUMBARE,23,5,,,,,2,,,,,,,,,,,,,,,1424,LORREL CHAKAN,
9,"BLUE DART EXPRESS LTD.,",31-10-23,3121,NILESH NARAYAN KAJALE,23,5,,,,,2,,,,,,,,,,,,,,,2775,GENRAL MOTORS,
9,"BLUE DART EXPRESS LTD.,",31-10-23,2810,NILESH VASANTRAO JAGDALE,22,5,,,,,2,1,,,,,,,,,,,,,,2464,KHW,
9,"BLUE DART EXPRESS LTD.,",31-10-23,4294,NITESH  NISHANT  MANDLIK,22,5,,1,,,2,,,,,,,,,,,,,,,4397,KHW,
9,"BLUE DART EXPRESS LTD.,",31-10-23,3505,NITESH DIPAK AWAGHADE,23,5,,,,,2,,,,,,,,,,,,,,,3159,SATARA,
9,"BLUE DART EXPRESS LTD.,",31-10-23,4161,NITIN GOPINATH KADAM,21,5,,,,,2,2,,,,,,,,,,,,,,3815,PUB/OB,
9,"BLUE DART EXPRESS LTD.,",31-10-23,4319,OMKAR  DEEPAK  SALUNKE,23,5,,,,,2,,,,,,,,,,,,,,,4418,HDP,
9,"BLUE DART EXPRESS LTD.,",31-10-23,4311,OMKAR SAMPAT  INGWALE,23,5,,,,,2,,,,,,,,,,,,,,,4411,BRN,
9,"BLUE DART EXPRESS LTD.,",31-10-23,4299,ONKAR  RAJENDRA  POWAR,20,5,,1,,,2,2,,,,,,,,,,,,,,4402,KHW,
9,"BLUE DART EXPRESS LTD.,",31-10-23,4581,PAVAN - DABADGANKAR,21,5,1,,,,2,1,,,,,,,,,,,,,,,PUB,
9,"BLUE DART EXPRESS LTD.,",31-10-23,4050,PIRSAB SALIM SHAIKH,23,5,,,,,2,,,,,,,,,,,,,,,3704,IT SAGAR,
9,"BLUE DART EXPRESS LTD.,",31-10-23,4134,PRABHAKAR SURESH  SAREGAON,23,5,,,,,2,,,,,,,,,,,,,,,3788,KHP,
9,"BLUE DART EXPRESS LTD.,",31-10-23,3869,PRADIP TANAJI YEWALE,22,5,,1,,,2,,,,,,,,,,,,,,,3523,GENRAL MOTORS,
9,"BLUE DART EXPRESS LTD.,",31-10-23,2723,PRAKASH SHIVAJI GAIKWAD,23,5,,,,,2,,,,,,,,,,,,,,,2377,LORREL CHAKAN,
9,"BLUE DART EXPRESS LTD.,",31-10-23,4059,PRASANNA NAVNATH SHINDE,14,5,5,4,,,2,,,,,,,,,,,,,,,3713,TWH,
9,"BLUE DART EXPRESS LTD.,",31-10-23,4295,PRASHANT  PRALHAD  PATIL ,23,5,,,,,2,,,,,,,,,,,,,,,4398,BRN,
9,"BLUE DART EXPRESS LTD.,",31-10-23,2830,PRASHANT YUVRAJ SALUNKHE,18,5,,5,,,2,,,,,,,,,,,,,,,2484,KHW,
9,"BLUE DART EXPRESS LTD.,",31-10-23,3457,PREMKUMAR ANIL PAWAR,21,5,,2,,,2,,,,,,,,,,,,,,,3111,PUB/OB,
9,"BLUE DART EXPRESS LTD.,",31-10-23,4316,PRIYANKA DEEPAK KUMBHAR,23,5,,,,,2,,,,,,,,,,,,,,,4416,BRN,
9,"BLUE DART EXPRESS LTD.,",31-10-23,3902,PUNAJI HONAJI SHINGADE,22,5,,1,,,2,,,,,,,,,,,,,,,3556,LORREL CHAKAN,
9,"BLUE DART EXPRESS LTD.,",31-10-23,4582,RAHUL - GAWADE,20,5,,,,,2,3,,,,,,,,,,,,,,,PUB,
9,"BLUE DART EXPRESS LTD.,",31-10-23,4366,RAHUL  NATHA  MAZIRE,23,5,,,,,2,,,,,,,,,,,,,,,4425,TWH,
9,"BLUE DART EXPRESS LTD.,",31-10-23,2703,RAHUL DHONDIBHAU THOMBARE,23,5,,,,,2,,,,,,,,,,,,,,,2357,LORREL CHAKAN,
9,"BLUE DART EXPRESS LTD.,",31-10-23,4583,RAJARAM - GORIWALE,8,2,18,,,,2,,,,,,,,,,,,,,,,PCH,
9,"BLUE DART EXPRESS LTD.,",31-10-23,4584,RAJENDRA - LADAKE,21,5,,2,,,2,,,,,,,,,,,,,,,,TWH,
9,"BLUE DART EXPRESS LTD.,",31-10-23,4132,RAJESH SUBHASH SHIVALE,23,5,,,,,2,,,,,,,,,,,,,,,3786,TALEGAON DABHADE,
9,"BLUE DART EXPRESS LTD.,",31-10-23,4296,RAKESH BHIVAJI MAGDUM,23,5,,,,,2,,,,,,,,,,,,,,,4399,BRN,
9,"BLUE DART EXPRESS LTD.,",31-10-23,3381,RAKESH SHARAD KAMBLE,23,5,,,,,2,,,,,,,,,,,,,,,3035,HDP,
9,"BLUE DART EXPRESS LTD.,",31-10-23,4491,RAM SURESH JADHAV,1,0,29,,,,0,,,,,,,,,,,,,,,,PMC,
9,"BLUE DART EXPRESS LTD.,",31-10-23,3245,RAMDAS VILAS RALE,23,5,,,,,2,,,,,,,,,,,,,,,2899,LORREL CHAKAN,
9,"BLUE DART EXPRESS LTD.,",31-10-23,4312,RAMESH BABURAO BANSODE,22,5,1,,,,2,,,,,,,,,,,,,,,4412,BRN,
9,"BLUE DART EXPRESS LTD.,",31-10-23,4483,RANJEET  SANJAY  KANASE,23,5,,,,,2,,,,,,,,,,,,,,,,SAA,
9,"BLUE DART EXPRESS LTD.,",31-10-23,3782,RAVI BHAUSAHWB JADHAV,23,5,,,,,2,,,,,,,,,,,,,,,3436,GENRAL MOTORS,
9,"BLUE DART EXPRESS LTD.,",31-10-23,3429,RAVI NATHU SAPRE,20,5,,1,,,2,2,,,,,,,,,,,,,,3083,PUB/HUB,
9,"BLUE DART EXPRESS LTD.,",31-10-23,4002,RAVIKIRAN RAGHUNATH PATIL,21,5,,,,,2,2,,,,,,,,,,,,,,3656,KHW,
9,"BLUE DART EXPRESS LTD.,",31-10-23,2738,RAVINDRA KHEMA DHARADE,23,5,,,,,2,,,,,,,,,,,,,,,2392,LORREL CHAKAN,
9,"BLUE DART EXPRESS LTD.,",31-10-23,4545,ROHAN  - GAIKWAD,23,5,,,,,2,,,,,,,,,,,,,,,,TWH,
9,"BLUE DART EXPRESS LTD.,",31-10-23,3986,RUSHIKESH SAMBHAJI  SHENDGE,22,5,,1,,,2,,,,,,,,,,,,,,,3640,VIN,
9,"BLUE DART EXPRESS LTD.,",31-10-23,3924,RUSHIKESH SAMBHAJI AGATE,23,5,,,,,2,,,,,,,,,,,,,,,3578,TWH,
9,"BLUE DART EXPRESS LTD.,",31-10-23,4530,RUTURAJ  SANTOSH  SONAWANE,19,4,5,,,,2,,,,,,,,,,,,,,,,PMC,
9,"BLUE DART EXPRESS LTD.,",31-10-23,3372,SACHIN SUBHASH BOIWAR,14,5,2,6,,,2,1,,,,,,,,,,,,,,3026,PUB/HUB,
9,"BLUE DART EXPRESS LTD.,",31-10-23,3631,SAGAR MADHUKAR THORAT,23,5,,,,,2,,,,,,,,,,,,,,,3285,VEC,
9,"BLUE DART EXPRESS LTD.,",31-10-23,3416,SAGAR SANJAY KANASE,23,5,,,,,2,,,,,,,,,,,,,,,3070,SATARA,
9,"BLUE DART EXPRESS LTD.,",31-10-23,3308,SAGAR SANJAY MAHAJAN,17,5,,4,,,2,2,,,,,,,,,,,,,,2962,TWH,
9,"BLUE DART EXPRESS LTD.,",31-10-23,3524,SAHIL GANGARAM ANKUSH,21,5,,,,,2,2,,,,,,,,,,,,,,3178,PUB/OB,
9,"BLUE DART EXPRESS LTD.,",31-10-23,3753,SAIRAJ BHAGWAN GIRI,23,5,1,,,,2,,,,,,,,,,,,,,,3407,KHW,
9,"BLUE DART EXPRESS LTD.,",31-10-23,4585,SAMIR - BHOSALE,23,5,,,,,2,,,,,,,,,,,,,,,,HNW,
9,"BLUE DART EXPRESS LTD.,",31-10-23,4159,SAMIR JAMIL SHAIKH,22,5,,1,,,2,,,,,,,,,,,,,,,3813,MARKETYARD,
9,"BLUE DART EXPRESS LTD.,",31-10-23,2708,SAMIT LALASO PHADATARE,22,5,,1,,,2,,,,,,,,,,,,,,,2362,SATARA,
9,"BLUE DART EXPRESS LTD.,",31-10-23,4300,SAMPAT  MOHAN  KAMBLE,17,5,1,1,,,2,4,,,,,,,,,,,,,,4403,BRN,
9,"BLUE DART EXPRESS LTD.,",31-10-23,3932,SANDEEP DATTATRAYA KUDALE,23,5,,,,,2,,,,,,,,,,,,,,,3586,TWH,
9,"BLUE DART EXPRESS LTD.,",31-10-23,2049,SANDEEP GANESH CHINCHANE,21,5,,2,,,2,,,,,,,,,,,,,,,1703,BUND GARDEN,
9,"BLUE DART EXPRESS LTD.,",31-10-23,3909,SANDEEP NAMDEV RAIKAR,22,5,,1,,,2,,,,,,,,,,,,,,,3563,SANGVI,
9,"BLUE DART EXPRESS LTD.,",31-10-23,4242,SANDESH  SANJAY PINATE,23,5,,,,,2,,,,,,,,,,,,,,,4395,HNW,
9,"BLUE DART EXPRESS LTD.,",31-10-23,4013,SANDESH BHIMSEN UDHANE,23,5,,,,,2,,,,,,,,,,,,,,,3667,TWH,
9,"BLUE DART EXPRESS LTD.,",31-10-23,4547,SANDIP  - SHIRSAT,22,5,,,,,2,1,,,,,,,,,,,,,,,PUB,
9,"BLUE DART EXPRESS LTD.,",31-10-23,4586,SANGRAM - GAIKWAD,,,,,,,,,,,,,,,,,,,,,,,SAA,
9,"BLUE DART EXPRESS LTD.,",31-10-23,4587,SANJAY - LADE,,,,,,,,,,,,,,,,,,,,,,,TWH,
9,"BLUE DART EXPRESS LTD.,",31-10-23,4588,SANKET - BHALERAO,,,,,,,,,,,,,,,,,,,,,,,HNW,
9,"BLUE DART EXPRESS LTD.,",31-10-23,3527,SANTONI PRAKASH JAGTAP,18,5,,2,,,2,3,,,,,,,,,,,,,,3181,PUB/HUB,
9,"BLUE DART EXPRESS LTD.,",31-10-23,2226,SANTOSH KAMLAKAR BHISE,22,5,,1,,,2,,,,,,,,,,,,,,,1880,SATARA,
9,"BLUE DART EXPRESS LTD.,",31-10-23,4168,SATYJEET SURESH DABHADE,20,5,,,,,2,3,,,,,,,,,,,,,,3822,KHW,
9,"BLUE DART EXPRESS LTD.,",31-10-23,4546,SAURABH  - KUMBHAR,21,5,,2,,,2,,,,,,,,,,,,,,,,TWH,
9,"BLUE DART EXPRESS LTD.,",31-10-23,4548,SHAKIB  - SHAIKH,21,5,,,,,2,2,,,,,,,,,,,,,,,PUB,
9,"BLUE DART EXPRESS LTD.,",31-10-23,4531,SHASHIKANT  VIJAY LOYARE,23,5,,,,,2,,,,,,,,,,,,,,,,PVT,
9,"BLUE DART EXPRESS LTD.,",31-10-23,4187,SHEKHAR BHASKAR  ANDHALE,21,5,,2,,,2,,,,,,,,,,,,,,,4385,TWH,
9,"BLUE DART EXPRESS LTD.,",31-10-23,4370,SHUBHAM  RAVJI  BHOIR,23,5,,,,,2,,,,,,,,,,,,,,,4428,HNW,
9,"BLUE DART EXPRESS LTD.,",31-10-23,4176,SHUBHAM DNYANESHWAR CHANDANE,,,,,,,,,,,,,,,,,,,,,,3830,MARKETYARD,
9,"BLUE DART EXPRESS LTD.,",31-10-23,3991,SHUBHAM MOHAN  MALI,19,5,,,,,2,4,,,,,,,,,,,,,,3645,KHW,
9,"BLUE DART EXPRESS LTD.,",31-10-23,4239,SHUBHAM RAJESH VAKUDE,22,5,,1,,,2,,,,,,,,,,,,,,,4393,HDP,
9,"BLUE DART EXPRESS LTD.,",31-10-23,4510,SHUBHAM RAMCHANDRA SHINDE,22,5,,1,,,2,,,,,,,,,,,,,,,,VIN,
9,"BLUE DART EXPRESS LTD.,",31-10-23,4313,SIBENDRANATH  JAGDISH  MAJHI,22,5,,1,,,2,,,,,,,,,,,,,,,4413,BRN,
9,"BLUE DART EXPRESS LTD.,",31-10-23,3737,SIDDHESHWAR BALIRAM THORAT,23,5,,,,,2,,,,,,,,,,,,,,,3391,TWH,
9,"BLUE DART EXPRESS LTD.,",31-10-23,4057,SOMNATH DEVIDAS KULKARNI,23,5,,,,,2,,,,,,,,,,,,,,,3711,PWH,
9,"BLUE DART EXPRESS LTD.,",31-10-23,4043,SRINIVAS VILAS POWAR,21,5,,,,,2,2,,,,,,,,,,,,,,3697,KHW,
9,"BLUE DART EXPRESS LTD.,",31-10-23,2616,SUDHIR GOVIND NAIKARE,16,5,,7,,,2,,,,,,,,,,,,,,,2270,SKODA-VW CHAKAN,
9,"BLUE DART EXPRESS LTD.,",31-10-23,3621,SUHAS SAKHARAM KADAM,23,5,,,,,2,,,,,,,,,,,,,,,3275,PUB/OB,
9,"BLUE DART EXPRESS LTD.,",31-10-23,4329,SUNIL  BABAN PARDHI,23,5,,,,,2,,,,,,,,,,,,,,,,TWH,
9,"BLUE DART EXPRESS LTD.,",31-10-23,4492,SUNIL CHANDRABHAN BIRADAR,23,5,,,,,2,,,,,,,,,,,,,,,,HNW,
9,"BLUE DART EXPRESS LTD.,",31-10-23,4589,SURAJ - KEDARI,21,5,,,,,2,2,,,,,,,,,,,,,,,PUB,
9,"BLUE DART EXPRESS LTD.,",31-10-23,3969,SURAJ PRAKASH PAWAR,22,5,,1,,,2,,,,,,,,,,,,,,,3623,SATARA,
9,"BLUE DART EXPRESS LTD.,",31-10-23,4511,SWAPNIL  SANJAY MALWADKAR,23,5,,,,,2,,,,,,,,,,,,,,,,BRG,
9,"BLUE DART EXPRESS LTD.,",31-10-23,4315,TEJAS JAYVANT BORKAR,23,5,,,,,2,,,,,,,,,,,,,,,4415,BRN,
9,"BLUE DART EXPRESS LTD.,",31-10-23,2977,TUKARAM RAGHUNATH MEMANE,23,5,,,,,2,,,,,,,,,,,,,,,2631,LORREL CHAKAN,
9,"BLUE DART EXPRESS LTD.,",31-10-23,4235,TUSHAR RAJARAM RANAWARE,23,5,,,,,2,,,,,,,,,,,,,,,4390,BRN,
9,"BLUE DART EXPRESS LTD.,",31-10-23,4297,UMESH HINDURAO GADAVE,23,5,,,,,2,,,,,,,,,,,,,,,4400,BRN,
9,"BLUE DART EXPRESS LTD.,",31-10-23,4198,VAIBHAV  VIJAY  KODOLKAR,21,5,,,,,2,2,,,,,,,,,,,,,,4388,BRN,
9,"BLUE DART EXPRESS LTD.,",31-10-23,4051,VAIBHAV RAMDAS MADVI,23,5,,,,,2,,,,,,,,,,,,,,,3705,IT SAGAR,
9,"BLUE DART EXPRESS LTD.,",31-10-23,4194,VAMAN  VIJAY  BHUJBAL,23,5,,,,,2,,,,,,,,,,,,,,,4387,TWH,
9,"BLUE DART EXPRESS LTD.,",31-10-23,4146,VIJAY MAHADEV PAWAR,23,5,,,,,2,,,,,,,,,,,,,,,3800,TWH,
9,"BLUE DART EXPRESS LTD.,",31-10-23,4033,VIJAY SARJERAO PATIL,23,5,,,,,2,,,,,,,,,,,,,,,3687,TWH,
9,"BLUE DART EXPRESS LTD.,",31-10-23,3670,VIKAS RAJU BHOR,23,5,,,,,2,,,,,,,,,,,,,,,3324,LORREL CHAKAN,
9,"BLUE DART EXPRESS LTD.,",31-10-23,4188,VIKAS VAMAN BHALERAO,23,5,,,,,2,,,,,,,,,,,,,,,4386,SGB,
9,"BLUE DART EXPRESS LTD.,",31-10-23,4542,VIKI  JASVIRCHAND  VALMIKI,22,5,1,,,,2,,,,,,,,,,,,,,,,TWH,
9,"BLUE DART EXPRESS LTD.,",31-10-23,3332,VINAY YASHWANT RAJHUNS,21,5,,1,,,2,1,,,,,,,,,,,,,,2986,KHW,
9,"BLUE DART EXPRESS LTD.,",31-10-23,3630,VINOD HARI PAWAR,21,5,,2,,,2,,,,,,,,,,,,,,,3284,PIMPRI,
9,"BLUE DART EXPRESS LTD.,",31-10-23,4533,VISHAL  MOHAN SAKAT,23,5,,,,,2,,,,,,,,,,,,,,,,HNW,
9,"BLUE DART EXPRESS LTD.,",31-10-23,4181,VISHAL AADHIK  JAMADAR,23,5,,,,,2,,,,,,,,,,,,,,,3835,SATARA,
9,"BLUE DART EXPRESS LTD.,",31-10-23,2813,VISHAL WALKU PARDHI,20,5,,1,,,2,2,,,,,,,,,,,,,,2467,TWH,
9,"BLUE DART EXPRESS LTD.,",31-10-23,4534,YASH  SACHIN CHAVAN,1,,28,,,,1,,,,,,,,,,,,,,,,PMC,
9,"BLUE DART EXPRESS LTD.,",31-10-23,4298,YOGESH  VILAS  KANDGAVKAR,22,5,1,,,,2,,,,,,,,,,,,,,,4401,BRN,
9,"BLUE DART EXPRESS LTD.,",31-10-23,2211,YOGESH MOHAN PAKHALE,23,5,,,,,2,,,,,,,,,,,,,,,1865,TWH,
9,"BLUE DART EXPRESS LTD.,",31-10-23,4062,YOGITA SUDHIR KAMBLE,21,5,2,,,,2,,,,,,,,,,,,,,,3716,PMC,
9,"BLUE DART EXPRESS LTD.,",31-10-23,4590,YUVRAJ - LOYARE,23,5,,,,,2,,,,,,,,,,,,,,,,PVT,
