 Client_id ,Client_name,Sal_month, Emp_id,Employee_NAME,present,weeklyoff,  absent, pl,cl,sl , paidholiday,additional, othours, nightshifts,incometax,canteen,extra_inc1, extra_inc2,leave_encash,extra_ded1,extra_ded2, wagediff,Allow_arrears, Ot_arrears,invalid,Client_id ,Client_name,Sal_month, Emp_id,Employee_NAME,Present,Weeklyoff,  Absent, Pl,Cl,Sl , Paidholiday,Additional, Othours, Nightshifts,Incometax,Canteen,Extra_inc1, Extra_inc2,Leave_encash,Extra_ded1,Extra_ded2, Wagediff,Allow_arrears, Ot_arrears,Invalid
9,"BLUE DART EXPRESS LTD.,",30-04-2023,2502,ABHIJEET NANDAKUMAR GAWARE,25,5,,,,,,,,,,,,,,,,,,,,2156,TWH,,,,,,,,,,,,,,,,,,,,,,,,
9,"BLUE DART EXPRESS LTD.,",30-04-2023,4165,ABHIJIT JAGANNATH PISAL,24,5,,1,,,,,,,,,,,,,,,,,,3819,SATARA,,,,,,,,,,,,,,,,,,,,,,,,
9,"BLUE DART EXPRESS LTD.,",30-04-2023,4437,ABHIJIT SIDRAM VANDAGUNDE,15,2,,,,,,,,,,,,,,,,,,,,4437,BRN,,,,,,,,,,,,,,,,,,,,,,,,
9,"BLUE DART EXPRESS LTD.,",30-04-2023,4169,ABHISHEK GANESH SAKAT,22,5,,3,,,,,,,,,,,,,,,,,,3823,WGH,,,,,,,,,,,,,,,,,,,,,,,,
9,"BLUE DART EXPRESS LTD.,",30-04-2023,4040,ADITYA ASHOK PATOLE,24,5,,1,,,,,,,,,,,,,,,,,,3694,SHRIGONDA,,,,,,,,,,,,,,,,,,,,,,,,
9,"BLUE DART EXPRESS LTD.,",30-04-2023,4301,AKASH  BHAGWAT CHATE,13,3,7,7,,,,,,,,,,,,,,,,,,4404,BRN,,,,,,,,,,,,,,,,,,,,,,,,
9,"BLUE DART EXPRESS LTD.,",30-04-2023,4363,AKASH  MANIK  KAMBLE,17,3,10,,,,,,,,,,,,,,,,,,,4423,PCH,,,,,,,,,,,,,,,,,,,,,,,,
9,"BLUE DART EXPRESS LTD.,",30-04-2023,4177,AKASH DATTATRAY CHANDANE,9,2,,,,,,,,,,,,,,,,,,,,3831,MARKETYARD,,,,,,,,,,,,,,,,,,,,,,,,
9,"BLUE DART EXPRESS LTD.,",30-04-2023,4371,AKASH DILIP SURYAWANSHI,21,5,4,,,,,,,,,,,,,,,,,,,4429,PCH,,,,,,,,,,,,,,,,,,,,,,,,
9,"BLUE DART EXPRESS LTD.,",30-04-2023,4027,AKASH GANPAT THAKAR,22,5,,1,,,,2,,,,,,,,,,,,,,3681,PUB/OB,,,,,,,,,,,,,,,,,,,,,,,,
9,"BLUE DART EXPRESS LTD.,",30-04-2023,4171,AKASH PRAKASH PARADHI,25,5,,,,,,,,,,,,,,,,,,,,3825,TWH,,,,,,,,,,,,,,,,,,,,,,,,
9,"BLUE DART EXPRESS LTD.,",30-04-2023,4378,AKBAR SHARPPODIN SHAIKH,24,5,,1,,,,,,,,,,,,,,,,,,4434,ELECTRONICA,,,,,,,,,,,,,,,,,,,,,,,,
9,"BLUE DART EXPRESS LTD.,",30-04-2023,3667,AKIB ABDUL SALIM SHAIKH,25,5,,,,,,1,,,,,,,,,,,,,,3321,MARKETYARD,,,,,,,,,,,,,,,,,,,,,,,,
9,"BLUE DART EXPRESS LTD.,",30-04-2023,3461,AKSHAY MANSARAM SAHARE,23,5,2,,,,,,,,,,,,,,,,,,,3115,GENRAL MOTORS,,,,,,,,,,,,,,,,,,,,,,,,
9,"BLUE DART EXPRESS LTD.,",30-04-2023,4234,ALTAF ASIF SHAIKH,22,5,,3,,,,,,,,,,,,,,,,,,4389,BRG,,,,,,,,,,,,,,,,,,,,,,,,
9,"BLUE DART EXPRESS LTD.,",30-04-2023,4317,AMBIKA  RAGUNATH  JOGDHANKAR,16,3,11,,,,,,,,,,,,,,,,,,,4417,BRN,,,,,,,,,,,,,,,,,,,,,,,,
9,"BLUE DART EXPRESS LTD.,",30-04-2023,3491,AMIR FIROJ KILLEDAR,23,5,,1,,,,1,,,,,,,,,,,,,,3145,KHW,,,,,,,,,,,,,,,,,,,,,,,,
9,"BLUE DART EXPRESS LTD.,",30-04-2023,4078,AMIT RAMESH SAWALE,24,5,,1,,,,,,,,,,,,,,,,,,3732,TWH,,,,,,,,,,,,,,,,,,,,,,,,
9,"BLUE DART EXPRESS LTD.,",30-04-2023,3898,AMIT VIJAY JAGDALE,25,5,,,,,,,,,,,,,,,,,,,,3552,TWH,,,,,,,,,,,,,,,,,,,,,,,,
9,"BLUE DART EXPRESS LTD.,",30-04-2023,4293,AMOL  ANNAPPA  TELVEKAR,25,5,,,,,,,,,,,,,,,,,,,,4396,BRN,,,,,,,,,,,,,,,,,,,,,,,,
9,"BLUE DART EXPRESS LTD.,",30-04-2023,3796,AMOL KAILAS JANGADE,25,5,,,,,,,,,,,,,,,,,,,,3450,EDP,,,,,,,,,,,,,,,,,,,,,,,,
9,"BLUE DART EXPRESS LTD.,",30-04-2023,2836,AMOL RAJENDRA KADAM,24,5,,1,,,,,,,,,,,,,,,,,,2490,SATARA,,,,,,,,,,,,,,,,,,,,,,,,
9,"BLUE DART EXPRESS LTD.,",30-04-2023,3523,ANANDA RUKMAJI WAGHMARE,22,4,,4,,,,,,,,,,,,,,,,,,3177,PUB/OB,,,,,,,,,,,,,,,,,,,,,,,,
9,"BLUE DART EXPRESS LTD.,",30-04-2023,3458,ANANTA CHINDHU DHORE,24,5,,,,,,1,,,,,,,,,,,,,,3112,TWH,,,,,,,,,,,,,,,,,,,,,,,,
9,"BLUE DART EXPRESS LTD.,",30-04-2023,4466,ANIKET  DASHRATH  KSHIRSAGAR,22,5,3,,,,,,,,,,,,,,,,,,,4446,PMC,,,,,,,,,,,,,,,,,,,,,,,,
9,"BLUE DART EXPRESS LTD.,",30-04-2023,4438,ANIKET HARIDAS WAGH,24,5,1,,,,,,,,,,,,,,,,,,,4438,TWH,,,,,,,,,,,,,,,,,,,,,,,,
9,"BLUE DART EXPRESS LTD.,",30-04-2023,4364,ANIKET KRISHNA TILEKAR,,,,,,,,,,,,,,,,,,,,,,4424,TWH,,,,,,,,,,,,,,,,,,,,,,,,
9,"BLUE DART EXPRESS LTD.,",30-04-2023,4362,ANIKET NITIN GAIKWAD,25,5,,,,,,,,,,,,,,,,,,,,4422,SID,,,,,,,,,,,,,,,,,,,,,,,,
9,"BLUE DART EXPRESS LTD.,",30-04-2023,4308,ANIL  MADHUKAR CHAVAN,23,5,,2,,,,,,,,,,,,,,,,,,4408,SAA,,,,,,,,,,,,,,,,,,,,,,,,
9,"BLUE DART EXPRESS LTD.,",30-04-2023,3000,ANIL GORAKHNATH KEMSE,24,5,1,,,,,,,,,,,,,,,,,,,2654,EDP,,,,,,,,,,,,,,,,,,,,,,,,
9,"BLUE DART EXPRESS LTD.,",30-04-2023,3649,ANIL MOHAN DUMBARE,23,5,,2,,,,,,,,,,,,,,,,,,3303,SKODA-VW CHAKAN,,,,,,,,,,,,,,,,,,,,,,,,
9,"BLUE DART EXPRESS LTD.,",30-04-2023,4175,ARJUN BAPU UMAP,25,5,,,,,,,,,,,,,,,,,,,,3829,TWH,,,,,,,,,,,,,,,,,,,,,,,,
9,"BLUE DART EXPRESS LTD.,",30-04-2023,4377,ARVIND  PANDURANG  KUMBHAR,16,5,9,,,,,,,,,,,,,,,,,,,4433,TWH,,,,,,,,,,,,,,,,,,,,,,,,
9,"BLUE DART EXPRESS LTD.,",30-04-2023,4379,ARYAN BHANUDAS JAGTAP,24,5,,1,,,,,,,,,,,,,,,,,,4435,ELECTRONICA,,,,,,,,,,,,,,,,,,,,,,,,
9,"BLUE DART EXPRESS LTD.,",30-04-2023,3793,ASHISH SINGH MAHINDRAPAL BHATTI,24,5,1,,,,,,,,,,,,,,,,,,,3447,SANGVI,,,,,,,,,,,,,,,,,,,,,,,,
9,"BLUE DART EXPRESS LTD.,",30-04-2023,4439,ASHOK KISHOR SHINDE,24,5,,1,,,,,,,,,,,,,,,,,,4439,BRN,,,,,,,,,,,,,,,,,,,,,,,,
9,"BLUE DART EXPRESS LTD.,",30-04-2023,3328,ASHOK VAIJINATH LONDHE,25,5,,,,,,,,,,,,,,,,,,,,2982,LORREL CHAKAN,,,,,,,,,,,,,,,,,,,,,,,,
9,"BLUE DART EXPRESS LTD.,",30-04-2023,4309,ATUL  DILIP  DHONDAWAD,22,5,,3,,,,,,,,,,,,,,,,,,4409,BRN,,,,,,,,,,,,,,,,,,,,,,,,
9,"BLUE DART EXPRESS LTD.,",30-04-2023,4469,AVINASH  MAHADU  DHORE,24,5,1,,,,,,,,,,,,,,,,,,,4449,TWH,,,,,,,,,,,,,,,,,,,,,,,,
9,"BLUE DART EXPRESS LTD.,",30-04-2023,4178,AVINASH DATTATRAY CHANDANE,16,3,8,3,,,,,,,,,,,,,,,,,,3832,MARKETYARD,,,,,,,,,,,,,,,,,,,,,,,,
9,"BLUE DART EXPRESS LTD.,",30-04-2023,2887,BAPU KALYAN THORAT,25,5,,,,,,,,,,,,,,,,,,,,2541,PUB/OB,,,,,,,,,,,,,,,,,,,,,,,,
9,"BLUE DART EXPRESS LTD.,",30-04-2023,2654,BHARAT CHANDRAKANT SHINDE,25,5,,,,,,,,,,,,,,,,,,,,2308,LORREL CHAKAN,,,,,,,,,,,,,,,,,,,,,,,,
9,"BLUE DART EXPRESS LTD.,",30-04-2023,2686,BHARAT RAGHU KOTWAL,23,5,,2,,,,,,,,,,,,,,,,,,2340,LORREL CHAKAN,,,,,,,,,,,,,,,,,,,,,,,,
9,"BLUE DART EXPRESS LTD.,",30-04-2023,4131,BHARATI CHANDRAKANT PANDIT,25,5,,,,,,,,,,,,,,,,,,,,3785,HDP,,,,,,,,,,,,,,,,,,,,,,,,
9,"BLUE DART EXPRESS LTD.,",30-04-2023,4028,DEEPAK GANPAT AGALE,20,5,3,,,,,2,,,,,,,,,,,,,,3682,PUB/OB,,,,,,,,,,,,,,,,,,,,,,,,
9,"BLUE DART EXPRESS LTD.,",30-04-2023,4005,DEEPAK RAMESH PAWAR,22,5,,1,,,,2,,,,,,,,,,,,,,3659,LORREL CHAKAN,,,,,,,,,,,,,,,,,,,,,,,,
9,"BLUE DART EXPRESS LTD.,",30-04-2023,2525,GANESH ANNA CHOBHE,24,5,,1,,,,,,,,,,,,,,,,,,2179,VIMANNAGAR,,,,,,,,,,,,,,,,,,,,,,,,
9,"BLUE DART EXPRESS LTD.,",30-04-2023,4162,GANESH BALU KENDALE,8,2,,,,,,,,,,,,,,,,,,,,3816,PUB/OB,,,,,,,,,,,,,,,,,,,,,,,,
9,"BLUE DART EXPRESS LTD.,",30-04-2023,2476,GANESH CHANDRAKANT TILEKAR,24,5,,1,,,,,,,,,,,,,,,,,,2130,SATARA,,,,,,,,,,,,,,,,,,,,,,,,
9,"BLUE DART EXPRESS LTD.,",30-04-2023,4310,GANESH SANJAY KATE,21,5,3,2,,,,,,,,,,,,,,,,,,4410,BRN,,,,,,,,,,,,,,,,,,,,,,,,
9,"BLUE DART EXPRESS LTD.,",30-04-2023,3836,GANESH TANAJI GORE,25,5,,,,,,,,,,,,,,,,,,,,3490,SAA,,,,,,,,,,,,,,,,,,,,,,,,
9,"BLUE DART EXPRESS LTD.,",30-04-2023,3089,GOKUL NARAYAN BATHE,25,5,,,,,,,,,,,,,,,,,,,,2743,SINHGAD ROAD,,,,,,,,,,,,,,,,,,,,,,,,
9,"BLUE DART EXPRESS LTD.,",30-04-2023,4160,GOKUL SANTOSH PAWAR,21,5,4,,,,,,,,,,,,,,,,,,,3814,TWH,,,,,,,,,,,,,,,,,,,,,,,,
9,"BLUE DART EXPRESS LTD.,",30-04-2023,4173,GORAKSHNATH DILIP SATHE,25,5,,,,,,,,,,,,,,,,,,,,3827,BANER,,,,,,,,,,,,,,,,,,,,,,,,
9,"BLUE DART EXPRESS LTD.,",30-04-2023,4440,HIMANSHU SHAILESH GARSUND,25,5,,,,,,,,,,,,,,,,,,,,4440,BRN,,,,,,,,,,,,,,,,,,,,,,,,
9,"BLUE DART EXPRESS LTD.,",30-04-2023,2448,HITESH LALASO KHARADE,24,5,,1,,,,,,,,,,,,,,,,,,2102,SATARA,,,,,,,,,,,,,,,,,,,,,,,,
9,"BLUE DART EXPRESS LTD.,",30-04-2023,4361,HRUSHIKESH  DEVIDAS  KULKARNI,25,5,,,,,,,,,,,,,,,,,,,,4421,TWH,,,,,,,,,,,,,,,,,,,,,,,,
9,"BLUE DART EXPRESS LTD.,",30-04-2023,4441,IRFAN HIMMAT MULLA,23,5,2,,,,,,,,,,,,,,,,,,,4441,BRN,,,,,,,,,,,,,,,,,,,,,,,,
9,"BLUE DART EXPRESS LTD.,",30-04-2023,4376,JAY  GANESH  CHAVAN,25,5,,,,,,,,,,,,,,,,,,,,4432,TWH,,,,,,,,,,,,,,,,,,,,,,,,
9,"BLUE DART EXPRESS LTD.,",30-04-2023,3097,KALPESH BHIKU CHAVAN,22,5,,3,,,,,,,,,,,,,,,,,,2751,PIMPRI,,,,,,,,,,,,,,,,,,,,,,,,
9,"BLUE DART EXPRESS LTD.,",30-04-2023,4238,KARAN  PRAKASH  KAVADE,23,5,,2,,,,,,,,,,,,,,,,,,4392,HDP,,,,,,,,,,,,,,,,,,,,,,,,
9,"BLUE DART EXPRESS LTD.,",30-04-2023,4302,KARAN  RAMESH CHAVAN,22,5,3,,,,,,,,,,,,,,,,,,,4405,BRN,,,,,,,,,,,,,,,,,,,,,,,,
9,"BLUE DART EXPRESS LTD.,",30-04-2023,3906,KARAN SHIVAJI KUCHEKAR,19,5,6,,,,,,,,,,,,,,,,,,,3560,SANGVI,,,,,,,,,,,,,,,,,,,,,,,,
9,"BLUE DART EXPRESS LTD.,",30-04-2023,1254,KISAN BABAN SHELAR,25,5,,,,,,,,,,,,,,,,,,,,908,APEX/SFC,,,,,,,,,,,,,,,,,,,,,,,,
9,"BLUE DART EXPRESS LTD.,",30-04-2023,2812,KISHOR BABAN GAWADE,23,5,,,,,,2,,,,,,,,,,,,,,2466,PUB/HUB,,,,,,,,,,,,,,,,,,,,,,,,
9,"BLUE DART EXPRESS LTD.,",30-04-2023,3227,KISHOR RAJU CHOUGULE,24,5,,,,,,1,,,,,,,,,,,,,,2881,PUB/OB,,,,,,,,,,,,,,,,,,,,,,,,
9,"BLUE DART EXPRESS LTD.,",30-04-2023,4442,KOMAL HANMANT CHAVAN,23,5,2,,,,,,,,,,,,,,,,,,,4442,BRN,,,,,,,,,,,,,,,,,,,,,,,,
9,"BLUE DART EXPRESS LTD.,",30-04-2023,4241,KRISHNA  ASHOK GAIKWAD,25,5,,,,,,,,,,,,,,,,,,,,4394,HNW,,,,,,,,,,,,,,,,,,,,,,,,
9,"BLUE DART EXPRESS LTD.,",30-04-2023,4174,KRISHNA ASHOK SURYAWANSHI,19,5,3,3,,,,,,,,,,,,,,,,,,3828,HADAPSAR,,,,,,,,,,,,,,,,,,,,,,,,
9,"BLUE DART EXPRESS LTD.,",30-04-2023,4471,KUNAL  NITIN  KUMBHAR,24,5,,1,,,,,,,,,,,,,,,,,,4451,HNW,,,,,,,,,,,,,,,,,,,,,,,,
9,"BLUE DART EXPRESS LTD.,",30-04-2023,4158,KUNAL SUNIL  PILLAY,14,3,3,10,,,,,,,,,,,,,,,,,,3812,BUND GARDEN,,,,,,,,,,,,,,,,,,,,,,,,
9,"BLUE DART EXPRESS LTD.,",30-04-2023,3115,LAXMAN DHULAPPA HARLAYYA,24,5,,,,,,1,,,,,,,,,,,,,,2769,PUB/OB,,,,,,,,,,,,,,,,,,,,,,,,
9,"BLUE DART EXPRESS LTD.,",30-04-2023,4368,LUKEY TARASING GILL,4,1,25,,,,,,,,,,,,,,,,,,,4427,PCH,,,,,,,,,,,,,,,,,,,,,,,,
9,"BLUE DART EXPRESS LTD.,",30-04-2023,2710,MACHINDRA VITTHAL WEHALE,24,5,,1,,,,,,,,,,,,,,,,,,2364,LORREL CHAKAN,,,,,,,,,,,,,,,,,,,,,,,,
9,"BLUE DART EXPRESS LTD.,",30-04-2023,4314,MAHADEV  NANA SHINGATE,25,5,,,,,,,,,,,,,,,,,,,,4414,BRN,,,,,,,,,,,,,,,,,,,,,,,,
9,"BLUE DART EXPRESS LTD.,",30-04-2023,4373,MANISH  MADAN  JADHAV,22,5,2,1,,,,,,,,,,,,,,,,,,4430,BRG,,,,,,,,,,,,,,,,,,,,,,,,
9,"BLUE DART EXPRESS LTD.,",30-04-2023,4058,MANOJ DNYANESHWAR SHINDE,25,5,,,,,,,,,,,,,,,,,,,,3712,TWH,,,,,,,,,,,,,,,,,,,,,,,,
9,"BLUE DART EXPRESS LTD.,",30-04-2023,3249,MARUTI BABULAL MUNGASE,25,5,,,,,,,,,,,,,,,,,,,,2903,SKODA-VW CHAKAN,,,,,,,,,,,,,,,,,,,,,,,,
9,"BLUE DART EXPRESS LTD.,",30-04-2023,3666,MATRUSHWAR BASAVRAJ DODMANI,22,5,,3,,,,,,,,,,,,,,,,,,3320,VIMANNAGAR,,,,,,,,,,,,,,,,,,,,,,,,
9,"BLUE DART EXPRESS LTD.,",30-04-2023,4443,MAYUR DILIP JAMDAR,,,,,,,,,,,,,,,,,,,,,,4443,SAA,,,,,,,,,,,,,,,,,,,,,,,,
9,"BLUE DART EXPRESS LTD.,",30-04-2023,4060,MAYUR SAHEBRAO GAIKWAD,,,,,,,,,,,,,,,,,,,,,,3714,VIMANNAGAR,,,,,,,,,,,,,,,,,,,,,,,,
9,"BLUE DART EXPRESS LTD.,",30-04-2023,4380,MOHD AZHAR ZAFAR AZHAR,23,5,2,,,,,,,,,,,,,,,,,,,4436,PCH,,,,,,,,,,,,,,,,,,,,,,,,
9,"BLUE DART EXPRESS LTD.,",30-04-2023,3318,MUKINDA DATTU PATOLE,24,5,,1,,,,,,,,,,,,,,,,,,2972,VEC,,,,,,,,,,,,,,,,,,,,,,,,
9,"BLUE DART EXPRESS LTD.,",30-04-2023,3060,NAVNATH ANANDA DHORE,25,5,,,,,,,,,,,,,,,,,,,,2714,TWH,,,,,,,,,,,,,,,,,,,,,,,,
9,"BLUE DART EXPRESS LTD.,",30-04-2023,2833,NAVNATH BAJRANG KURELEKAR,25,5,,,,,,,,,,,,,,,,,,,,2487,SATARA,,,,,,,,,,,,,,,,,,,,,,,,
9,"BLUE DART EXPRESS LTD.,",30-04-2023,4467,NILESH  RAJU  DEGALMADI,24,5,1,,,,,,,,,,,,,,,,,,,4447,PMC,,,,,,,,,,,,,,,,,,,,,,,,
9,"BLUE DART EXPRESS LTD.,",30-04-2023,1770,NILESH KALURAM DUMBARE,23,5,2,,,,,,,,,,,,,,,,,,,1424,LORREL CHAKAN,,,,,,,,,,,,,,,,,,,,,,,,
9,"BLUE DART EXPRESS LTD.,",30-04-2023,3121,NILESH NARAYAN KAJALE,24,5,,1,,,,,,,,,,,,,,,,,,2775,GENRAL MOTORS,,,,,,,,,,,,,,,,,,,,,,,,
9,"BLUE DART EXPRESS LTD.,",30-04-2023,2810,NILESH VASANTRAO JAGDALE,16,4,10,,,,,,,,,,,,,,,,,,,2464,KHW,,,,,,,,,,,,,,,,,,,,,,,,
9,"BLUE DART EXPRESS LTD.,",30-04-2023,4294,NITESH  NISHANT  MANDLIK,25,5,,,,,,,,,,,,,,,,,,,,4397,KHW,,,,,,,,,,,,,,,,,,,,,,,,
9,"BLUE DART EXPRESS LTD.,",30-04-2023,3505,NITESH DIPAK AWAGHADE,23,5,,2,,,,,,,,,,,,,,,,,,3159,SATARA,,,,,,,,,,,,,,,,,,,,,,,,
9,"BLUE DART EXPRESS LTD.,",30-04-2023,4161,NITIN GOPINATH KADAM,22,5,,1,,,,2,,,,,,,,,,,,,,3815,PUB/OB,,,,,,,,,,,,,,,,,,,,,,,,
9,"BLUE DART EXPRESS LTD.,",30-04-2023,4319,OMKAR  DEEPAK  SALUNKE,25,5,,,,,,,,,,,,,,,,,,,,4418,HDP,,,,,,,,,,,,,,,,,,,,,,,,
9,"BLUE DART EXPRESS LTD.,",30-04-2023,4374,OMKAR  UTTAM SHINDE,25,5,,,,,,,,,,,,,,,,,,,,4431,SID,,,,,,,,,,,,,,,,,,,,,,,,
9,"BLUE DART EXPRESS LTD.,",30-04-2023,4337,OMKAR DATTATRAYA SHINDE,21,5,4,,,,,,,,,,,,,,,,,,,4420,SID,,,,,,,,,,,,,,,,,,,,,,,,
9,"BLUE DART EXPRESS LTD.,",30-04-2023,4311,OMKAR SAMPAT  INGWALE,24,5,,1,,,,,,,,,,,,,,,,,,4411,BRN,,,,,,,,,,,,,,,,,,,,,,,,
9,"BLUE DART EXPRESS LTD.,",30-04-2023,4304,OMKAR SATISH KAKADE,,,,,,,,,,,,,,,,,,,,,,4407,BRN,,,,,,,,,,,,,,,,,,,,,,,,
9,"BLUE DART EXPRESS LTD.,",30-04-2023,4299,ONKAR  RAJENDRA  POWAR,25,5,,,,,,,,,,,,,,,,,,,,4402,KHW,,,,,,,,,,,,,,,,,,,,,,,,
9,"BLUE DART EXPRESS LTD.,",30-04-2023,4061,PANKAJ SURYAKANT NANGARE,24,5,,,,,,1,,,,,,,,,,,,,,3715,TWH,,,,,,,,,,,,,,,,,,,,,,,,
9,"BLUE DART EXPRESS LTD.,",30-04-2023,4050,PIRSAB SALIM SHAIKH,25,5,,,,,,,,,,,,,,,,,,,,3704,IT SAGAR,,,,,,,,,,,,,,,,,,,,,,,,
9,"BLUE DART EXPRESS LTD.,",30-04-2023,4134,PRABHAKAR SURESH  SAREGAON,24,5,,1,,,,,,,,,,,,,,,,,,3788,KHP,,,,,,,,,,,,,,,,,,,,,,,,
9,"BLUE DART EXPRESS LTD.,",30-04-2023,3368,PRADIP DHONDIRAM PATIL,23,5,,2,,,,,,,,,,,,,,,,,,3022,KHW,,,,,,,,,,,,,,,,,,,,,,,,
9,"BLUE DART EXPRESS LTD.,",30-04-2023,3869,PRADIP TANAJI YEWALE,23,5,,1,,,,1,,,,,,,,,,,,,,3523,GENRAL MOTORS,,,,,,,,,,,,,,,,,,,,,,,,
9,"BLUE DART EXPRESS LTD.,",30-04-2023,2723,PRAKASH SHIVAJI GAIKWAD,25,5,,,,,,,,,,,,,,,,,,,,2377,LORREL CHAKAN,,,,,,,,,,,,,,,,,,,,,,,,
9,"BLUE DART EXPRESS LTD.,",30-04-2023,4059,PRASANNA NAVNATH SHINDE,22,5,,3,,,,,,,,,,,,,,,,,,3713,TWH,,,,,,,,,,,,,,,,,,,,,,,,
9,"BLUE DART EXPRESS LTD.,",30-04-2023,4295,PRASHANT  PRALHAD  PATIL ,24,5,1,,,,,,,,,,,,,,,,,,,4398,BRN,,,,,,,,,,,,,,,,,,,,,,,,
9,"BLUE DART EXPRESS LTD.,",30-04-2023,2830,PRASHANT YUVRAJ SALUNKHE,25,5,,,,,,,,,,,,,,,,,,,,2484,KHW,,,,,,,,,,,,,,,,,,,,,,,,
9,"BLUE DART EXPRESS LTD.,",30-04-2023,3457,PREMKUMAR ANIL PAWAR,24,5,,,,,,1,,,,,,,,,,,,,,3111,PUB/OB,,,,,,,,,,,,,,,,,,,,,,,,
9,"BLUE DART EXPRESS LTD.,",30-04-2023,4316,PRIYANKA DEEPAK KUMBHAR,25,5,,,,,,,,,,,,,,,,,,,,4416,BRN,,,,,,,,,,,,,,,,,,,,,,,,
9,"BLUE DART EXPRESS LTD.,",30-04-2023,3902,PUNAJI HONAJI SHINGADE,25,5,,,,,,,,,,,,,,,,,,,,3556,LORREL CHAKAN,,,,,,,,,,,,,,,,,,,,,,,,
9,"BLUE DART EXPRESS LTD.,",30-04-2023,4366,RAHUL  NATHA  MAZIRE,24,5,1,,,,,,,,,,,,,,,,,,,4425,TWH,,,,,,,,,,,,,,,,,,,,,,,,
9,"BLUE DART EXPRESS LTD.,",30-04-2023,2703,RAHUL DHONDIBHAU THOMBARE,23,5,,2,,,,,,,,,,,,,,,,,,2357,LORREL CHAKAN,,,,,,,,,,,,,,,,,,,,,,,,
9,"BLUE DART EXPRESS LTD.,",30-04-2023,4015,RAHUL KAILASH DHAWALE,25,5,,,,,,,,,,,,,,,,,,,,3669,TWH,,,,,,,,,,,,,,,,,,,,,,,,
9,"BLUE DART EXPRESS LTD.,",30-04-2023,4132,RAJESH SUBHASH SHIVALE,24,5,,1,,,,,,,,,,,,,,,,,,3786,TALEGAON DABHADE,,,,,,,,,,,,,,,,,,,,,,,,
9,"BLUE DART EXPRESS LTD.,",30-04-2023,4296,RAKESH BHIVAJI MAGDUM,25,5,,,,,,,,,,,,,,,,,,,,4399,BRN,,,,,,,,,,,,,,,,,,,,,,,,
9,"BLUE DART EXPRESS LTD.,",30-04-2023,3381,RAKESH SHARAD KAMBLE,25,5,,,,,,,,,,,,,,,,,,,,3035,HDP,,,,,,,,,,,,,,,,,,,,,,,,
9,"BLUE DART EXPRESS LTD.,",30-04-2023,3245,RAMDAS VILAS RALE,24,5,,1,,,,,,,,,,,,,,,,,,2899,LORREL CHAKAN,,,,,,,,,,,,,,,,,,,,,,,,
9,"BLUE DART EXPRESS LTD.,",30-04-2023,4312,RAMESH BABURAO BANSODE,23,5,2,,,,,,,,,,,,,,,,,,,4412,BRN,,,,,,,,,,,,,,,,,,,,,,,,
9,"BLUE DART EXPRESS LTD.,",30-04-2023,3782,RAVI BHAUSAHWB JADHAV,25,5,,,,,,,,,,,,,,,,,,,,3436,GENRAL MOTORS,,,,,,,,,,,,,,,,,,,,,,,,
9,"BLUE DART EXPRESS LTD.,",30-04-2023,3429,RAVI NATHU SAPRE,21,5,,3,,,,1,,,,,,,,,,,,,,3083,PUB/HUB,,,,,,,,,,,,,,,,,,,,,,,,
9,"BLUE DART EXPRESS LTD.,",30-04-2023,4002,RAVIKIRAN RAGHUNATH PATIL,24,5,,1,,,,,,,,,,,,,,,,,,3656,KHW,,,,,,,,,,,,,,,,,,,,,,,,
9,"BLUE DART EXPRESS LTD.,",30-04-2023,2738,RAVINDRA KHEMA DHARADE,22,5,,3,,,,,,,,,,,,,,,,,,2392,LORREL CHAKAN,,,,,,,,,,,,,,,,,,,,,,,,
9,"BLUE DART EXPRESS LTD.,",30-04-2023,3905,RITESH RAMESH GAJARMAL,20,4,6,,,,,,,,,,,,,,,,,,,3559,SANGVI,,,,,,,,,,,,,,,,,,,,,,,,
9,"BLUE DART EXPRESS LTD.,",30-04-2023,3986,RUSHIKESH SAMBHAJI  SHENDGE,24,5,,1,,,,,,,,,,,,,,,,,,3640,GENRAL MOTORS,,,,,,,,,,,,,,,,,,,,,,,,
9,"BLUE DART EXPRESS LTD.,",30-04-2023,3924,RUSHIKESH SAMBHAJI AGATE,25,5,,,,,,,,,,,,,,,,,,,,3578,TWH,,,,,,,,,,,,,,,,,,,,,,,,
9,"BLUE DART EXPRESS LTD.,",30-04-2023,3372,SACHIN SUBHASH BOIWAR,24,5,,,,,,1,,,,,,,,,,,,,,3026,PUB/HUB,,,,,,,,,,,,,,,,,,,,,,,,
9,"BLUE DART EXPRESS LTD.,",30-04-2023,3631,SAGAR MADHUKAR THORAT,20,4,6,,,,,,,,,,,,,,,,,,,3285,VEC,,,,,,,,,,,,,,,,,,,,,,,,
9,"BLUE DART EXPRESS LTD.,",30-04-2023,3416,SAGAR SANJAY KANASE,22,5,1,2,,,,,,,,,,,,,,,,,,3070,SATARA,,,,,,,,,,,,,,,,,,,,,,,,
9,"BLUE DART EXPRESS LTD.,",30-04-2023,3308,SAGAR SANJAY MAHAJAN,20,5,2,3,,,,,,,,,,,,,,,,,,2962,TWH,,,,,,,,,,,,,,,,,,,,,,,,
9,"BLUE DART EXPRESS LTD.,",30-04-2023,3524,SAHIL GANGARAM ANKUSH,22,5,,2,,,,1,,,,,,,,,,,,,,3178,PUB/OB,,,,,,,,,,,,,,,,,,,,,,,,
9,"BLUE DART EXPRESS LTD.,",30-04-2023,3753,SAIRAJ BHAGWAN GIRI,24,5,1,,,,,,,,,,,,,,,,,,,3407,KHW,,,,,,,,,,,,,,,,,,,,,,,,
9,"BLUE DART EXPRESS LTD.,",30-04-2023,4159,SAMIR JAMIL SHAIKH,19,4,5,1,,,,,,,,,,,,,,,,,,3813,MARKETYARD,,,,,,,,,,,,,,,,,,,,,,,,
9,"BLUE DART EXPRESS LTD.,",30-04-2023,2708,SAMIT LALASO PHADATARE,23,5,,2,,,,,,,,,,,,,,,,,,2362,SATARA,,,,,,,,,,,,,,,,,,,,,,,,
9,"BLUE DART EXPRESS LTD.,",30-04-2023,4300,SAMPAT  MOHAN  KAMBLE,21,5,,3,,,,1,,,,,,,,,,,,,,4403,BRN,,,,,,,,,,,,,,,,,,,,,,,,
9,"BLUE DART EXPRESS LTD.,",30-04-2023,3932,SANDEEP DATTATRAYA KUDALE,21,5,,4,,,,,,,,,,,,,,,,,,3586,TWH,,,,,,,,,,,,,,,,,,,,,,,,
9,"BLUE DART EXPRESS LTD.,",30-04-2023,2049,SANDEEP GANESH CHINCHANE,25,5,,,,,,,,,,,,,,,,,,,,1703,BUND GARDEN,,,,,,,,,,,,,,,,,,,,,,,,
9,"BLUE DART EXPRESS LTD.,",30-04-2023,3909,SANDEEP NAMDEV RAIKAR,23,5,,2,,,,,,,,,,,,,,,,,,3563,SANGVI,,,,,,,,,,,,,,,,,,,,,,,,
9,"BLUE DART EXPRESS LTD.,",30-04-2023,4242,SANDESH  SANJAY PINATE,21,5,1,3,,,,,,,,,,,,,,,,,,4395,HNW,,,,,,,,,,,,,,,,,,,,,,,,
9,"BLUE DART EXPRESS LTD.,",30-04-2023,4013,SANDESH BHIMSEN UDHANE,23,4,,3,,,,,,,,,,,,,,,,,,3667,TWH,,,,,,,,,,,,,,,,,,,,,,,,
9,"BLUE DART EXPRESS LTD.,",30-04-2023,4470,SANDIP VASANT SHINDE,25,5,,,,,,,,,,,,,,,,,,,,4450,TWH,,,,,,,,,,,,,,,,,,,,,,,,
9,"BLUE DART EXPRESS LTD.,",30-04-2023,4303,SANJAY  KUNDLIK  RAJGE,22,4,1,3,,,,,,,,,,,,,,,,,,4406,PUB,,,,,,,,,,,,,,,,,,,,,,,,
9,"BLUE DART EXPRESS LTD.,",30-04-2023,4446,SANJEEV SHESHMANI SHARMA,25,5,,,,,,,,,,,,,,,,,,,,4444,BRN,,,,,,,,,,,,,,,,,,,,,,,,
9,"BLUE DART EXPRESS LTD.,",30-04-2023,3527,SANTONI PRAKASH JAGTAP,22,5,,1,,,,2,,,,,,,,,,,,,,3181,PUB/HUB,,,,,,,,,,,,,,,,,,,,,,,,
9,"BLUE DART EXPRESS LTD.,",30-04-2023,2226,SANTOSH KAMLAKAR BHISE,24,5,,1,,,,,,,,,,,,,,,,,,1880,SATARA,,,,,,,,,,,,,,,,,,,,,,,,
9,"BLUE DART EXPRESS LTD.,",30-04-2023,4168,SATYJEET SURESH DABHADE,22,5,,,,,,3,,,,,,,,,,,,,,3822,KHW,,,,,,,,,,,,,,,,,,,,,,,,
9,"BLUE DART EXPRESS LTD.,",30-04-2023,4236,SAYALI  MURALIDHAR  ASAWALE,25,5,,,,,,,,,,,,,,,,,,,,4391,CAH,,,,,,,,,,,,,,,,,,,,,,,,
9,"BLUE DART EXPRESS LTD.,",30-04-2023,4367,SHAILESH SHANKAR KHUDE,,,,,,,,,,,,,,,,,,,,,,4426,PCH,,,,,,,,,,,,,,,,,,,,,,,,
9,"BLUE DART EXPRESS LTD.,",30-04-2023,4187,SHEKHAR BHASKAR  ANDHALE,3,1,21,5,,,,,,,,,,,,,,,,,,4385,TWH,,,,,,,,,,,,,,,,,,,,,,,,
9,"BLUE DART EXPRESS LTD.,",30-04-2023,4320,SHUBHAM  RAJENDRA ITHAPE,,,,,,,,,,,,,,,,,,,,,,4419,PCH,,,,,,,,,,,,,,,,,,,,,,,,
9,"BLUE DART EXPRESS LTD.,",30-04-2023,4370,SHUBHAM  RAVJI  BHOIR,25,5,,,,,,,,,,,,,,,,,,,,4428,HNW,,,,,,,,,,,,,,,,,,,,,,,,
9,"BLUE DART EXPRESS LTD.,",30-04-2023,4468,SHUBHAM  SAMPAT  BHALERAO,25,5,,,,,,,,,,,,,,,,,,,,4448,PMC,,,,,,,,,,,,,,,,,,,,,,,,
9,"BLUE DART EXPRESS LTD.,",30-04-2023,4176,SHUBHAM DNYANESHWAR CHANDANE,21,5,1,3,,,,,,,,,,,,,,,,,,3830,MARKETYARD,,,,,,,,,,,,,,,,,,,,,,,,
9,"BLUE DART EXPRESS LTD.,",30-04-2023,3991,SHUBHAM MOHAN  MALI,23,5,,1,,,,1,,,,,,,,,,,,,,3645,KHW,,,,,,,,,,,,,,,,,,,,,,,,
9,"BLUE DART EXPRESS LTD.,",30-04-2023,4239,SHUBHAM RAJESH VAKUDE,22,5,3,,,,,,,,,,,,,,,,,,,4393,HDP,,,,,,,,,,,,,,,,,,,,,,,,
9,"BLUE DART EXPRESS LTD.,",30-04-2023,4313,SIBENDRANATH  JAGDISH  MAJHI,24,5,,1,,,,,,,,,,,,,,,,,,4413,BRN,,,,,,,,,,,,,,,,,,,,,,,,
9,"BLUE DART EXPRESS LTD.,",30-04-2023,3737,SIDDHESHWAR BALIRAM THORAT,22,5,,3,,,,,,,,,,,,,,,,,,3391,TWH,,,,,,,,,,,,,,,,,,,,,,,,
9,"BLUE DART EXPRESS LTD.,",30-04-2023,4057,SOMNATH DEVIDAS KULKARNI,25,5,,,,,,,,,,,,,,,,,,,,3711,PWH,,,,,,,,,,,,,,,,,,,,,,,,
9,"BLUE DART EXPRESS LTD.,",30-04-2023,4449,SOPAN  ASHOK YEDMAL,17,4,9,,,,,,,,,,,,,,,,,,,4445,BRN,,,,,,,,,,,,,,,,,,,,,,,,
9,"BLUE DART EXPRESS LTD.,",30-04-2023,4043,SRINIVAS VILAS POWAR,24,5,,,,,,1,,,,,,,,,,,,,,3697,KHW,,,,,,,,,,,,,,,,,,,,,,,,
9,"BLUE DART EXPRESS LTD.,",30-04-2023,2616,SUDHIR GOVIND NAIKARE,23,5,,2,,,,,,,,,,,,,,,,,,2270,SKODA-VW CHAKAN,,,,,,,,,,,,,,,,,,,,,,,,
9,"BLUE DART EXPRESS LTD.,",30-04-2023,3621,SUHAS SAKHARAM KADAM,25,5,,,,,,,,,,,,,,,,,,,,3275,PUB/OB,,,,,,,,,,,,,,,,,,,,,,,,
9,"BLUE DART EXPRESS LTD.,",30-04-2023,3969,SURAJ PRAKASH PAWAR,24,5,,1,,,,,,,,,,,,,,,,,,3623,SATARA,,,,,,,,,,,,,,,,,,,,,,,,
9,"BLUE DART EXPRESS LTD.,",30-04-2023,4315,TEJAS JAYVANT BORKAR,25,5,,,,,,,,,,,,,,,,,,,,4415,BRN,,,,,,,,,,,,,,,,,,,,,,,,
9,"BLUE DART EXPRESS LTD.,",30-04-2023,2977,TUKARAM RAGHUNATH MEMANE,25,5,,,,,,,,,,,,,,,,,,,,2631,LORREL CHAKAN,,,,,,,,,,,,,,,,,,,,,,,,
9,"BLUE DART EXPRESS LTD.,",30-04-2023,4235,TUSHAR RAJARAM RANAWARE,24,5,1,,,,,,,,,,,,,,,,,,,4390,BRN,,,,,,,,,,,,,,,,,,,,,,,,
9,"BLUE DART EXPRESS LTD.,",30-04-2023,4297,UMESH HINDURAO GADAVE,25,5,,,,,,,,,,,,,,,,,,,,4400,BRN,,,,,,,,,,,,,,,,,,,,,,,,
9,"BLUE DART EXPRESS LTD.,",30-04-2023,4198,VAIBHAV  VIJAY  KODOLKAR,24,5,,1,,,,,,,,,,,,,,,,,,4388,BRN,,,,,,,,,,,,,,,,,,,,,,,,
9,"BLUE DART EXPRESS LTD.,",30-04-2023,4051,VAIBHAV RAMDAS MADVI,25,5,,,,,,,,,,,,,,,,,,,,3705,IT SAGAR,,,,,,,,,,,,,,,,,,,,,,,,
9,"BLUE DART EXPRESS LTD.,",30-04-2023,4194,VAMAN  VIJAY  BHUJBAL,25,5,,,,,,,,,,,,,,,,,,,,4387,TWH,,,,,,,,,,,,,,,,,,,,,,,,
9,"BLUE DART EXPRESS LTD.,",30-04-2023,4451,VIGHNESH  RAJESH PAWAR,13,3,8,,,,,,,,,,,,,,,,,,,4383,BRN,,,,,,,,,,,,,,,,,,,,,,,,
9,"BLUE DART EXPRESS LTD.,",30-04-2023,4146,VIJAY MAHADEV PAWAR,25,5,,,,,,,,,,,,,,,,,,,,3800,TWH,,,,,,,,,,,,,,,,,,,,,,,,
9,"BLUE DART EXPRESS LTD.,",30-04-2023,4033,VIJAY SARJERAO PATIL,15,3,,,,,,,,,,,,,,,,,,,,3687,TWH,,,,,,,,,,,,,,,,,,,,,,,,
9,"BLUE DART EXPRESS LTD.,",30-04-2023,3670,VIKAS RAJU BHOR,25,5,,,,,,,,,,,,,,,,,,,,3324,LORREL CHAKAN,,,,,,,,,,,,,,,,,,,,,,,,
9,"BLUE DART EXPRESS LTD.,",30-04-2023,4188,VIKAS VAMAN BHALERAO,21,4,5,,,,,,,,,,,,,,,,,,,4386,SGB,,,,,,,,,,,,,,,,,,,,,,,,
9,"BLUE DART EXPRESS LTD.,",30-04-2023,3332,VINAY YASHWANT RAJHUNS,23,5,,2,,,,,,,,,,,,,,,,,,2986,KHW,,,,,,,,,,,,,,,,,,,,,,,,
9,"BLUE DART EXPRESS LTD.,",30-04-2023,3630,VINOD HARI PAWAR,24,5,,1,,,,,,,,,,,,,,,,,,3284,PIMPRI,,,,,,,,,,,,,,,,,,,,,,,,
9,"BLUE DART EXPRESS LTD.,",30-04-2023,4181,VISHAL AADHIK  JAMADAR,24,5,,1,,,,,,,,,,,,,,,,,,3835,SATARA,,,,,,,,,,,,,,,,,,,,,,,,
9,"BLUE DART EXPRESS LTD.,",30-04-2023,2813,VISHAL WALKU PARDHI,23,5,,2,,,,,,,,,,,,,,,,,,2467,TWH,,,,,,,,,,,,,,,,,,,,,,,,
9,"BLUE DART EXPRESS LTD.,",30-04-2023,4298,YOGESH  VILAS  KANDGAVKAR,22,5,1,2,,,,,,,,,,,,,,,,,,4401,BRN,,,,,,,,,,,,,,,,,,,,,,,,
9,"BLUE DART EXPRESS LTD.,",30-04-2023,2211,YOGESH MOHAN PAKHALE,18,4,,8,,,,,,,,,,,,,,,,,,1865,TWH,,,,,,,,,,,,,,,,,,,,,,,,
9,"BLUE DART EXPRESS LTD.,",30-04-2023,4062,YOGITA SUDHIR KAMBLE,21,5,,4,,,,,,,,,,,,,,,,,,3716,PMC,,,,,,,,,,,,,,,,,,,,,,,,
