 Client_id ,Client_name,Sal_month, Emp_id,Employee_NAME,present,weeklyoff,  absent, pl,cl,sl , paidholiday,additional, othours, nightshifts,incometax,canteen,extra_inc1, extra_inc2,leave_encash,extra_ded1,extra_ded2, wagediff,Allow_arrears, Ot_arrears,invalid,Client_id ,Client_name,Sal_month, Emp_id,Employee_NAME,Present,Weeklyoff,  Absent, Pl,Cl,Sl , Paidholiday,Additional, Othours, Nightshifts,Incometax,Canteen,Extra_inc1, Extra_inc2,Leave_encash,Extra_ded1,Extra_ded2, Wagediff,Allow_arrears, Ot_arrears,Invalid
9,"BLUE DART EXPRESS LTD.,",31-03-2023,2502,ABHIJEET NANDAKUMAR GAWARE,25,4,,,,,1,,,,,,,,,,,,,,,2156,TWH,,,,,,,,,,,,,,,,,,,,,,,,
9,"BLUE DART EXPRESS LTD.,",31-03-2023,4165,ABHIJIT JAGANNATH PISAL,25,4,,,,,1,,,,,,,,,,,,,,,3819,SATARA,,,,,,,,,,,,,,,,,,,,,,,,
9,"BLUE DART EXPRESS LTD.,",31-03-2023,4437,ABHIJIT SIDRAM VANDAGUNDE,25,4,,,,,1,,,,,,,,,,,,,,,,BRN,,,,,,,,,,,,,,,,,,,,,,,,
9,"BLUE DART EXPRESS LTD.,",31-03-2023,4169,ABHISHEK GANESH SAKAT,22,4,,3,,,1,,,,,,,,,,,,,,,3823,WGH,,,,,,,,,,,,,,,,,,,,,,,,
9,"BLUE DART EXPRESS LTD.,",31-03-2023,4040,ADITYA ASHOK PATOLE,24,4,1,,,,1,1,,,,,,,,,,,,,,3694,SHRIGONDA,,,,,,,,,,,,,,,,,,,,,,,,
9,"BLUE DART EXPRESS LTD.,",31-03-2023,4301,AKASH  BHAGWAT CHATE,25,4,,,,,1,,,,,,,,,,,,,,,,BRN,,,,,,,,,,,,,,,,,,,,,,,,
9,"BLUE DART EXPRESS LTD.,",31-03-2023,4363,AKASH  MANIK  KAMBLE,22,4,3,,,,1,,,,,,,,,,,,,,,,PCH,,,,,,,,,,,,,,,,,,,,,,,,
9,"BLUE DART EXPRESS LTD.,",31-03-2023,4333,AKASH  SARJERAO  DAGDE,,,,,,,,,,,,,,,,,,,,,,,PUC,,,,,,,,,,,,,,,,,,,,,,,,
9,"BLUE DART EXPRESS LTD.,",31-03-2023,4177,AKASH DATTATRAY CHANDANE,13,3,13,,,,1,,,,,,,,,,,,,,,3831,MARKETYARD,,,,,,,,,,,,,,,,,,,,,,,,
9,"BLUE DART EXPRESS LTD.,",31-03-2023,4371,AKASH DILIP SURYAWANSHI,25,4,,,,,1,,,,,,,,,,,,,,,,PCH,,,,,,,,,,,,,,,,,,,,,,,,
9,"BLUE DART EXPRESS LTD.,",31-03-2023,4027,AKASH GANPAT THAKAR,23,4,1,2,,,,1,,,,,,,,,,,,,,3681,PUB/OB,,,,,,,,,,,,,,,,,,,,,,,,
9,"BLUE DART EXPRESS LTD.,",31-03-2023,4171,AKASH PRAKASH PARADHI,25,4,,,,,1,,,,,,,,,,,,,,,3825,TWH,,,,,,,,,,,,,,,,,,,,,,,,
9,"BLUE DART EXPRESS LTD.,",31-03-2023,4378,AKBAR SHARPPODIN SHAIKH,23,4,,2,,,1,,,,,,,,,,,,,,,,ELECTRONICA,,,,,,,,,,,,,,,,,,,,,,,,
9,"BLUE DART EXPRESS LTD.,",31-03-2023,3667,AKIB ABDUL SALIM SHAIKH,24,4,,1,,,1,,,,,,,,,,,,,,,3321,MARKETYARD,,,,,,,,,,,,,,,,,,,,,,,,
9,"BLUE DART EXPRESS LTD.,",31-03-2023,3461,AKSHAY MANSARAM SAHARE,25,4,,,,,1,,,,,,,,,,,,,,,3115,GENRAL MOTORS,,,,,,,,,,,,,,,,,,,,,,,,
9,"BLUE DART EXPRESS LTD.,",31-03-2023,4234,ALTAF ASIF SHAIKH,25,4,,,,,1,,,,,,,,,,,,,,,,BRG,,,,,,,,,,,,,,,,,,,,,,,,
9,"BLUE DART EXPRESS LTD.,",31-03-2023,4317,AMBIKA  RAGUNATH  JOGDHANKAR,23,4,,2,,,1,,,,,,,,,,,,,,,,BRN,,,,,,,,,,,,,,,,,,,,,,,,
9,"BLUE DART EXPRESS LTD.,",31-03-2023,3491,AMIR FIROJ KILLEDAR,23,4,1,1,,,1,1,,,,,,,,,,,,,,3145,KHW,,,,,,,,,,,,,,,,,,,,,,,,
9,"BLUE DART EXPRESS LTD.,",31-03-2023,4078,AMIT  SAWALE,25,4,,,,,1,,,,,,,,,,,,,,,3732,TWH,,,,,,,,,,,,,,,,,,,,,,,,
9,"BLUE DART EXPRESS LTD.,",31-03-2023,3898,AMIT VIJAY JAGDALE,25,4,,,,,1,,,,,,,,,,,,,,,3552,TWH,,,,,,,,,,,,,,,,,,,,,,,,
9,"BLUE DART EXPRESS LTD.,",31-03-2023,4293,AMOL  ANNAPPA  TELVEKAR,24,4,,1,,,1,,,,,,,,,,,,,,,,BRN,,,,,,,,,,,,,,,,,,,,,,,,
9,"BLUE DART EXPRESS LTD.,",31-03-2023,3796,AMOL KAILAS JANGADE,24,4,,1,,,1,,,,,,,,,,,,,,,3450,EDP,,,,,,,,,,,,,,,,,,,,,,,,
9,"BLUE DART EXPRESS LTD.,",31-03-2023,2836,AMOL RAJENDRA KADAM,23,4,,2,,,1,,,,,,,,,,,,,,,2490,SATARA,,,,,,,,,,,,,,,,,,,,,,,,
9,"BLUE DART EXPRESS LTD.,",31-03-2023,3523,ANANDA RUKMAJI WAGHMARE,24,4,,1,,,1,,,,,,,,,,,,,,,3177,PUB/OB,,,,,,,,,,,,,,,,,,,,,,,,
9,"BLUE DART EXPRESS LTD.,",31-03-2023,3458,ANANTA CHINDHU DHORE,24,4,,1,,,1,1,,,,,,,,,,,,,,3112,TWH,,,,,,,,,,,,,,,,,,,,,,,,
9,"BLUE DART EXPRESS LTD.,",31-03-2023,4438,ANIKET HARIDAS WAGH,25,4,,,,,1,,,,,,,,,,,,,,,,BRN,,,,,,,,,,,,,,,,,,,,,,,,
9,"BLUE DART EXPRESS LTD.,",31-03-2023,4364,ANIKET KRISHNA TILEKAR,6,1,22,,,,1,,,,,,,,,,,,,,,,TWH,,,,,,,,,,,,,,,,,,,,,,,,
9,"BLUE DART EXPRESS LTD.,",31-03-2023,4362,ANIKET NITIN GAIKWAD,24,4,1,,,,1,,,,,,,,,,,,,,,,SID,,,,,,,,,,,,,,,,,,,,,,,,
9,"BLUE DART EXPRESS LTD.,",31-03-2023,4308,ANIL  MADHUKAR CHAVAN,25,4,,,,,1,,,,,,,,,,,,,,,,SAA,,,,,,,,,,,,,,,,,,,,,,,,
9,"BLUE DART EXPRESS LTD.,",31-03-2023,3000,ANIL GORAKHNATH KEMSE,24,4,,1,,,1,,,,,,,,,,,,,,,2654,EDP,,,,,,,,,,,,,,,,,,,,,,,,
9,"BLUE DART EXPRESS LTD.,",31-03-2023,3649,ANIL MOHAN DUMBARE,25,4,,,,,1,,,,,,,,,,,,,,,3303,SKODA-VW CHAKAN,,,,,,,,,,,,,,,,,,,,,,,,
9,"BLUE DART EXPRESS LTD.,",31-03-2023,4377,ARVIND  PANDURANG  KUMBHAR,25,4,,,,,1,,,,,,,,,,,,,,,,TWH,,,,,,,,,,,,,,,,,,,,,,,,
9,"BLUE DART EXPRESS LTD.,",31-03-2023,4379,ARYAN BHANUDAS JAGTAP,25,4,,,,,1,,,,,,,,,,,,,,,,ELECTRONICA,,,,,,,,,,,,,,,,,,,,,,,,
9,"BLUE DART EXPRESS LTD.,",31-03-2023,3793,ASHISH SINGH MAHINDRAPAL BHATTI,24,4,1,,,,1,,,,,,,,,,,,,,,3447,SANGVI,,,,,,,,,,,,,,,,,,,,,,,,
9,"BLUE DART EXPRESS LTD.,",31-03-2023,4439,ASHOK KISHOR SHINDE,24,4,1,,,,1,,,,,,,,,,,,,,,,BRN,,,,,,,,,,,,,,,,,,,,,,,,
9,"BLUE DART EXPRESS LTD.,",31-03-2023,3328,ASHOK VAIJINATH LONDHE,25,4,,,,,1,,,,,,,,,,,,,,,2982,LORREL CHAKAN,,,,,,,,,,,,,,,,,,,,,,,,
9,"BLUE DART EXPRESS LTD.,",31-03-2023,4309,ATUL  DILIP  DHONDAWAD,24,4,,1,,,1,,,,,,,,,,,,,,,,BRN,,,,,,,,,,,,,,,,,,,,,,,,
9,"BLUE DART EXPRESS LTD.,",31-03-2023,4178,AVINASH DATTATRAY CHANDANE,24,4,,1,,,1,,,,,,,,,,,,,,,3832,MARKETYARD,,,,,,,,,,,,,,,,,,,,,,,,
9,"BLUE DART EXPRESS LTD.,",31-03-2023,2887,BAPU KALYAN THORAT,25,4,,,,,1,,,,,,,,,,,,,,,2541,PUB/OB,,,,,,,,,,,,,,,,,,,,,,,,
9,"BLUE DART EXPRESS LTD.,",31-03-2023,2654,BHARAT CHANDRAKANT SHINDE,25,4,,,,,1,,,,,,,,,,,,,,,2308,LORREL CHAKAN,,,,,,,,,,,,,,,,,,,,,,,,
9,"BLUE DART EXPRESS LTD.,",31-03-2023,2686,BHARAT RAGHU KOTWAL,24,4,,1,,,1,,,,,,,,,,,,,,,2340,LORREL CHAKAN,,,,,,,,,,,,,,,,,,,,,,,,
9,"BLUE DART EXPRESS LTD.,",31-03-2023,4131,BHARATI  PANDIT,25,4,,,,,1,,,,,,,,,,,,,,,3785,HDP,,,,,,,,,,,,,,,,,,,,,,,,
9,"BLUE DART EXPRESS LTD.,",31-03-2023,4028,DEEPAK GANPAT AGALE,24,4,1,,,,1,1,,,,,,,,,,,,,,3682,PUB/OB,,,,,,,,,,,,,,,,,,,,,,,,
9,"BLUE DART EXPRESS LTD.,",31-03-2023,4005,DEEPAK RAMESH PAWAR,22,4,,3,,,1,,,,,,,,,,,,,,,3659,LORREL CHAKAN,,,,,,,,,,,,,,,,,,,,,,,,
9,"BLUE DART EXPRESS LTD.,",31-03-2023,4179,DEEPAK SHANTARAM KADAM,,,,,,,,,,,,,,,,,,,,,,3833,TINGARE NAGAR,,,,,,,,,,,,,,,,,,,,,,,,
9,"BLUE DART EXPRESS LTD.,",31-03-2023,4334,FARMAN  BADSHAH RAJE  DESHMUKH,,,,,,,,,,,,,,,,,,,,,,,PUC,,,,,,,,,,,,,,,,,,,,,,,,
9,"BLUE DART EXPRESS LTD.,",31-03-2023,2525,GANESH ANNA CHOBHE,25,4,,,,,1,,,,,,,,,,,,,,,2179,VIMANNAGAR,,,,,,,,,,,,,,,,,,,,,,,,
9,"BLUE DART EXPRESS LTD.,",31-03-2023,4162,GANESH BALU KENDALE,22,4,,3,,,1,,,,,,,,,,,,,,,3816,PUB/OB,,,,,,,,,,,,,,,,,,,,,,,,
9,"BLUE DART EXPRESS LTD.,",31-03-2023,2476,GANESH CHANDRAKANT TILEKAR,25,4,,,,,1,,,,,,,,,,,,,,,2130,SATARA,,,,,,,,,,,,,,,,,,,,,,,,
9,"BLUE DART EXPRESS LTD.,",31-03-2023,4310,GANESH SANJAY KATE,24,4,,1,,,1,,,,,,,,,,,,,,,,BRN,,,,,,,,,,,,,,,,,,,,,,,,
9,"BLUE DART EXPRESS LTD.,",31-03-2023,3836,GANESH TANAJI GORE,18,3,,8,,,1,,,,,,,,,,,,,,,3490,SAA,,,,,,,,,,,,,,,,,,,,,,,,
9,"BLUE DART EXPRESS LTD.,",31-03-2023,3089,GOKUL NARAYAN BATHE,24,4,,1,,,1,,,,,,,,,,,,,,,2743,SINHGAD ROAD,,,,,,,,,,,,,,,,,,,,,,,,
9,"BLUE DART EXPRESS LTD.,",31-03-2023,4160,GOKUL SANTOSH PAWAR,25,4,0,,,,1,,,,,,,,,,,,,,,3814,TWH,,,,,,,,,,,,,,,,,,,,,,,,
9,"BLUE DART EXPRESS LTD.,",31-03-2023,4173,GORAKSHNATH DILIP SATHE,23,4,2,,,,1,,,,,,,,,,,,,,,3827,BANER,,,,,,,,,,,,,,,,,,,,,,,,
9,"BLUE DART EXPRESS LTD.,",31-03-2023,4440,HIMANSHU SHAILESH GARSUND,25,4,,,,,1,,,,,,,,,,,,,,,,BRN,,,,,,,,,,,,,,,,,,,,,,,,
9,"BLUE DART EXPRESS LTD.,",31-03-2023,2448,HITESH LALASO KHARADE,25,4,,,,,1,,,,,,,,,,,,,,,2102,SATARA,,,,,,,,,,,,,,,,,,,,,,,,
9,"BLUE DART EXPRESS LTD.,",31-03-2023,4361,HRUSHIKESH  DEVIDAS  KULKARNI,20,4,5,,,,1,,,,,,,,,,,,,,,,TWH,,,,,,,,,,,,,,,,,,,,,,,,
9,"BLUE DART EXPRESS LTD.,",31-03-2023,4441,IRFAN HIMMAT MULLA,25,4,,,,,1,,,,,,,,,,,,,,,,BRN,,,,,,,,,,,,,,,,,,,,,,,,
9,"BLUE DART EXPRESS LTD.,",31-03-2023,4376,JAY  GANESH  CHAVAN,24,4,,1,,,1,,,,,,,,,,,,,,,,TWH,,,,,,,,,,,,,,,,,,,,,,,,
9,"BLUE DART EXPRESS LTD.,",31-03-2023,3097,KALPESH BHIKU CHAVAN,23,4,,2,,,1,,,,,,,,,,,,,,,2751,PIMPRI,,,,,,,,,,,,,,,,,,,,,,,,
9,"BLUE DART EXPRESS LTD.,",31-03-2023,4238,KARAN  PRAKASH  KAVADE,25,4,,,,,1,,,,,,,,,,,,,,,,HDP,,,,,,,,,,,,,,,,,,,,,,,,
9,"BLUE DART EXPRESS LTD.,",31-03-2023,4302,KARAN  RAMESH CHAVAN,24,4,1,,,,1,,,,,,,,,,,,,,,,BRN,,,,,,,,,,,,,,,,,,,,,,,,
9,"BLUE DART EXPRESS LTD.,",31-03-2023,3906,KARAN SHIVAJI KUCHEKAR,23,4,2,,,,1,,,,,,,,,,,,,,,3560,SANGVI,,,,,,,,,,,,,,,,,,,,,,,,
9,"BLUE DART EXPRESS LTD.,",31-03-2023,1254,KISAN BABAN SHELAR,25,4,,,,,1,,,,,,,,,,,,,,,908,APEX/SFC,,,,,,,,,,,,,,,,,,,,,,,,
9,"BLUE DART EXPRESS LTD.,",31-03-2023,2812,KISHOR BABAN GAWADE,24,4,1,,,,1,1,,,,,,,,,,,,,,2466,PUB/HUB,,,,,,,,,,,,,,,,,,,,,,,,
9,"BLUE DART EXPRESS LTD.,",31-03-2023,3227,KISHOR RAJU CHOUGULE,19,3,4,3,,,1,4,,,,,,,,,,,,,,2881,PUB/OB,,,,,,,,,,,,,,,,,,,,,,,,
9,"BLUE DART EXPRESS LTD.,",31-03-2023,4442,KOMAL HANMANT CHAVAN,25,4,,,,,1,,,,,,,,,,,,,,,,BRN,,,,,,,,,,,,,,,,,,,,,,,,
9,"BLUE DART EXPRESS LTD.,",31-03-2023,4241,KRISHNA  ASHOK GAIKWAD,23,4,2,,,,1,,,,,,,,,,,,,,,,HNW,,,,,,,,,,,,,,,,,,,,,,,,
9,"BLUE DART EXPRESS LTD.,",31-03-2023,4174,KRISHNA ASHOK SURYAWANSHI,23,4,,2,,,1,,,,,,,,,,,,,,,3828,HADAPSAR,,,,,,,,,,,,,,,,,,,,,,,,
9,"BLUE DART EXPRESS LTD.,",31-03-2023,4158,KUNAL SUNIL  PILLAY,23,3,,3,,,1,,,,,,,,,,,,,,,3812,BUND GARDEN,,,,,,,,,,,,,,,,,,,,,,,,
9,"BLUE DART EXPRESS LTD.,",31-03-2023,3115,LAXMAN DHULAPPA HARLAYYA,24,4,1,,,,1,1,,,,,,,,,,,,,,2769,PUB/OB,,,,,,,,,,,,,,,,,,,,,,,,
9,"BLUE DART EXPRESS LTD.,",31-03-2023,4368,LUKEY TARASING GILL,22,4,3,,,,1,,,,,,,,,,,,,,,,PCH,,,,,,,,,,,,,,,,,,,,,,,,
9,"BLUE DART EXPRESS LTD.,",31-03-2023,2710,MACHINDRA VITTHAL WEHALE,24,4,1,,,,1,1,,,,,,,,,,,,,,2364,LORREL CHAKAN,,,,,,,,,,,,,,,,,,,,,,,,
9,"BLUE DART EXPRESS LTD.,",31-03-2023,4314,MAHADEV  NANA SHINGATE,25,4,,,,,1,,,,,,,,,,,,,,,,BRN,,,,,,,,,,,,,,,,,,,,,,,,
9,"BLUE DART EXPRESS LTD.,",31-03-2023,4373,MANISH  MADAN  JADHAV,23,4,,2,,,1,,,,,,,,,,,,,,,,BRG,,,,,,,,,,,,,,,,,,,,,,,,
9,"BLUE DART EXPRESS LTD.,",31-03-2023,4058,MANOJ DNYANESHWAR SHINDE,25,4,,,,,1,,,,,,,,,,,,,,,3712,TWH,,,,,,,,,,,,,,,,,,,,,,,,
9,"BLUE DART EXPRESS LTD.,",31-03-2023,3249,MARUTI BABULAL MUNGASE,25,4,,,,,1,,,,,,,,,,,,,,,2903,SKODA-VW CHAKAN,,,,,,,,,,,,,,,,,,,,,,,,
9,"BLUE DART EXPRESS LTD.,",31-03-2023,3666,MATRUSHWAR BASAVRAJ DODMANI,24,4,,1,,,1,,,,,,,,,,,,,,,3320,VIMANNAGAR,,,,,,,,,,,,,,,,,,,,,,,,
9,"BLUE DART EXPRESS LTD.,",31-03-2023,4443,MAYUR DILIP JAMDAR,22,4,2,1,,,1,,,,,,,,,,,,,,,,SAA,,,,,,,,,,,,,,,,,,,,,,,,
9,"BLUE DART EXPRESS LTD.,",31-03-2023,4060,MAYUR SAHEBRAO GAIKWAD,5,1,24,,,,,,,,,,,,,,,,,,,3714,VIMANNAGAR,,,,,,,,,,,,,,,,,,,,,,,,
9,"BLUE DART EXPRESS LTD.,",31-03-2023,4380,MOHD AZHAR ZAFAR AZHAR,23,4,2,,,,1,,,,,,,,,,,,,,,,PCH,,,,,,,,,,,,,,,,,,,,,,,,
9,"BLUE DART EXPRESS LTD.,",31-03-2023,3318,MUKINDA DATTU PATOLE,23,4,,2,,,1,,,,,,,,,,,,,,,2972,VEC,,,,,,,,,,,,,,,,,,,,,,,,
9,"BLUE DART EXPRESS LTD.,",31-03-2023,3060,NAVNATH ANANDA DHORE,25,4,,,,,1,,,,,,,,,,,,,,,2714,TWH,,,,,,,,,,,,,,,,,,,,,,,,
9,"BLUE DART EXPRESS LTD.,",31-03-2023,2833,NAVNATH BAJRANG KURELEKAR,24,4,,1,,,1,,,,,,,,,,,,,,,2487,SATARA,,,,,,,,,,,,,,,,,,,,,,,,
9,"BLUE DART EXPRESS LTD.,",31-03-2023,2810,NILESH  JAGDALE,21,4,3,1,,,1,3,,,,,,,,,,,,,,2464,KHW,,,,,,,,,,,,,,,,,,,,,,,,
9,"BLUE DART EXPRESS LTD.,",31-03-2023,4444,NILESH  SHARAD KAMBLE,,,,,,,,,,,,,,,,,,,,,,,BRN,,,,,,,,,,,,,,,,,,,,,,,,
9,"BLUE DART EXPRESS LTD.,",31-03-2023,1770,NILESH KALURAM DUMBARE,25,4,,,,,1,,,,,,,,,,,,,,,1424,LORREL CHAKAN,,,,,,,,,,,,,,,,,,,,,,,,
9,"BLUE DART EXPRESS LTD.,",31-03-2023,3121,NILESH NARAYAN KAJALE,25,4,,,,,1,,,,,,,,,,,,,,,2775,GENRAL MOTORS,,,,,,,,,,,,,,,,,,,,,,,,
9,"BLUE DART EXPRESS LTD.,",31-03-2023,4294,NITESH  NISHANT  MANDLIK,25,4,,,,,1,,,,,,,,,,,,,,,,KHW,,,,,,,,,,,,,,,,,,,,,,,,
9,"BLUE DART EXPRESS LTD.,",31-03-2023,3505,NITESH DIPAK AWAGHADE,25,4,,,,,1,,,,,,,,,,,,,,,3159,SATARA,,,,,,,,,,,,,,,,,,,,,,,,
9,"BLUE DART EXPRESS LTD.,",31-03-2023,4161,NITIN GOPINATH KADAM,24,4,,1,,,1,,,,,,,,,,,,,,,3815,PUB/OB,,,,,,,,,,,,,,,,,,,,,,,,
9,"BLUE DART EXPRESS LTD.,",31-03-2023,4319,OMKAR  DEEPAK  SALUNKE,24,4,,1,,,1,,,,,,,,,,,,,,,,HDP,,,,,,,,,,,,,,,,,,,,,,,,
9,"BLUE DART EXPRESS LTD.,",31-03-2023,4374,OMKAR  UTTAM SHINDE,23,4,2,,,,1,,,,,,,,,,,,,,,,SID,,,,,,,,,,,,,,,,,,,,,,,,
9,"BLUE DART EXPRESS LTD.,",31-03-2023,4311,OMKAR SAMPAT  INGWALE,23,4,,2,,,1,,,,,,,,,,,,,,,,BRN,,,,,,,,,,,,,,,,,,,,,,,,
9,"BLUE DART EXPRESS LTD.,",31-03-2023,4304,OMKAR SATISH KAKADE,20,4,5,,,,1,,,,,,,,,,,,,,,,BRN,,,,,,,,,,,,,,,,,,,,,,,,
9,"BLUE DART EXPRESS LTD.,",31-03-2023,4365,OMKAR VINAYAK PENDNEKAR,,,,,,,,,,,,,,,,,,,,,,,PUC,,,,,,,,,,,,,,,,,,,,,,,,
9,"BLUE DART EXPRESS LTD.,",31-03-2023,4299,ONKAR  RAJENDRA  POWAR,21,4,2,2,,,1,2,,,,,,,,,,,,,,,BRN,,,,,,,,,,,,,,,,,,,,,,,,
9,"BLUE DART EXPRESS LTD.,",31-03-2023,4061,PANKAJ SURYAKANT NANGARE,24,4,1,,,,1,1,,,,,,,,,,,,,,3715,TWH,,,,,,,,,,,,,,,,,,,,,,,,
9,"BLUE DART EXPRESS LTD.,",31-03-2023,4050,PIRSAB SALIM SHAIKH,23,4,,2,,,1,,,,,,,,,,,,,,,3704,IT SAGAR,,,,,,,,,,,,,,,,,,,,,,,,
9,"BLUE DART EXPRESS LTD.,",31-03-2023,4134,PRABHAKAR SURESH  SAREGAON,16,3,1,9,,,1,,,,,,,,,,,,,,,3788,KHP,,,,,,,,,,,,,,,,,,,,,,,,
9,"BLUE DART EXPRESS LTD.,",31-03-2023,3368,PRADIP DHONDIRAM PATIL,24,4,,1,,,1,,,,,,,,,,,,,,,3022,KHW,,,,,,,,,,,,,,,,,,,,,,,,
9,"BLUE DART EXPRESS LTD.,",31-03-2023,3869,PRADIP TANAJI YEWALE,24,4,,1,,,1,,,,,,,,,,,,,,,3523,GENRAL MOTORS,,,,,,,,,,,,,,,,,,,,,,,,
9,"BLUE DART EXPRESS LTD.,",31-03-2023,2723,PRAKASH SHIVAJI GAIKWAD,25,4,,,,,1,,,,,,,,,,,,,,,2377,LORREL CHAKAN,,,,,,,,,,,,,,,,,,,,,,,,
9,"BLUE DART EXPRESS LTD.,",31-03-2023,4059,PRASANNA NAVNATH SHINDE,25,4,,,,,1,,,,,,,,,,,,,,,3713,TWH,,,,,,,,,,,,,,,,,,,,,,,,
9,"BLUE DART EXPRESS LTD.,",31-03-2023,4295,PRASHANT  PRALHAD  PATIL ,25,4,,,,,1,,,,,,,,,,,,,,,,BRN,,,,,,,,,,,,,,,,,,,,,,,,
9,"BLUE DART EXPRESS LTD.,",31-03-2023,2830,PRASHANT YUVRAJ SALUNKHE,20,4,3,2,,,1,3,,,,,,,,,,,,,,2484,KHW,,,,,,,,,,,,,,,,,,,,,,,,
9,"BLUE DART EXPRESS LTD.,",31-03-2023,3457,PREMKUMAR ANIL PAWAR,17,4,8,,,,1,2,,,,,,,,,,,,,,3111,PUB/OB,,,,,,,,,,,,,,,,,,,,,,,,
9,"BLUE DART EXPRESS LTD.,",31-03-2023,4316,PRIYANKA DEEPAK KUMBHAR,25,4,,,,,1,,,,,,,,,,,,,,,,BRN,,,,,,,,,,,,,,,,,,,,,,,,
9,"BLUE DART EXPRESS LTD.,",31-03-2023,3902,PUNAJI HONAJI SHINGADE,25,4,,,,,1,,,,,,,,,,,,,,,3556,LORREL CHAKAN,,,,,,,,,,,,,,,,,,,,,,,,
9,"BLUE DART EXPRESS LTD.,",31-03-2023,4366,RAHUL  NATHA  MAZIRE,25,4,,,,,1,,,,,,,,,,,,,,,,TWH,,,,,,,,,,,,,,,,,,,,,,,,
9,"BLUE DART EXPRESS LTD.,",31-03-2023,2703,RAHUL DHONDIBHAU THOMBARE,25,4,,,,,1,,,,,,,,,,,,,,,2357,LORREL CHAKAN,,,,,,,,,,,,,,,,,,,,,,,,
9,"BLUE DART EXPRESS LTD.,",31-03-2023,4015,RAHUL KAILASH DHAWALE,24,4,,1,,,1,,,,,,,,,,,,,,,3669,TWH,,,,,,,,,,,,,,,,,,,,,,,,
9,"BLUE DART EXPRESS LTD.,",31-03-2023,4132,RAJESH SUBHASH SHIVALE,25,4,,,,,1,,,,,,,,,,,,,,,3786,TALEGAON DABHADE,,,,,,,,,,,,,,,,,,,,,,,,
9,"BLUE DART EXPRESS LTD.,",31-03-2023,4296,RAKESH BHIVAJI MAGDUM,25,4,,,,,1,,,,,,,,,,,,,,,,BRN,,,,,,,,,,,,,,,,,,,,,,,,
9,"BLUE DART EXPRESS LTD.,",31-03-2023,3381,RAKESH SHARAD KAMBLE,25,4,,,,,1,,,,,,,,,,,,,,,3035,HADAPSAR,,,,,,,,,,,,,,,,,,,,,,,,
9,"BLUE DART EXPRESS LTD.,",31-03-2023,3245,RAMDAS VILAS RALE,25,4,,,,,1,,,,,,,,,,,,,,,2899,LORREL CHAKAN,,,,,,,,,,,,,,,,,,,,,,,,
9,"BLUE DART EXPRESS LTD.,",31-03-2023,4312,RAMESH BABURAO BANSODE,25,4,,,,,1,,,,,,,,,,,,,,,,BRN,,,,,,,,,,,,,,,,,,,,,,,,
9,"BLUE DART EXPRESS LTD.,",31-03-2023,3782,RAVI BHAUSAHWB JADHAV,25,4,,,,,1,,,,,,,,,,,,,,,3436,GENRAL MOTORS,,,,,,,,,,,,,,,,,,,,,,,,
9,"BLUE DART EXPRESS LTD.,",31-03-2023,3429,RAVI NATHU SAPRE,23,4,2,,,,1,2,,,,,,,,,,,,,,3083,PUB/HUB,,,,,,,,,,,,,,,,,,,,,,,,
9,"BLUE DART EXPRESS LTD.,",31-03-2023,4002,RAVIKIRAN RAGHUNATH PATIL,24,4,1,,,,1,1,,,,,,,,,,,,,,3656,KHW,,,,,,,,,,,,,,,,,,,,,,,,
9,"BLUE DART EXPRESS LTD.,",31-03-2023,2738,RAVINDRA KHEMA DHARADE,25,4,,,,,1,,,,,,,,,,,,,,,2392,LORREL CHAKAN,,,,,,,,,,,,,,,,,,,,,,,,
9,"BLUE DART EXPRESS LTD.,",31-03-2023,3905,RITESH RAMESH GAJARMAL,23,4,2,,,,1,,,,,,,,,,,,,,,3559,SANGVI,,,,,,,,,,,,,,,,,,,,,,,,
9,"BLUE DART EXPRESS LTD.,",31-03-2023,3986,RUSHIKESH SAMBHAJI  SHENDGE,24,4,,1,,,1,,,,,,,,,,,,,,,3640,GENRAL MOTORS,,,,,,,,,,,,,,,,,,,,,,,,
9,"BLUE DART EXPRESS LTD.,",31-03-2023,3924,RUSHIKESH SAMBHAJI AGATE,25,4,,,,,1,,,,,,,,,,,,,,,3578,TWH,,,,,,,,,,,,,,,,,,,,,,,,
9,"BLUE DART EXPRESS LTD.,",31-03-2023,3372,SACHIN SUBHASH BOIWAR,19,4,6,,,,1,,,,,,,,,,,,,,,3026,PUB/HUB,,,,,,,,,,,,,,,,,,,,,,,,
9,"BLUE DART EXPRESS LTD.,",31-03-2023,4369,SADANAND  VISHWANATH  MALPOTE,,,,,,,,,,,,,,,,,,,,,,,HNW,,,,,,,,,,,,,,,,,,,,,,,,
9,"BLUE DART EXPRESS LTD.,",31-03-2023,3631,SAGAR MADHUKAR THORAT,24,4,,2,,,1,,,,,,,,,,,,,,,3285,VEC,,,,,,,,,,,,,,,,,,,,,,,,
9,"BLUE DART EXPRESS LTD.,",31-03-2023,3416,SAGAR SANJAY KANASE,23,4,,2,,,1,,,,,,,,,,,,,,,3070,SATARA,,,,,,,,,,,,,,,,,,,,,,,,
9,"BLUE DART EXPRESS LTD.,",31-03-2023,3308,SAGAR SANJAY MAHAJAN,23,4,2,1,,,,2,,,,,,,,,,,,,,2962,TWH,,,,,,,,,,,,,,,,,,,,,,,,
9,"BLUE DART EXPRESS LTD.,",31-03-2023,3524,SAHIL GANGARAM ANKUSH,23,4,1,1,,,1,1,,,,,,,,,,,,,,3178,PUB/OB,,,,,,,,,,,,,,,,,,,,,,,,
9,"BLUE DART EXPRESS LTD.,",31-03-2023,3753,SAIRAJ BHAGWAN GIRI,24,4,1,,,,1,,,,,,,,,,,,,,,3407,KHW,,,,,,,,,,,,,,,,,,,,,,,,
9,"BLUE DART EXPRESS LTD.,",31-03-2023,4159,SAMIR JAMIL SHAIKH,23,4,1,1,,,1,,,,,,,,,,,,,,,3813,MARKETYARD,,,,,,,,,,,,,,,,,,,,,,,,
9,"BLUE DART EXPRESS LTD.,",31-03-2023,2708,SAMIT LALASO PHADATARE,25,4,,,,,1,,,,,,,,,,,,,,,2362,SATARA,,,,,,,,,,,,,,,,,,,,,,,,
9,"BLUE DART EXPRESS LTD.,",31-03-2023,4300,SAMPAT  MOHAN  KAMBLE,22,4,2,1,,,1,2,,,,,,,,,,,,,,,BRN,,,,,,,,,,,,,,,,,,,,,,,,
9,"BLUE DART EXPRESS LTD.,",31-03-2023,3932,SANDEEP DATTATRAYA KUDALE,24,4,,1,,,1,,,,,,,,,,,,,,,3586,TWH,,,,,,,,,,,,,,,,,,,,,,,,
9,"BLUE DART EXPRESS LTD.,",31-03-2023,2049,SANDEEP GANESH CHINCHANE,23,4,,2,,,1,,,,,,,,,,,,,,,1703,BUND GARDEN,,,,,,,,,,,,,,,,,,,,,,,,
9,"BLUE DART EXPRESS LTD.,",31-03-2023,3909,SANDEEP NAMDEV RAIKAR,25,4,,,,,1,,,,,,,,,,,,,,,3563,SANGVI,,,,,,,,,,,,,,,,,,,,,,,,
9,"BLUE DART EXPRESS LTD.,",31-03-2023,4242,SANDESH  SANJAY PINATE,25,4,,,,,1,,,,,,,,,,,,,,,,HNW,,,,,,,,,,,,,,,,,,,,,,,,
9,"BLUE DART EXPRESS LTD.,",31-03-2023,4013,SANDESH BHIMSEN UDHANE,23,4,,2,,,1,,,,,,,,,,,,,,,3667,TWH,,,,,,,,,,,,,,,,,,,,,,,,
9,"BLUE DART EXPRESS LTD.,",31-03-2023,4303,SANJAY  KUNDLIK  RAJGE,24,4,,1,,,1,,,,,,,,,,,,,,,,PUB,,,,,,,,,,,,,,,,,,,,,,,,
9,"BLUE DART EXPRESS LTD.,",31-03-2023,4446,SANJEEV SHESHMANI SHARMA,25,4,,,,,1,,,,,,,,,,,,,,,,BRN,,,,,,,,,,,,,,,,,,,,,,,,
9,"BLUE DART EXPRESS LTD.,",31-03-2023,3527,SANTONI PRAKASH JAGTAP,22,4,,2,,,,2,,,,,,,,,,,,,,3181,PUB/HUB,,,,,,,,,,,,,,,,,,,,,,,,
9,"BLUE DART EXPRESS LTD.,",31-03-2023,2226,SANTOSH KAMLAKAR BHISE,24,4,,1,,,1,,,,,,,,,,,,,,,1880,SATARA,,,,,,,,,,,,,,,,,,,,,,,,
9,"BLUE DART EXPRESS LTD.,",31-03-2023,4168,SATYJEET SURESH DABHADE,23,4,2,,,,1,2,,,,,,,,,,,,,,3822,KHW,,,,,,,,,,,,,,,,,,,,,,,,
9,"BLUE DART EXPRESS LTD.,",31-03-2023,4236,SAYALI  MURALIDHAR  ASAWALE,23,4,2,,,,1,,,,,,,,,,,,,,,,CAH,,,,,,,,,,,,,,,,,,,,,,,,
9,"BLUE DART EXPRESS LTD.,",31-03-2023,4367,SHAILESH SHANKAR KHUDE,5,1,,,,,,,,,,,,,,,,,,,,,PCH,,,,,,,,,,,,,,,,,,,,,,,,
9,"BLUE DART EXPRESS LTD.,",31-03-2023,4447,SHANKAR DATTATRAY TAMBHORE,,,,,,,,,,,,,,,,,,,,,,,BRN,,,,,,,,,,,,,,,,,,,,,,,,
9,"BLUE DART EXPRESS LTD.,",31-03-2023,4187,SHEKHAR BHASKAR  ANDHALE,24,4,,1,,,1,,,,,,,,,,,,,,,,TWH,,,,,,,,,,,,,,,,,,,,,,,,
9,"BLUE DART EXPRESS LTD.,",31-03-2023,4320,SHUBHAM  RAJENDRA ITHAPE,1,,,,,,,,,,,,,,,,,,,,,,PCH,,,,,,,,,,,,,,,,,,,,,,,,
9,"BLUE DART EXPRESS LTD.,",31-03-2023,4370,SHUBHAM  RAVJI  BHOIR,24,4,,1,,,1,,,,,,,,,,,,,,,,HNW,,,,,,,,,,,,,,,,,,,,,,,,
9,"BLUE DART EXPRESS LTD.,",31-03-2023,4176,SHUBHAM DNYANESHWAR CHANDANE,25,4,,,,,1,,,,,,,,,,,,,,,3830,MARKETYARD,,,,,,,,,,,,,,,,,,,,,,,,
9,"BLUE DART EXPRESS LTD.,",31-03-2023,3991,SHUBHAM MOHAN  MALI,23,4,2,,,,1,2,,,,,,,,,,,,,,3645,KHW,,,,,,,,,,,,,,,,,,,,,,,,
9,"BLUE DART EXPRESS LTD.,",31-03-2023,4239,SHUBHAM RAJESH VAKUDE,24,4,,1,,,1,,,,,,,,,,,,,,,,HDP,,,,,,,,,,,,,,,,,,,,,,,,
9,"BLUE DART EXPRESS LTD.,",31-03-2023,4313,SIBENDRANATH  JAGDISH  MAJHI,25,4,,,,,1,,,,,,,,,,,,,,,,BRN,,,,,,,,,,,,,,,,,,,,,,,,
9,"BLUE DART EXPRESS LTD.,",31-03-2023,3737,SIDDHESHWAR BALIRAM THORAT,25,4,,,,,1,,,,,,,,,,,,,,,3391,TWH,,,,,,,,,,,,,,,,,,,,,,,,
9,"BLUE DART EXPRESS LTD.,",31-03-2023,4057,SOMNATH DEVIDAS KULKARNI,25,4,,,,,1,,,,,,,,,,,,,,,3711,PWH,,,,,,,,,,,,,,,,,,,,,,,,
9,"BLUE DART EXPRESS LTD.,",31-03-2023,4449,SOPAN  ASHOK YEDMAL,22,4,3,,,,1,,,,,,,,,,,,,,,,BRN,,,,,,,,,,,,,,,,,,,,,,,,
9,"BLUE DART EXPRESS LTD.,",31-03-2023,4043,SRINIVAS VILAS POWAR,23,4,2,,,,1,2,,,,,,,,,,,,,,3697,KHW,,,,,,,,,,,,,,,,,,,,,,,,
9,"BLUE DART EXPRESS LTD.,",31-03-2023,2616,SUDHIR GOVIND NAIKARE,25,4,,,,,1,,,,,,,,,,,,,,,2270,SKODA-VW CHAKAN,,,,,,,,,,,,,,,,,,,,,,,,
9,"BLUE DART EXPRESS LTD.,",31-03-2023,3621,SUHAS SAKHARAM KADAM,25,4,,,,,1,,,,,,,,,,,,,,,3275,PUB/OB,,,,,,,,,,,,,,,,,,,,,,,,
9,"BLUE DART EXPRESS LTD.,",31-03-2023,3969,SURAJ PRAKASH PAWAR,24,4,,1,,,1,,,,,,,,,,,,,,,3623,SATARA,,,,,,,,,,,,,,,,,,,,,,,,
9,"BLUE DART EXPRESS LTD.,",31-03-2023,4315,TEJAS JAYVANT BORKAR,25,4,,,,,1,,,,,,,,,,,,,,,,BRN,,,,,,,,,,,,,,,,,,,,,,,,
9,"BLUE DART EXPRESS LTD.,",31-03-2023,2977,TUKARAM RAGHUNATH MEMANE,24,4,,1,,,1,,,,,,,,,,,,,,,2631,LORREL CHAKAN,,,,,,,,,,,,,,,,,,,,,,,,
9,"BLUE DART EXPRESS LTD.,",31-03-2023,4235,TUSHAR RAJARAM RANAWARE,25,4,,,,,1,,,,,,,,,,,,,,,,BRN,,,,,,,,,,,,,,,,,,,,,,,,
9,"BLUE DART EXPRESS LTD.,",31-03-2023,4297,UMESH HINDURAO GADAVE,24,4,,1,,,1,,,,,,,,,,,,,,,,BRN,,,,,,,,,,,,,,,,,,,,,,,,
9,"BLUE DART EXPRESS LTD.,",31-03-2023,4198,VAIBHAV  VIJAY  KODOLKAR,24,4,1,,,,1,,,,,,,,,,,,,,,,BRN,,,,,,,,,,,,,,,,,,,,,,,,
9,"BLUE DART EXPRESS LTD.,",31-03-2023,4051,VAIBHAV RAMDAS MADVI,24,4,,1,,,1,,,,,,,,,,,,,,,3705,IT SAGAR,,,,,,,,,,,,,,,,,,,,,,,,
9,"BLUE DART EXPRESS LTD.,",31-03-2023,4194,VAMAN  VIJAY  BHUJBAL,21,4,1,3,,,1,,,,,,,,,,,,,,,,TWH,,,,,,,,,,,,,,,,,,,,,,,,
9,"BLUE DART EXPRESS LTD.,",31-03-2023,4451,VIGHNESH  RAJESH PAWAR,18,3,8,,,,1,,,,,,,,,,,,,,,,BRN,,,,,,,,,,,,,,,,,,,,,,,,
9,"BLUE DART EXPRESS LTD.,",31-03-2023,4146,VIJAY MAHADEV PAWAR,25,4,,,,,1,,,,,,,,,,,,,,,3800,TWH,,,,,,,,,,,,,,,,,,,,,,,,
9,"BLUE DART EXPRESS LTD.,",31-03-2023,4033,VIJAY SARJERAO PATIL,22,4,,3,,,1,,,,,,,,,,,,,,,3687,TWH,,,,,,,,,,,,,,,,,,,,,,,,
9,"BLUE DART EXPRESS LTD.,",31-03-2023,3670,VIKAS RAJU BHOR,25,4,,,,,1,,,,,,,,,,,,,,,3324,LORREL CHAKAN,,,,,,,,,,,,,,,,,,,,,,,,
9,"BLUE DART EXPRESS LTD.,",31-03-2023,4188,VIKAS VAMAN BHALERAO,25,4,,,,,1,,,,,,,,,,,,,,,,SGB,,,,,,,,,,,,,,,,,,,,,,,,
9,"BLUE DART EXPRESS LTD.,",31-03-2023,3332,VINAY YASHWANT RAJHUNS,25,4,,,,,1,,,,,,,,,,,,,,,2986,KHW,,,,,,,,,,,,,,,,,,,,,,,,
9,"BLUE DART EXPRESS LTD.,",31-03-2023,3630,VINOD HARI PAWAR,24,4,,1,,,,,,,,,,,,,,,,,,3284,PIMPRI,,,,,,,,,,,,,,,,,,,,,,,,
9,"BLUE DART EXPRESS LTD.,",31-03-2023,4181,VISHAL AADHIK  JAMADAR,24,4,,1,,,1,,,,,,,,,,,,,,,3835,SATARA,,,,,,,,,,,,,,,,,,,,,,,,
9,"BLUE DART EXPRESS LTD.,",31-03-2023,2813,VISHAL WALKU PARDHI,23,4,,2,,,1,1,,,,,,,,,,,,,,2467,TWH,,,,,,,,,,,,,,,,,,,,,,,,
9,"BLUE DART EXPRESS LTD.,",31-03-2023,4298,YOGESH  VILAS  KANDGAVKAR,25,4,,,,,1,,,,,,,,,,,,,,,,BRN,,,,,,,,,,,,,,,,,,,,,,,,
9,"BLUE DART EXPRESS LTD.,",31-03-2023,2211,YOGESH MOHAN PAKHALE,25,4,,,,,1,,,,,,,,,,,,,,,1865,TWH,,,,,,,,,,,,,,,,,,,,,,,,
9,"BLUE DART EXPRESS LTD.,",31-03-2023,4062,YOGITA SUDHIR KAMBLE,20,4,,5,,,1,,,,,,,,,,,,,,,3716,PMC,,,,,,,,,,,,,,,,,,,,,,,,
