 Client_id ,Client_name,Sal_month, Emp_id,Employee_NAME,present,weeklyoff,  absent, pl,cl,sl , paidholiday,additional, othours, nightshifts,incometax,canteen,extra_inc1, extra_inc2,leave_encash,extra_ded1,extra_ded2, wagediff,Allow_arrears, Ot_arrears,invalid,Client_id ,Client_name,Sal_month, Emp_id,Employee_NAME,Present,Weeklyoff,  Absent, Pl,Cl,Sl , Paidholiday,Additional, Othours, Nightshifts,Incometax,Canteen,Extra_inc1, Extra_inc2,Leave_encash,Extra_ded1,Extra_ded2, Wagediff,Allow_arrears, Ot_arrears,Invalid
26,"BLUE DART EXPRESS LTD.,PUNE",28-02-2023,128,ABHISHEK MAHENDRA ADSUL,26,4,,,,,,,,,,,,,,,,,,,,132,SWH,,,,,,,,,,,,,,,,,,,,,,,,
26,"BLUE DART EXPRESS LTD.,PUNE",28-02-2023,279,ADITYA NITIN GAIKWAD,23,4,3,,,,,,,,,,,,,,,,,,,283,PWH,,,,,,,,,,,,,,,,,,,,,,,,
26,"BLUE DART EXPRESS LTD.,PUNE",28-02-2023,4224,AJAY ANGAD KUCHEKAR,24,4,,2,,,,,,,,,,,,,,,,,,,SWH,,,,,,,,,,,,,,,,,,,,,,,,
26,"BLUE DART EXPRESS LTD.,PUNE",28-02-2023,123,AKASH PRALHAD SASANE,26,4,,,,,,,,,,,,,,,,,,,,127,HJW,,,,,,,,,,,,,,,,,,,,,,,,
26,"BLUE DART EXPRESS LTD.,PUNE",28-02-2023,240,AKSHAY  PAWAR,22,4,4,,,,,,,,,,,,,,,,,,,244,PWH,,,,,,,,,,,,,,,,,,,,,,,,
26,"BLUE DART EXPRESS LTD.,PUNE",28-02-2023,165,AKSHAY SHRIMANT PAWAL,26,4,,,,,,,,,,,,,,,,,,,,169,HJW,,,,,,,,,,,,,,,,,,,,,,,,
26,"BLUE DART EXPRESS LTD.,PUNE",28-02-2023,159,AMOL RATAN SAWANTFULE,25,4,,1,,,,,,,,,,,,,,,,,,163,HJW,,,,,,,,,,,,,,,,,,,,,,,,
26,"BLUE DART EXPRESS LTD.,PUNE",28-02-2023,96,AMOL SHIVAJI JONDHALKAR,25,4,1,,,,,,,,,,,,,,,,,,,100,PWH,,,,,,,,,,,,,,,,,,,,,,,,
26,"BLUE DART EXPRESS LTD.,PUNE",28-02-2023,105,ASHISH VASANT KOKAMKAR,23,4,1,2,,,,,,,,,,,,,,,,,,109,SWH,,,,,,,,,,,,,,,,,,,,,,,,
26,"BLUE DART EXPRESS LTD.,PUNE",28-02-2023,20,ATISH SHIVAJI KUCHEKAR,22,4,2,2,,,,2,,,,,,,,,,,,,,24,PWH,,,,,,,,,,,,,,,,,,,,,,,,
26,"BLUE DART EXPRESS LTD.,PUNE",28-02-2023,219,ATUL  MORE,26,4,,,,,,,,,,,,,,,,,,,,223,MCW,,,,,,,,,,,,,,,,,,,,,,,,
26,"BLUE DART EXPRESS LTD.,PUNE",28-02-2023,77,BALAJI NAMDEV MORE,20,4,3,3,,,,1,,,,,,,,,,,,,,81,MCW,,,,,,,,,,,,,,,,,,,,,,,,
26,"BLUE DART EXPRESS LTD.,PUNE",28-02-2023,139,BALAJI RUKMAJI WAGHMARE,19,4,7,,,,,,,,,,,,,,,,,,,143,HJW,,,,,,,,,,,,,,,,,,,,,,,,
26,"BLUE DART EXPRESS LTD.,PUNE",28-02-2023,275,KISHOR  KOLI,24,4,,2,,,,,,,,,,,,,,,,,,279,MCW,,,,,,,,,,,,,,,,,,,,,,,,
26,"BLUE DART EXPRESS LTD.,PUNE",28-02-2023,220,MAHESH  WAGHMARE,26,4,,,,,,,,,,,,,,,,,,,,224,SWH,,,,,,,,,,,,,,,,,,,,,,,,
26,"BLUE DART EXPRESS LTD.,PUNE",28-02-2023,350,MAYUR  BAMBLE,,,,,,,,,,,,,,,,,,,,,,354,PWH,,,,,,,,,,,,,,,,,,,,,,,,
26,"BLUE DART EXPRESS LTD.,PUNE",28-02-2023,4225,MINAJ  ASIM  SHAIKH,24,4,2,,,,,,,,,,,,,,,,,,,,SWH,,,,,,,,,,,,,,,,,,,,,,,,
26,"BLUE DART EXPRESS LTD.,PUNE",28-02-2023,17,MUNIR RAHIMUDDIN KHAN,26,4,,,,,,,,,,,,,,,,,,,,21,PWH,,,,,,,,,,,,,,,,,,,,,,,,
26,"BLUE DART EXPRESS LTD.,PUNE",28-02-2023,338,NAGESH  KAMBLE,21,4,,5,,,,,,,,,,,,,,,,,,342,PWH,,,,,,,,,,,,,,,,,,,,,,,,
26,"BLUE DART EXPRESS LTD.,PUNE",28-02-2023,4216,NAVNATH  VIJAY  SURYWANSHI,26,4,,,,,,,,,,,,,,,,,,,,,PWH,,,,,,,,,,,,,,,,,,,,,,,,
26,"BLUE DART EXPRESS LTD.,PUNE",28-02-2023,339,OMKAR  KAMBLE,25,4,,1,,,,,,,,,,,,,,,,,,343,PWH,,,,,,,,,,,,,,,,,,,,,,,,
26,"BLUE DART EXPRESS LTD.,PUNE",28-02-2023,4217,PRAJWAL BHARAT MORE,26,4,,,,,,,,,,,,,,,,,,,,,PWH,,,,,,,,,,,,,,,,,,,,,,,,
26,"BLUE DART EXPRESS LTD.,PUNE",28-02-2023,326,PRASHANT  PAIKRAO,24,4,,2,,,,,,,,,,,,,,,,,,330,MCW,,,,,,,,,,,,,,,,,,,,,,,,
26,"BLUE DART EXPRESS LTD.,PUNE",28-02-2023,324,PRAVIN  NIMBHORE,23,4,3,,,,,3,,,,,,,,,,,,,,328,SWH,,,,,,,,,,,,,,,,,,,,,,,,
26,"BLUE DART EXPRESS LTD.,PUNE",28-02-2023,316,RAHIL  SAYYAD,25,4,1,,,,,,,,,,,,,,,,,,,320,PWH,,,,,,,,,,,,,,,,,,,,,,,,
26,"BLUE DART EXPRESS LTD.,PUNE",28-02-2023,138,RAHUL RAVINDRA KHARADE,21,4,4,1,,,,4,,,,,,,,,,,,,,142,SWH,,,,,,,,,,,,,,,,,,,,,,,,
26,"BLUE DART EXPRESS LTD.,PUNE",28-02-2023,45,RAVINDRA GOVIND BIRADAR,26,4,,,,,,,,,,,,,,,,,,,,49,MCW,,,,,,,,,,,,,,,,,,,,,,,,
26,"BLUE DART EXPRESS LTD.,PUNE",28-02-2023,331,ROHIT  KAMBLE,3,,,,,,,,,,,,,,,,,,,,,335,SWH,,,,,,,,,,,,,,,,,,,,,,,,
26,"BLUE DART EXPRESS LTD.,PUNE",28-02-2023,151,RUSHIKESH  THORAT,24,4,2,,,,,2,,,,,,,,,,,,,,155,PWH,,,,,,,,,,,,,,,,,,,,,,,,
26,"BLUE DART EXPRESS LTD.,PUNE",28-02-2023,4219,SAGAR DEVRAM  KUMBHAR,26,4,,,,,,,,,,,,,,,,,,,,,PWH,,,,,,,,,,,,,,,,,,,,,,,,
26,"BLUE DART EXPRESS LTD.,PUNE",28-02-2023,148,SAGAR UMESH KADAM,26,4,,,,,,,,,,,,,,,,,,,,152,SWH,,,,,,,,,,,,,,,,,,,,,,,,
26,"BLUE DART EXPRESS LTD.,PUNE",28-02-2023,336,SAHIL  MANE,26,4,,,,,,,,,,,,,,,,,,,,340,SWH,,,,,,,,,,,,,,,,,,,,,,,,
26,"BLUE DART EXPRESS LTD.,PUNE",28-02-2023,329,SAJAN  JADHAV,15,2,,,,,,,,,,,,,,,,,,,,333,PWH,,,,,,,,,,,,,,,,,,,,,,,,
26,"BLUE DART EXPRESS LTD.,PUNE",28-02-2023,113,SANGHRASH DINESH SALVE,26,4,,,,,,,,,,,,,,,,,,,,117,PWH,,,,,,,,,,,,,,,,,,,,,,,,
26,"BLUE DART EXPRESS LTD.,PUNE",28-02-2023,4220,SANNI BAPU JADHAV,24,4,2,,,,,,,,,,,,,,,,,,,,PWH,,,,,,,,,,,,,,,,,,,,,,,,
26,"BLUE DART EXPRESS LTD.,PUNE",28-02-2023,15,SANTOSH HARISHCHANDRA BACCHIRE,26,4,,,,,,,,,,,,,,,,,,,,19,PWH,,,,,,,,,,,,,,,,,,,,,,,,
26,"BLUE DART EXPRESS LTD.,PUNE",28-02-2023,116,SHADAB RASUL SHAIKH,21,4,,5,,,,,,,,,,,,,,,,,,120,PWH,,,,,,,,,,,,,,,,,,,,,,,,
26,"BLUE DART EXPRESS LTD.,PUNE",28-02-2023,140,SHESHERAO GUNAJI WAGHMARE,23,4,,3,,,,,,,,,,,,,,,,,,144,HJW,,,,,,,,,,,,,,,,,,,,,,,,
26,"BLUE DART EXPRESS LTD.,PUNE",28-02-2023,211,SIDHARTH BALU SHELAR,24,4,2,,,,,,,,,,,,,,,,,,,215,PWH,,,,,,,,,,,,,,,,,,,,,,,,
26,"BLUE DART EXPRESS LTD.,PUNE",28-02-2023,332,SOHEL  SHAIKH,26,4,,,,,,,,,,,,,,,,,,,,336,SWH,,,,,,,,,,,,,,,,,,,,,,,,
26,"BLUE DART EXPRESS LTD.,PUNE",28-02-2023,16,SUNIL HARISHCHANDRA KUSALKAR,23,4,3,,,,,3,,,,,,,,,,,,,,20,PWH,,,,,,,,,,,,,,,,,,,,,,,,
26,"BLUE DART EXPRESS LTD.,PUNE",28-02-2023,4410,SYED   SAMEER SYED  RAJU,22,4,4,,,,,,,,,,,,,,,,,,,,SWH,,,,,,,,,,,,,,,,,,,,,,,,
26,"BLUE DART EXPRESS LTD.,PUNE",28-02-2023,4221,TATHAGAT  VITTAL  GAILKWAD,25,4,,1,,,,,,,,,,,,,,,,,,,PWH,,,,,,,,,,,,,,,,,,,,,,,,
26,"BLUE DART EXPRESS LTD.,PUNE",28-02-2023,232,TUSHAR  RASAL,26,4,,,,,,,,,,,,,,,,,,,,236,HJW,,,,,,,,,,,,,,,,,,,,,,,,
26,"BLUE DART EXPRESS LTD.,PUNE",28-02-2023,10,TUSHAR ARVIND SHETE,26,4,,,,,,,,,,,,,,,,,,,,14,HJW,,,,,,,,,,,,,,,,,,,,,,,,
26,"BLUE DART EXPRESS LTD.,PUNE",28-02-2023,4411,VAIBHAV VILAS SATHE,25,4,1,,,,,,,,,,,,,,,,,,,,HJW,,,,,,,,,,,,,,,,,,,,,,,,
26,"BLUE DART EXPRESS LTD.,PUNE",28-02-2023,82,VINOD LAHU RAJIWADE,24,4,,2,,,,,,,,,,,,,,,,,,86,SWH,,,,,,,,,,,,,,,,,,,,,,,,
26,"BLUE DART EXPRESS LTD.,PUNE",28-02-2023,66,VINOD VILAS BHOSALE,23,4,3,,,,,,,,,,,,,,,,,,,70,PWH,,,,,,,,,,,,,,,,,,,,,,,,
26,"BLUE DART EXPRESS LTD.,PUNE",28-02-2023,335,VISHAL  LONDHE,26,4,,,,,,,,,,,,,,,,,,,,339,SWH,,,,,,,,,,,,,,,,,,,,,,,,
26,"BLUE DART EXPRESS LTD.,PUNE",28-02-2023,4226,VISHAL BALU WAGHMARE,26,4,,,,,,,,,,,,,,,,,,,,4226,SWH,,,,,,,,,,,,,,,,,,,,,,,,
26,"BLUE DART EXPRESS LTD.,PUNE",28-02-2023,81,VISHAL KONDIBA DHAVALE,22,4,3,1,,,,3,,,,,,,,,,,,,,85,SWH,,,,,,,,,,,,,,,,,,,,,,,,
26,"BLUE DART EXPRESS LTD.,PUNE",28-02-2023,19,VISHAL SUNIL VITKAR,19,4,5,2,,,,,,,,,,,,,,,,,,23,PWH,,,,,,,,,,,,,,,,,,,,,,,,
26,"BLUE DART EXPRESS LTD.,PUNE",28-02-2023,70,VISHANT BIMBISAR TRIBHUVAN,26,4,,,,,,,,,,,,,,,,,,,,74,MCW,,,,,,,,,,,,,,,,,,,,,,,,
