 Client_id ,Client_name,Sal_month, Emp_id,Employee_NAME,Present,Weeklyoff,  Absent,Pl,Cl,Sl , Paidholiday,Additional, Othours, Nightshifts,Incometax,Canteen,Extra_inc1, Extra_inc2,Leave_encash,Extra_ded1,Extra_ded2, Wagediff,Allow_arrears, Ot_arrears,Invalid,Ticket_no, Dept_Name, Comp_ticket_no
26,"BLUE DART EXPRESS LTD.,PUNE",31-08-23,128,ABHISHEK MAHENDRA ADSUL,25,4,,,,,1,,,,,,,,,,,,,,,132,SWH,
26,"BLUE DART EXPRESS LTD.,PUNE",31-08-23,279,ADITYA NITIN GAIKWAD,24,4,1,,,,1,,,,,,,,,,,,,,,283,PWH,
26,"BLUE DART EXPRESS LTD.,PUNE",31-08-23,4224,AJAY ANGAD KUCHEKAR,25,4,,,,,1,,,,,,,,,,,,,,,,SWH,
26,"BLUE DART EXPRESS LTD.,PUNE",31-08-23,123,AKASH PRALHAD SASANE,18,3,6,2,,,1,,,,,,,,,,,,,,,127,HJW,
26,"BLUE DART EXPRESS LTD.,PUNE",31-08-23,240,AKSHAY  PAWAR,21,3,6,,,,,,,,,,,,,,,,,,,244,PWH,
26,"BLUE DART EXPRESS LTD.,PUNE",31-08-23,165,AKSHAY SHRIMANT PAWAL,22,4,,3,,,1,,,,,,,,,,,,,,,169,HJW,
26,"BLUE DART EXPRESS LTD.,PUNE",31-08-23,159,AMOL RATAN SAWANTFULE,23,4,,2,,,1,,,,,,,,,,,,,,,163,HJW,
26,"BLUE DART EXPRESS LTD.,PUNE",31-08-23,96,AMOL SHIVAJI JONDHALKAR,24,4,,1,,,1,,,,,,,,,,,,,,,100,PWH,
26,"BLUE DART EXPRESS LTD.,PUNE",31-08-23,105,ASHISH VASANT KOKAMKAR,24,4,1,,,,1,,,,,,,,,,,,,,,109,SWH,
26,"BLUE DART EXPRESS LTD.,PUNE",31-08-23,20,ATISH SHIVAJI KUCHEKAR,24,4,1,,,,1,,,,,,,,,,,,,,,24,PWH,
26,"BLUE DART EXPRESS LTD.,PUNE",31-08-23,219,ATUL  MORE,23,4,,2,,,1,,,,,,,,,,,,,,,223,MCW,
26,"BLUE DART EXPRESS LTD.,PUNE",31-08-23,139,BALAJI RUKMAJI WAGHMARE,21,3,5,,,,1,,,,,,,,,,,,,,,143,HJW,
26,"BLUE DART EXPRESS LTD.,PUNE",31-08-23,275,KISHOR  KOLI,25,4,,,,,1,,,,,,,,,,,,,,,279,MCW,
26,"BLUE DART EXPRESS LTD.,PUNE",31-08-23,220,MAHESH  WAGHMARE,25,4,,,,,1,,,,,,,,,,,,,,,224,SWH,
26,"BLUE DART EXPRESS LTD.,PUNE",31-08-23,17,MUNIR RAHIMUDDIN KHAN,25,4,,,,,1,,,,,,,,,,,,,,,21,PWH,
26,"BLUE DART EXPRESS LTD.,PUNE",31-08-23,338,NAGESH  KAMBLE,25,4,,,,,1,,,,,,,,,,,,,,,342,PWH,
26,"BLUE DART EXPRESS LTD.,PUNE",31-08-23,4409,NARESH BALRAJ PEDDARAJULA,25,4,,,,,1,,,,,,,,,,,,,,,,SSC,
26,"BLUE DART EXPRESS LTD.,PUNE",31-08-23,4216,NAVNATH  VIJAY  SURYWANSHI,23,4,1,1,,,1,,,,,,,,,,,,,,,,PWH,
26,"BLUE DART EXPRESS LTD.,PUNE",31-08-23,339,OMKAR  KAMBLE,23,4,,2,,,1,,,,,,,,,,,,,,,343,PWH,
26,"BLUE DART EXPRESS LTD.,PUNE",31-08-23,4217,PRAJWAL BHARAT MORE,25,4,,,,,1,,,,,,,,,,,,,,,,PWH,
26,"BLUE DART EXPRESS LTD.,PUNE",31-08-23,326,PRASHANT  PAIKRAO,24,4,1,,,,1,,,,,,,,,,,,,,,330,MCW,
26,"BLUE DART EXPRESS LTD.,PUNE",31-08-23,324,PRAVIN  NIMBHORE,25,4,,,,,1,,,,,,,,,,,,,,,328,SWH,
26,"BLUE DART EXPRESS LTD.,PUNE",31-08-23,138,RAHUL RAVINDRA KHARADE,23,4,,2,,,1,,,,,,,,,,,,,,,142,SWH,
26,"BLUE DART EXPRESS LTD.,PUNE",31-08-23,45,RAVINDRA GOVIND BIRADAR,25,4,,,,,1,,,,,,,,,,,,,,,49,MCW,
26,"BLUE DART EXPRESS LTD.,PUNE",31-08-23,151,RUSHIKESH  THORAT,21,4,,2,,,1,2,,,,,,,,,,,,,,155,PWH,
26,"BLUE DART EXPRESS LTD.,PUNE",31-08-23,4219,SAGAR DEVRAM  KUMBHAR,,,,,,,,,,,,,,,,,,,,,,,PWH,
26,"BLUE DART EXPRESS LTD.,PUNE",31-08-23,148,SAGAR UMESH KADAM,25,4,,,,,1,,,,,,,,,,,,,,,152,SWH,
26,"BLUE DART EXPRESS LTD.,PUNE",31-08-23,336,SAHIL  MANE,25,4,,,,,1,,,,,,,,,,,,,,,340,SWH,
26,"BLUE DART EXPRESS LTD.,PUNE",31-08-23,113,SANGHRASH DINESH SALVE,23,4,,,,,1,2,,,,,,,,,,,,,,117,PWH,
26,"BLUE DART EXPRESS LTD.,PUNE",31-08-23,4220,SANNI BAPU JADHAV,22,3,5,,,,,,,,,,,,,,,,,,,,PWH,
26,"BLUE DART EXPRESS LTD.,PUNE",31-08-23,15,SANTOSH HARISHCHANDRA BACCHIRE,25,4,,,,,1,,,,,,,,,,,,,,,19,PWH,
26,"BLUE DART EXPRESS LTD.,PUNE",31-08-23,116,SHADAB RASUL SHAIKH,18,4,7,,,,1,,,,,,,,,,,,,,,120,PWH,
26,"BLUE DART EXPRESS LTD.,PUNE",31-08-23,140,SHESHERAO GUNAJI WAGHMARE,25,4,,,,,1,,,,,,,,,,,,,,,144,HJW,
26,"BLUE DART EXPRESS LTD.,PUNE",31-08-23,332,SOHEL  SHAIKH,24,4,1,,,,1,,,,,,,,,,,,,,,336,SWH,
26,"BLUE DART EXPRESS LTD.,PUNE",31-08-23,16,SUNIL HARISHCHANDRA KUSALKAR,24,4,1,,,,1,,,,,,,,,,,,,,,20,PWH,
26,"BLUE DART EXPRESS LTD.,PUNE",31-08-23,4459,SUYASH VINAYAK BHOSALE,19,4,4,2,,,1,,,,,,,,,,,,,,,,SSC,
26,"BLUE DART EXPRESS LTD.,PUNE",31-08-23,4475,SWAPNIL KRISHNAT KAMBLE,17,4,5,,,,1,3,,,,,,,,,,,,,,,PWH,
26,"BLUE DART EXPRESS LTD.,PUNE",31-08-23,4410,SYED   SAMEER SYED  RAJU,6,1,,,,,,,,,,,,,,,,,,,,,SWH,
26,"BLUE DART EXPRESS LTD.,PUNE",31-08-23,4221,TATHAGAT  VITTAL  GAILKWAD,25,4,,,,,1,,,,,,,,,,,,,,,,PWH,
26,"BLUE DART EXPRESS LTD.,PUNE",31-08-23,232,TUSHAR  RASAL,25,4,,,,,1,,,,,,,,,,,,,,,236,HJW,
26,"BLUE DART EXPRESS LTD.,PUNE",31-08-23,10,TUSHAR ARVIND SHETE,25,4,,,,,1,,,,,,,,,,,,,,,14,HJW,
26,"BLUE DART EXPRESS LTD.,PUNE",31-08-23,82,VINOD LAHU RAJIWADE,25,4,,,,,1,,,,,,,,,,,,,,,86,SWH,
26,"BLUE DART EXPRESS LTD.,PUNE",31-08-23,66,VINOD VILAS BHOSALE,23,4,,2,,,1,,,,,,,,,,,,,,,70,PWH,
26,"BLUE DART EXPRESS LTD.,PUNE",31-08-23,335,VISHAL  LONDHE,25,4,,,,,1,,,,,,,,,,,,,,,339,SWH,
26,"BLUE DART EXPRESS LTD.,PUNE",31-08-23,4226,VISHAL BALU WAGHMARE,18,4,1,6,,,1,,,,,,,,,,,,,,,4226,SWH,
26,"BLUE DART EXPRESS LTD.,PUNE",31-08-23,81,VISHAL KONDIBA DHAVALE,25,4,,,,,1,,,,,,,,,,,,,,,85,SWH,
26,"BLUE DART EXPRESS LTD.,PUNE",31-08-23,19,VISHAL SUNIL VITKAR,22,4,3,,,,1,,,,,,,,,,,,,,,23,PWH,
26,"BLUE DART EXPRESS LTD.,PUNE",31-08-23,70,VISHANT BIMBISAR TRIBHUVAN,23,4,,2,,,1,,,,,,,,,,,,,,,74,MCW,
26,"BLUE DART EXPRESS LTD.,PUNE",31-08-23,4487,SAGAR SURESH SAUDE,7,1,,,,,,,,,,,,,,,,,,,,,PWH,
26,"BLUE DART EXPRESS LTD.,PUNE",31-08-23,4496,PRAMOD TUKARAM RANPISE,22,3,5,,,,,,,,,,,,,,,,,,,,PWH,
26,"BLUE DART EXPRESS LTD.,PUNE",31-08-23,4497,SAKSHAM NITIN GAIKWAD,5,,,,,,,,,,,,,,,,,,,,,,PWH,
26,"BLUE DART EXPRESS LTD.,PUNE",31-08-23,4514,OMKAR  SHIVAJI NAMWAD ,25,4,,,,,1,,,,,,,,,,,,,,,,HJW,
26,"BLUE DART EXPRESS LTD.,PUNE",31-08-23,4516,SAIF ALI SAYYAD,,,,,,,,,,,,,,,,,,,,,,,SWH,
26,"BLUE DART EXPRESS LTD.,PUNE",31-08-23,4538,HARSH - GAIKWAD,19,4,5,1,,,1,,,,,,,,,,,,,,,,VEC,
