 Client_id ,Client_name,Sal_month, Emp_id,Employee_NAME,present,weeklyoff,  absent, pl,cl,sl , paidholiday,additional, othours, nightshifts,incometax,canteen,extra_inc1, extra_inc2,leave_encash,extra_ded1,extra_ded2, wagediff,Allow_arrears, Ot_arrears,invalid,Client_id ,Client_name,Sal_month, Emp_id,Employee_NAME,Present,Weeklyoff,  Absent, Pl,Cl,Sl , Paidholiday,Additional, Othours, Nightshifts,Incometax,Canteen,Extra_inc1, Extra_inc2,Leave_encash,Extra_ded1,Extra_ded2, Wagediff,Allow_arrears, Ot_arrears,Invalid
34,BLUE DART EXP.LTD.(UFO),31-03-2023,4412,AKASH  SUDHIR  JADHAV,25,4,,,,,1,,,,,,,,,,,,,,,,SOLAPUR CITY,,,,,,,,,,,,,,,,,,,,,,,,
34,BLUE DART EXP.LTD.(UFO),31-03-2023,198,ANIS  SHAIKH,23,4,,2,,,1,,,,,,,,,,,,,,,202,SOLAPUR CITY,,,,,,,,,,,,,,,,,,,,,,,,
34,BLUE DART EXP.LTD.(UFO),31-03-2023,169,ASIF MEHEMOOD SHAIKH,25,4,,,,,1,,,,,,,,,,,,,,,173,AKLUJ,,,,,,,,,,,,,,,,,,,,,,,,
34,BLUE DART EXP.LTD.(UFO),31-03-2023,4460,ASIF NOORMOHMAAD SHAIKH,,,,,,,,,,,,,,,,,,,,,,,AKLUJ,,,,,,,,,,,,,,,,,,,,,,,,
34,BLUE DART EXP.LTD.(UFO),31-03-2023,4461,AVINASH SIDRAM SWAMI,22,4,3,,,,1,,,,,,,,,,,,,,,,SOLAPUR CITY,,,,,,,,,,,,,,,,,,,,,,,,
34,BLUE DART EXP.LTD.(UFO),31-03-2023,4227,AYUB  YUSUF  PATEL,25,4,,,,,1,,,,,,,,,,,,,,,,PHALTAN,,,,,,,,,,,,,,,,,,,,,,,,
34,BLUE DART EXP.LTD.(UFO),31-03-2023,234,BALRAJ  DASRI,23,4,2,,,,1,,,,,,,,,,,,,,,238,SOLAPUR CITY,,,,,,,,,,,,,,,,,,,,,,,,
34,BLUE DART EXP.LTD.(UFO),31-03-2023,172,BHUSHAN  KHUNTE,25,4,,,,,1,,,,,,,,,,,,,,,176,LONAND,,,,,,,,,,,,,,,,,,,,,,,,
34,BLUE DART EXP.LTD.(UFO),31-03-2023,4211,GANESH MUKUND MANE,25,4,,,,,1,,,,,,,,,,,,,,,,TEST 1,,,,,,,,,,,,,,,,,,,,,,,,
34,BLUE DART EXP.LTD.(UFO),31-03-2023,346,GURUPRASAD  BARKHADE,25,4,,,,,1,,,,,,,,,,,,,,,350,PHALTAN,,,,,,,,,,,,,,,,,,,,,,,,
34,BLUE DART EXP.LTD.(UFO),31-03-2023,4413,HARIPRASAD  VASUDEO  ADAKI,25,4,,,,,1,,,,,,,,,,,,,,,,SOLAPUR CITY,,,,,,,,,,,,,,,,,,,,,,,,
34,BLUE DART EXP.LTD.(UFO),31-03-2023,4414,ISHWAR  BASAVARAJ  MATHAPATI,24,4,1,,,,1,,,,,,,,,,,,,,,,SOLAPUR CITY,,,,,,,,,,,,,,,,,,,,,,,,
34,BLUE DART EXP.LTD.(UFO),31-03-2023,4415,KIRAN  SHRIDHAR  CHILKA,6,1,,,,,1,,,,,,,,,,,,,,,,SOLAPUR CITY,,,,,,,,,,,,,,,,,,,,,,,,
34,BLUE DART EXP.LTD.(UFO),31-03-2023,195,MAHADEV  MAGARUMKHANE,24,4,,1,,,1,,,,,,,,,,,,,,,199,SOLAPUR CITY,,,,,,,,,,,,,,,,,,,,,,,,
34,BLUE DART EXP.LTD.(UFO),31-03-2023,343,MAHBOOB  AIROGI,22,4,1,2,,,1,,,,,,,,,,,,,,,347,SOLAPUR CITY,,,,,,,,,,,,,,,,,,,,,,,,
34,BLUE DART EXP.LTD.(UFO),31-03-2023,173,MAHESH  LANDGE,22,4,,3,,,1,,,,,,,,,,,,,,,177,LATUR,,,,,,,,,,,,,,,,,,,,,,,,
34,BLUE DART EXP.LTD.(UFO),31-03-2023,193,MAULASAB  DHAKANI,25,4,,,,,1,,,,,,,,,,,,,,,197,SOLAPUR CITY,,,,,,,,,,,,,,,,,,,,,,,,
34,BLUE DART EXP.LTD.(UFO),31-03-2023,345,MAYUR ARUN  PAWAR,,,,,,,,,,,,,,,,,,,,,,349,AKLUJ,,,,,,,,,,,,,,,,,,,,,,,,
34,BLUE DART EXP.LTD.(UFO),31-03-2023,4231,MD ZIYAUDDIN  ASIF ALI  LALKOT,25,4,,,,,1,,,,,,,,,,,,,,,,SOLAPUR CITY,,,,,,,,,,,,,,,,,,,,,,,,
34,BLUE DART EXP.LTD.(UFO),31-03-2023,4462,MILIND BALASO JAGTAP,19,4,6,,,,1,,,,,,,,,,,,,,,,PHALTAN,,,,,,,,,,,,,,,,,,,,,,,,
34,BLUE DART EXP.LTD.(UFO),31-03-2023,190,MOHSIN MAHIBOOB BENGLURU,24,4,1,,,,1,,,,,,,,,,,,,,,194,SOLAPUR CITY,,,,,,,,,,,,,,,,,,,,,,,,
34,BLUE DART EXP.LTD.(UFO),31-03-2023,4212,NANDU - UPADE,24,4,,1,,,1,,,,,,,,,,,,,,,,XLPE,,,,,,,,,,,,,,,,,,,,,,,,
34,BLUE DART EXP.LTD.(UFO),31-03-2023,302,NILESH  GOSAVI,,,,,,,,,,,,,,,,,,,,,,306,PHALTAN,,,,,,,,,,,,,,,,,,,,,,,,
34,BLUE DART EXP.LTD.(UFO),31-03-2023,341,OMKAR  GADADE,25,4,,,,,1,,,,,,,,,,,,,,,345,IT SAGAR,,,,,,,,,,,,,,,,,,,,,,,,
34,BLUE DART EXP.LTD.(UFO),31-03-2023,4416,PRASHANT  DATTATRAYA  BANDA,21,4,4,,,,1,,,,,,,,,,,,,,,,SOLAPUR CITY,,,,,,,,,,,,,,,,,,,,,,,,
34,BLUE DART EXP.LTD.(UFO),31-03-2023,4417,RANJEET BHAUSAHEB THANKE,24,4,,1,,,1,,,,,,,,,,,,,,,,PHALTAN,,,,,,,,,,,,,,,,,,,,,,,,
34,BLUE DART EXP.LTD.(UFO),31-03-2023,4463,RUSHIKESH DIPAK SASTE,2,,28,,,,,,,,,,,,,,,,,,,,PHALTAN,,,,,,,,,,,,,,,,,,,,,,,,
34,BLUE DART EXP.LTD.(UFO),31-03-2023,4229,SACHIN  ASHOK  SHIRSAT,25,4,,,,,1,,,,,,,,,,,,,,,,AKLUJ,,,,,,,,,,,,,,,,,,,,,,,,
34,BLUE DART EXP.LTD.(UFO),31-03-2023,171,SAGAR  KHUNTE,9,1,19,,,,1,,,,,,,,,,,,,,,175,LONAND,,,,,,,,,,,,,,,,,,,,,,,,
34,BLUE DART EXP.LTD.(UFO),31-03-2023,4213,SAGAR - THORAT,,,,,,,,,,,,,,,,,,,,,,,XLPE,,,,,,,,,,,,,,,,,,,,,,,,
34,BLUE DART EXP.LTD.(UFO),31-03-2023,192,SALIM  PATEL,25,4,,,,,1,,,,,,,,,,,,,,,196,SOLAPUR CITY,,,,,,,,,,,,,,,,,,,,,,,,
34,BLUE DART EXP.LTD.(UFO),31-03-2023,194,SANTOSH  INDAPURE,21,4,1,3,,,1,,,,,,,,,,,,,,,198,SOLAPUR CITY,,,,,,,,,,,,,,,,,,,,,,,,
34,BLUE DART EXP.LTD.(UFO),31-03-2023,4214,SANTOSH - MULJE,25,4,,,,,1,,,,,,,,,,,,,,,,XLPE,,,,,,,,,,,,,,,,,,,,,,,,
34,BLUE DART EXP.LTD.(UFO),31-03-2023,273,SHANTKUMAR  SOMSHETTY,22,4,,3,,,1,,,,,,,,,,,,,,,277,SOLAPUR CITY,,,,,,,,,,,,,,,,,,,,,,,,
34,BLUE DART EXP.LTD.(UFO),31-03-2023,174,SHARAD  BAGAL,25,4,,,,,1,,,,,,,,,,,,,,,178,LATUR,,,,,,,,,,,,,,,,,,,,,,,,
34,BLUE DART EXP.LTD.(UFO),31-03-2023,4232,SHARANBASAPPA  BASAVRAJ KUMBAR,19,4,6,,,,1,,,,,,,,,,,,,,,,SOLAPUR CITY,,,,,,,,,,,,,,,,,,,,,,,,
34,BLUE DART EXP.LTD.(UFO),31-03-2023,342,SHIVRAJ  SWAMI,24,4,,1,,,1,,,,,,,,,,,,,,,346,SOLAPUR CITY,,,,,,,,,,,,,,,,,,,,,,,,
34,BLUE DART EXP.LTD.(UFO),31-03-2023,176,SOPAN  KOMATWAD,24,4,,1,,,1,,,,,,,,,,,,,,,180,LATUR,,,,,,,,,,,,,,,,,,,,,,,,
34,BLUE DART EXP.LTD.(UFO),31-03-2023,197,SUNIL  HALKATTI,25,4,,,,,1,,,,,,,,,,,,,,,201,SOLAPUR CITY,,,,,,,,,,,,,,,,,,,,,,,,
34,BLUE DART EXP.LTD.(UFO),31-03-2023,233,TANJIL  DHALE,23,4,,2,,,1,,,,,,,,,,,,,,,237,SOLAPUR CITY,,,,,,,,,,,,,,,,,,,,,,,,
34,BLUE DART EXP.LTD.(UFO),31-03-2023,186,TATYARAM BHAOUSO DADAS,23,4,,2,,,1,,,,,,,,,,,,,,,190,PHALTAN,,,,,,,,,,,,,,,,,,,,,,,,
34,BLUE DART EXP.LTD.(UFO),31-03-2023,199,VAIBHAV  KARLE,24,4,,1,,,1,,,,,,,,,,,,,,,203,SOLAPUR CITY,,,,,,,,,,,,,,,,,,,,,,,,
34,BLUE DART EXP.LTD.(UFO),31-03-2023,4230,VAIBHAV  MARUTI  NANAWARE,,,,,,,,,,,,,,,,,,,,,,,PHALTAN,,,,,,,,,,,,,,,,,,,,,,,,
34,BLUE DART EXP.LTD.(UFO),31-03-2023,175,VIKAS  KATHARE,23,4,,2,,,1,,,,,,,,,,,,,,,179,LATUR,,,,,,,,,,,,,,,,,,,,,,,,
34,BLUE DART EXP.LTD.(UFO),31-03-2023,344,VINAYAK A KERE,25,4,,,,,1,,,,,,,,,,,,,,,348,SOLAPUR CITY,,,,,,,,,,,,,,,,,,,,,,,,
34,BLUE DART EXP.LTD.(UFO),31-03-2023,4215,VINOD - KAMBLE,25,4,,,,,1,,,,,,,,,,,,,,,,XLPE,,,,,,,,,,,,,,,,,,,,,,,,
34,BLUE DART EXP.LTD.(UFO),31-03-2023,185,VISHAL MOHAN GOSAVI,24,4,,1,,,1,,,,,,,,,,,,,,,189,PHALTAN,,,,,,,,,,,,,,,,,,,,,,,,
34,BLUE DART EXP.LTD.(UFO),31-03-2023,200,YASHWANT  BATAGERI,24,4,,1,,,1,,,,,,,,,,,,,,,204,SOLAPUR CITY,,,,,,,,,,,,,,,,,,,,,,,,
