 Client_id ,Client_name,Sal_month, Emp_id,Employee_NAME,Present,Weeklyoff,  Absent,Pl,Cl,Sl , Paidholiday,Additional, Othours, Nightshifts,Incometax,Canteen,Extra_inc1, Extra_inc2,Leave_encash,Extra_ded1,Extra_ded2, Wagediff,Allow_arrears, Ot_arrears,Invalid,Ticket_no, Dept_Name, Comp_ticket_no
34,BLUE DART EXP.LTD.(UFO),30-11-23,4666,ABHISHEK - MATHPATI,25,4,1,,,,,,,,,,,,,,,,,,,,SOLAPUR CITY,
34,BLUE DART EXP.LTD.(UFO),30-11-23,4616,AJAY - JADHAV,7,1,,,,,,,,,,,,,,,,,,,,,LATUR,
34,BLUE DART EXP.LTD.(UFO),30-11-23,4412,AKASH  SUDHIR  JADHAV,24,4,,2,,,,,,,,,,,,,,,,,,,SOLAPUR CITY,
34,BLUE DART EXP.LTD.(UFO),30-11-23,4566,AMAR - BHISE,22,4,4,,,,,,,,,,,,,,,,,,,,LONAND,
34,BLUE DART EXP.LTD.(UFO),30-11-23,4500,AMOL  PANDURANG  DHERE,,,,,,,,,,,,,,,,,,,,,,,PHALTAN,
34,BLUE DART EXP.LTD.(UFO),30-11-23,4567,ANAND - JADHAV,,,,,,,,,,,,,,,,,,,,,,,LATUR,
34,BLUE DART EXP.LTD.(UFO),30-11-23,198,ANIS  SHAIKH,23,4,3,,,,,,,,,,,,,,,,,,,202,SOLAPUR CITY,
34,BLUE DART EXP.LTD.(UFO),30-11-23,4617,ARJUN - SUNAPE,19,3,8,,,,,,,,,,,,,,,,,,,,LATUR,
34,BLUE DART EXP.LTD.(UFO),30-11-23,169,ASIF MEHEMOOD SHAIKH,26,4,,,,,,,,,,,,,,,,,,,,173,AKLUJ,
34,BLUE DART EXP.LTD.(UFO),30-11-23,4461,AVINASH SIDRAM SWAMI,25,4,,1,,,,,,,,,,,,,,,,,,,SOLAPUR CITY,
34,BLUE DART EXP.LTD.(UFO),30-11-23,4227,AYUB  YUSUF  PATEL,26,4,,,,,,,,,,,,,,,,,,,,,PHALTAN,
34,BLUE DART EXP.LTD.(UFO),30-11-23,4618,BALAJI - SOMVANSHI,26,4,,,,,,,,,,,,,,,,,,,,,LATUR,
34,BLUE DART EXP.LTD.(UFO),30-11-23,234,BALRAJ  DASRI,,,,,,,,,,,,,,,,,,,,,,238,SOLAPUR CITY,
34,BLUE DART EXP.LTD.(UFO),30-11-23,172,BHUSHAN  KHUNTE,,,,,,,,,,,,,,,,,,,,,,176,LONAND,
34,BLUE DART EXP.LTD.(UFO),30-11-23,4568,DINESH - PARDESHI,26,4,,,,,,,,,,,,,,,,,,,,,LATUR,
34,BLUE DART EXP.LTD.(UFO),30-11-23,4211,GANESH MUKUND MANE,26,4,,,,,,,,,,,,,,,,,,,,,TEST 1,
34,BLUE DART EXP.LTD.(UFO),30-11-23,4668,GURUPRASAD - BARAKADE,24,4,,2,,,,,,,,,,,,,,,,,,,SOLAPUR CITY,
34,BLUE DART EXP.LTD.(UFO),30-11-23,4413,HARIPRASAD  VASUDEO  ADAKI,26,4,,,,,,,,,,,,,,,,,,,,,SOLAPUR CITY,
34,BLUE DART EXP.LTD.(UFO),30-11-23,4414,ISHWAR  BASAVARAJ  MATHAPATI,25,4,,1,,,,,,,,,,,,,,,,,,,SOLAPUR CITY,
34,BLUE DART EXP.LTD.(UFO),30-11-23,4502,KALPESH  PANDURANG  KAMBLE,,,,,,,,,,,,,,,,,,,,,,,PHALTAN,
34,BLUE DART EXP.LTD.(UFO),30-11-23,4619,KEDAR - SALUNKE,,,,,,,,,,,,,,,,,,,,,,,PHALTAN,
34,BLUE DART EXP.LTD.(UFO),30-11-23,4415,KIRAN  SHRIDHAR  CHILKA,20,4,6,,,,,,,,,,,,,,,,,,,,SOLAPUR CITY,
34,BLUE DART EXP.LTD.(UFO),30-11-23,195,MAHADEV  MAGARUMKHANE,26,4,,,,,,,,,,,,,,,,,,,,199,SOLAPUR CITY,
34,BLUE DART EXP.LTD.(UFO),30-11-23,343,MAHBOOB  AIROGI,26,4,,,,,,,,,,,,,,,,,,,,347,SOLAPUR CITY,
34,BLUE DART EXP.LTD.(UFO),30-11-23,173,MAHESH  LANDGE,24,4,,2,,,,,,,,,,,,,,,,,,177,LATUR,
34,BLUE DART EXP.LTD.(UFO),30-11-23,193,MAULASAB  DHAKANI,26,4,,,,,,,,,,,,,,,,,,,,197,SOLAPUR CITY,
34,BLUE DART EXP.LTD.(UFO),30-11-23,4231,MD ZIYAUDDIN  ASIF ALI  LALKOT,20,3,7,,,,,,,,,,,,,,,,,,,,SOLAPUR CITY,
34,BLUE DART EXP.LTD.(UFO),30-11-23,190,MOHSIN MAHIBOOB BENGLURU,22,4,,4,,,,,,,,,,,,,,,,,,194,SOLAPUR CITY,
34,BLUE DART EXP.LTD.(UFO),30-11-23,4212,NANDU - UPADE,25,4,,1,,,,,,,,,,,,,,,,,,,XLPE,
34,BLUE DART EXP.LTD.(UFO),30-11-23,341,OMKAR  GADADE,26,4,,,,,,,,,,,,,,,,,,,,345,IT SAGAR,
34,BLUE DART EXP.LTD.(UFO),30-11-23,4525,OMKAR BHARAT SURAVASE,23,4,3,,,,,,,,,,,,,,,,,,,,LATUR,
34,BLUE DART EXP.LTD.(UFO),30-11-23,4416,PRASHANT  DATTATRAYA  BANDA,21,4,,5,,,,,,,,,,,,,,,,,,,SOLAPUR CITY,
34,BLUE DART EXP.LTD.(UFO),30-11-23,4620,PRAVIN - SWAMI,26,4,,,,,,,,,,,,,,,,,,,,,SOLAPUR CITY,
34,BLUE DART EXP.LTD.(UFO),30-11-23,4417,RANJEET BHAUSAHEB THANKE,24,4,,2,,,,,,,,,,,,,,,,,,,PHALTAN,
34,BLUE DART EXP.LTD.(UFO),30-11-23,4501,RAVINDRA  POPAT  ABDAGIRE,26,4,,,,,,,,,,,,,,,,,,,,,PHALTAN,
34,BLUE DART EXP.LTD.(UFO),30-11-23,4569,ROHIT - KHUNTE,22,4,4,,,,,,,,,,,,,,,,,,,,LONAND,
34,BLUE DART EXP.LTD.(UFO),30-11-23,4229,SACHIN  ASHOK  SHIRSAT,25,4,,1,,,,,,,,,,,,,,,,,,,AKLUJ,
34,BLUE DART EXP.LTD.(UFO),30-11-23,192,SALIM  PATEL,25,4,,1,,,,,,,,,,,,,,,,,,196,SOLAPUR CITY,
34,BLUE DART EXP.LTD.(UFO),30-11-23,194,SANTOSH  INDAPURE,26,4,,,,,,,,,,,,,,,,,,,,198,SOLAPUR CITY,
34,BLUE DART EXP.LTD.(UFO),30-11-23,4214,SANTOSH - MULJE,26,4,,,,,,,,,,,,,,,,,,,,,XLPE,
34,BLUE DART EXP.LTD.(UFO),30-11-23,273,SHANTKUMAR  SOMSHETTY,25,4,,1,,,,,,,,,,,,,,,,,,277,SOLAPUR CITY,
34,BLUE DART EXP.LTD.(UFO),30-11-23,174,SHARAD  BAGAL,24,4,,2,,,,,,,,,,,,,,,,,,178,LATUR,
34,BLUE DART EXP.LTD.(UFO),30-11-23,4489,SHIRISHKUMAR  GANESH  LAVAND,25,4,,1,,,,,,,,,,,,,,,,,,,PHALTAN,
34,BLUE DART EXP.LTD.(UFO),30-11-23,342,SHIVRAJ  SWAMI,26,4,,,,,,,,,,,,,,,,,,,,346,SOLAPUR CITY,
34,BLUE DART EXP.LTD.(UFO),30-11-23,176,SOPAN  KOMATWAD,22,4,4,,,,,,,,,,,,,,,,,,,180,LATUR,
34,BLUE DART EXP.LTD.(UFO),30-11-23,197,SUNIL  HALKATTI,25,4,,1,,,,,,,,,,,,,,,,,,201,SOLAPUR CITY,
34,BLUE DART EXP.LTD.(UFO),30-11-23,233,TANJIL TALIB DHALE,23,4,1,2,,,,,,,,,,,,,,,,,,237,SOLAPUR CITY,
34,BLUE DART EXP.LTD.(UFO),30-11-23,175,VIKAS  KATHARE,25,4,,1,,,,,,,,,,,,,,,,,,179,LATUR,
34,BLUE DART EXP.LTD.(UFO),30-11-23,344,VINAYAK A KERE,18,3,3,6,,,,,,,,,,,,,,,,,,348,SOLAPUR CITY,
34,BLUE DART EXP.LTD.(UFO),30-11-23,185,VISHAL MOHAN GOSAVI,24,4,,2,,,,,,,,,,,,,,,,,,189,PHALTAN,
34,BLUE DART EXP.LTD.(UFO),30-11-23,4479,YASH - PAWAR,,,,,,,,,,,,,,,,,,,,,,,PHALTAN,
34,BLUE DART EXP.LTD.(UFO),30-11-23,200,YASHWANT  BATAGERI,25,4,,1,,,,,,,,,,,,,,,,,,204,SOLAPUR CITY,
