 Client_id ,Client_name,Sal_month, Emp_id,Employee_NAME,present,weeklyoff,  absent, pl,cl,sl , paidholiday,additional, othours, nightshifts,incometax,canteen,extra_inc1, extra_inc2,leave_encash,extra_ded1,extra_ded2, wagediff,Allow_arrears, Ot_arrears,invalid,Client_id ,Client_name,Sal_month, Emp_id,Employee_NAME,Present,Weeklyoff,  Absent, Pl,Cl,Sl , Paidholiday,Additional, Othours, Nightshifts,Incometax,Canteen,Extra_inc1, Extra_inc2,Leave_encash,Extra_ded1,Extra_ded2, Wagediff,Allow_arrears, Ot_arrears,Invalid
34,BLUE DART EXP.LTD.(UFO),31-01-2023,198,ANIS  SHAIKH,24,4,,2,,,,,,,,,,,,,,,,,,202,SOLAPUR CITY,,,,,,,,,,,,,,,,,,,,,,,,
34,BLUE DART EXP.LTD.(UFO),31-01-2023,169,ASIF MEHEMOOD SHAIKH,22,5,2,,,,1,,,,,,,,,,,,,,,173,AKLUJ,,,,,,,,,,,,,,,,,,,,,,,,
34,BLUE DART EXP.LTD.(UFO),31-01-2023,4227,AYUB  YUSUF  PATEL,23,5,1,,,,1,,,,,,,,,,,,,,,,PHALTAN,,,,,,,,,,,,,,,,,,,,,,,,
34,BLUE DART EXP.LTD.(UFO),31-01-2023,234,BALRAJ  DASRI,24,5,,,,,1,,,,,,,,,,,,,,,238,SOLAPUR CITY,,,,,,,,,,,,,,,,,,,,,,,,
34,BLUE DART EXP.LTD.(UFO),31-01-2023,172,BHUSHAN  KHUNTE,24,5,,,,,1,,,,,,,,,,,,,,,176,LONAND,,,,,,,,,,,,,,,,,,,,,,,,
34,BLUE DART EXP.LTD.(UFO),31-01-2023,4211,GANESH MUKUND MANE,24,5,,,,,1,,,,,,,,,,,,,,,,TEST 1,,,,,,,,,,,,,,,,,,,,,,,,
34,BLUE DART EXP.LTD.(UFO),31-01-2023,346,GURUPRASAD  BARKHADE,24,5,,,,,1,,,,,,,,,,,,,,,350,PHALTAN,,,,,,,,,,,,,,,,,,,,,,,,
34,BLUE DART EXP.LTD.(UFO),31-01-2023,195,MAHADEV  MAGARUMKHANE,23,5,,1,,,1,,,,,,,,,,,,,,,199,SOLAPUR CITY,,,,,,,,,,,,,,,,,,,,,,,,
34,BLUE DART EXP.LTD.(UFO),31-01-2023,343,MAHBOOB  AIROGI,23,5,,1,,,1,,,,,,,,,,,,,,,347,SOLAPUR CITY,,,,,,,,,,,,,,,,,,,,,,,,
34,BLUE DART EXP.LTD.(UFO),31-01-2023,173,MAHESH  LANDGE,22,5,,2,,,1,,,,,,,,,,,,,,,177,LATUR,,,,,,,,,,,,,,,,,,,,,,,,
34,BLUE DART EXP.LTD.(UFO),31-01-2023,193,MAULASAB  DHAKANI,24,5,,,,,1,,,,,,,,,,,,,,,197,SOLAPUR CITY,,,,,,,,,,,,,,,,,,,,,,,,
34,BLUE DART EXP.LTD.(UFO),31-01-2023,345,MAYUR ARUN  PAWAR,24,5,,,,,1,,,,,,,,,,,,,,,349,AKLUJ,,,,,,,,,,,,,,,,,,,,,,,,
34,BLUE DART EXP.LTD.(UFO),31-01-2023,4231,MD ZIYAUDDIN  ASIF ALI  LALKOT,21,5,,3,,,1,,,,,,,,,,,,,,,,SOLAPUR CITY,,,,,,,,,,,,,,,,,,,,,,,,
34,BLUE DART EXP.LTD.(UFO),31-01-2023,190,MOHSIN MAHIBOOB BENGLURU,22,5,,2,,,1,,,,,,,,,,,,,,,194,SOLAPUR CITY,,,,,,,,,,,,,,,,,,,,,,,,
34,BLUE DART EXP.LTD.(UFO),31-01-2023,4212,NANDU - UPADE,24,5,,,,,1,,,,,,,,,,,,,,,,XLPE,,,,,,,,,,,,,,,,,,,,,,,,
34,BLUE DART EXP.LTD.(UFO),31-01-2023,302,NILESH  GOSAVI,24,5,,,,,1,,,,,,,,,,,,,,,306,PHALTAN,,,,,,,,,,,,,,,,,,,,,,,,
34,BLUE DART EXP.LTD.(UFO),31-01-2023,341,OMKAR  GADADE,24,5,,,,,1,,,,,,,,,,,,,,,345,IT SAGAR,,,,,,,,,,,,,,,,,,,,,,,,
34,BLUE DART EXP.LTD.(UFO),31-01-2023,4228,RUSHIKESH  ANIL  BOKE,,,,,,,,,,,,,,,,,,,,,,,PHALTAN,,,,,,,,,,,,,,,,,,,,,,,,
34,BLUE DART EXP.LTD.(UFO),31-01-2023,4229,SACHIN  ASHOK  SHIRSAT,24,5,,,,,1,,,,,,,,,,,,,,,,AKLUJ,,,,,,,,,,,,,,,,,,,,,,,,
34,BLUE DART EXP.LTD.(UFO),31-01-2023,171,SAGAR  KHUNTE,24,5,,,,,1,,,,,,,,,,,,,,,175,LONAND,,,,,,,,,,,,,,,,,,,,,,,,
34,BLUE DART EXP.LTD.(UFO),31-01-2023,4213,SAGAR - THORAT,22,5,2,,,,1,,,,,,,,,,,,,,,,XLPE,,,,,,,,,,,,,,,,,,,,,,,,
34,BLUE DART EXP.LTD.(UFO),31-01-2023,192,SALIM  PATEL,19,1,,5,,,1,,,,,,,,,,,,,,,196,SOLAPUR CITY,,,,,,,,,,,,,,,,,,,,,,,,
34,BLUE DART EXP.LTD.(UFO),31-01-2023,194,SANTOSH  INDAPURE,21,5,,3,,,1,,,,,,,,,,,,,,,198,SOLAPUR CITY,,,,,,,,,,,,,,,,,,,,,,,,
34,BLUE DART EXP.LTD.(UFO),31-01-2023,4214,SANTOSH - MULJE,23,5,,1,,,1,,,,,,,,,,,,,,,,XLPE,,,,,,,,,,,,,,,,,,,,,,,,
34,BLUE DART EXP.LTD.(UFO),31-01-2023,273,SHANTKUMAR  SOMSHETTY,22,5,,2,,,1,,,,,,,,,,,,,,,277,SOLAPUR CITY,,,,,,,,,,,,,,,,,,,,,,,,
34,BLUE DART EXP.LTD.(UFO),31-01-2023,174,SHARAD  BAGAL,24,5,,,,,1,,,,,,,,,,,,,,,178,LATUR,,,,,,,,,,,,,,,,,,,,,,,,
34,BLUE DART EXP.LTD.(UFO),31-01-2023,342,SHIVRAJ  SWAMI,24,5,,,,,1,,,,,,,,,,,,,,,346,SOLAPUR CITY,,,,,,,,,,,,,,,,,,,,,,,,
34,BLUE DART EXP.LTD.(UFO),31-01-2023,176,SOPAN  KOMATWAD,22,5,,2,,,1,,,,,,,,,,,,,,,180,LATUR,,,,,,,,,,,,,,,,,,,,,,,,
34,BLUE DART EXP.LTD.(UFO),31-01-2023,197,SUNIL  HALKATTI,23,5,,1,,,1,,,,,,,,,,,,,,,201,SOLAPUR CITY,,,,,,,,,,,,,,,,,,,,,,,,
34,BLUE DART EXP.LTD.(UFO),31-01-2023,233,TANJIL  DHALE,19,5,,5,,,1,,,,,,,,,,,,,,,237,SOLAPUR CITY,,,,,,,,,,,,,,,,,,,,,,,,
34,BLUE DART EXP.LTD.(UFO),31-01-2023,186,TATYARAM BHAOUSO DADAS,23,5,,1,,,1,,,,,,,,,,,,,,,190,PHALTAN,,,,,,,,,,,,,,,,,,,,,,,,
34,BLUE DART EXP.LTD.(UFO),31-01-2023,199,VAIBHAV  KARLE,24,5,,,,,1,,,,,,,,,,,,,,,203,SOLAPUR CITY,,,,,,,,,,,,,,,,,,,,,,,,
34,BLUE DART EXP.LTD.(UFO),31-01-2023,4230,VAIBHAV  MARUTI  NANAWARE,21,5,3,,,,1,,,,,,,,,,,,,,,,PHALTAN,,,,,,,,,,,,,,,,,,,,,,,,
34,BLUE DART EXP.LTD.(UFO),31-01-2023,175,VIKAS  KATHARE,24,5,,,,,1,,,,,,,,,,,,,,,179,LATUR,,,,,,,,,,,,,,,,,,,,,,,,
34,BLUE DART EXP.LTD.(UFO),31-01-2023,344,VINAYAK A KERE,24,5,,,,,1,,,,,,,,,,,,,,,348,SOLAPUR CITY,,,,,,,,,,,,,,,,,,,,,,,,
34,BLUE DART EXP.LTD.(UFO),31-01-2023,4215,VINOD - KAMBLE,23,5,,1,,,1,,,,,,,,,,,,,,,,XLPE,,,,,,,,,,,,,,,,,,,,,,,,
34,BLUE DART EXP.LTD.(UFO),31-01-2023,185,VISHAL  GOSAVI,24,5,,,,,1,,,,,,,,,,,,,,,189,PHALTAN,,,,,,,,,,,,,,,,,,,,,,,,
34,BLUE DART EXP.LTD.(UFO),31-01-2023,200,YASHWANT  BATAGERI,24,5,,,,,1,,,,,,,,,,,,,,,204,SOLAPUR CITY,,,,,,,,,,,,,,,,,,,,,,,,
