 Client_id ,Client_name,Sal_month, Emp_id,Employee_NAME,present,weeklyoff,  absent, pl,cl,sl , paidholiday,additional, othours, nightshifts,incometax,canteen,extra_inc1, extra_inc2,leave_encash,extra_ded1,extra_ded2, wagediff,Allow_arrears, Ot_arrears,invalid,Client_id ,Client_name,Sal_month, Emp_id,Employee_NAME,Present,Weeklyoff,  Absent, Pl,Cl,Sl , Paidholiday,Additional, Othours, Nightshifts,Incometax,Canteen,Extra_inc1, Extra_inc2,Leave_encash,Extra_ded1,Extra_ded2, Wagediff,Allow_arrears, Ot_arrears,Invalid
26,"BLUE DART EXPRESS LTD.,PUNE",31-01-2023,128,ABHISHEK MAHENDRA ADSUL,23,5,,1,,,1,,,,,,,,,,,,,,,132,SWH,,,,,,,,,,,,,,,,,,,,,,,,
26,"BLUE DART EXPRESS LTD.,PUNE",31-01-2023,279,ADITYA NITIN GAIKWAD,24,5,,,,,1,,,,,,,,,,,,,,,283,PWH,,,,,,,,,,,,,,,,,,,,,,,,
26,"BLUE DART EXPRESS LTD.,PUNE",31-01-2023,4224,AJAY ANGAD KUCHEKAR,23,5,1,,,,1,,,,,,,,,,,,,,,,SWH,,,,,,,,,,,,,,,,,,,,,,,,
26,"BLUE DART EXPRESS LTD.,PUNE",31-01-2023,123,AKASH PRALHAD SASANE,21,5,1,2,,,1,,,,,,,,,,,,,,,127,HJW,,,,,,,,,,,,,,,,,,,,,,,,
26,"BLUE DART EXPRESS LTD.,PUNE",31-01-2023,240,AKSHAY  PAWAR,24,5,,,,,1,,,,,,,,,,,,,,,244,PWH,,,,,,,,,,,,,,,,,,,,,,,,
26,"BLUE DART EXPRESS LTD.,PUNE",31-01-2023,165,AKSHAY SHRIMANT PAWAL,21,5,,3,,,1,,,,,,,,,,,,,,,169,HJW,,,,,,,,,,,,,,,,,,,,,,,,
26,"BLUE DART EXPRESS LTD.,PUNE",31-01-2023,159,AMOL RATAN SAWANTFULE,22,5,,2,,,1,,,,,,,,,,,,,,,163,HJW,,,,,,,,,,,,,,,,,,,,,,,,
26,"BLUE DART EXPRESS LTD.,PUNE",31-01-2023,96,AMOL SHIVAJI JONDHALKAR,24,5,,,,,1,,,,,,,,,,,,,,,100,PWH,,,,,,,,,,,,,,,,,,,,,,,,
26,"BLUE DART EXPRESS LTD.,PUNE",31-01-2023,105,ASHISH VASANT KOKAMKAR,23,5,,1,,,1,,,,,,,,,,,,,,,109,SWH,,,,,,,,,,,,,,,,,,,,,,,,
26,"BLUE DART EXPRESS LTD.,PUNE",31-01-2023,20,ATISH SHIVAJI KUCHEKAR,24,4,2,,,,,,,,,,,,,,,,,,,24,PWH,,,,,,,,,,,,,,,,,,,,,,,,
26,"BLUE DART EXPRESS LTD.,PUNE",31-01-2023,219,ATUL  MORE,24,5,,,,,1,,,,,,,,,,,,,,,223,MCW,,,,,,,,,,,,,,,,,,,,,,,,
26,"BLUE DART EXPRESS LTD.,PUNE",31-01-2023,77,BALAJI NAMDEV MORE,21,5,,3,,,1,,,,,,,,,,,,,,,81,MCW,,,,,,,,,,,,,,,,,,,,,,,,
26,"BLUE DART EXPRESS LTD.,PUNE",31-01-2023,139,BALAJI RUKMAJI WAGHMARE,24,5,,,,,1,,,,,,,,,,,,,,,143,HJW,,,,,,,,,,,,,,,,,,,,,,,,
26,"BLUE DART EXPRESS LTD.,PUNE",31-01-2023,275,KISHOR  KOLI,24,5,,,,,1,,,,,,,,,,,,,,,279,MCW,,,,,,,,,,,,,,,,,,,,,,,,
26,"BLUE DART EXPRESS LTD.,PUNE",31-01-2023,220,MAHESH  WAGHMARE,22,5,2,,,,1,2,,,,,,,,,,,,,,224,SWH,,,,,,,,,,,,,,,,,,,,,,,,
26,"BLUE DART EXPRESS LTD.,PUNE",31-01-2023,350,MAYUR  BAMBLE,20,5,4,,,,1,,,,,,,,,,,,,,,354,PWH,,,,,,,,,,,,,,,,,,,,,,,,
26,"BLUE DART EXPRESS LTD.,PUNE",31-01-2023,4225,MINAJ  ASIM  SHAIKH,23,5,1,,,,1,1,,,,,,,,,,,,,,,SWH,,,,,,,,,,,,,,,,,,,,,,,,
26,"BLUE DART EXPRESS LTD.,PUNE",31-01-2023,17,MUNIR RAHIMUDDIN KHAN,24,5,,,,,1,,,,,,,,,,,,,,,21,PWH,,,,,,,,,,,,,,,,,,,,,,,,
26,"BLUE DART EXPRESS LTD.,PUNE",31-01-2023,338,NAGESH  KAMBLE,21,5,3,,,,1,3,,,,,,,,,,,,,,342,PWH,,,,,,,,,,,,,,,,,,,,,,,,
26,"BLUE DART EXPRESS LTD.,PUNE",31-01-2023,4216,NAVNATH  VIJAY  SURYWANSHI,23,5,1,,,,1,1,,,,,,,,,,,,,,,PWH,,,,,,,,,,,,,,,,,,,,,,,,
26,"BLUE DART EXPRESS LTD.,PUNE",31-01-2023,339,OMKAR  KAMBLE,24,5,,,,,1,,,,,,,,,,,,,,,343,PWH,,,,,,,,,,,,,,,,,,,,,,,,
26,"BLUE DART EXPRESS LTD.,PUNE",31-01-2023,4217,PRAJWAL BHARAT MORE,22,5,2,,,,1,2,,,,,,,,,,,,,,,PWH,,,,,,,,,,,,,,,,,,,,,,,,
26,"BLUE DART EXPRESS LTD.,PUNE",31-01-2023,326,PRASHANT  PAIKRAO,18,5,2,4,,,1,,,,,,,,,,,,,,,330,MCW,,,,,,,,,,,,,,,,,,,,,,,,
26,"BLUE DART EXPRESS LTD.,PUNE",31-01-2023,324,PRAVIN  NIMBHORE,23,5,1,,,,1,1,,,,,,,,,,,,,,328,SWH,,,,,,,,,,,,,,,,,,,,,,,,
26,"BLUE DART EXPRESS LTD.,PUNE",31-01-2023,316,RAHIL  SAYYAD,15,3,11,,,,1,,,,,,,,,,,,,,,320,PWH,,,,,,,,,,,,,,,,,,,,,,,,
26,"BLUE DART EXPRESS LTD.,PUNE",31-01-2023,138,RAHUL RAVINDRA KHARADE,19,5,5,,,,1,5,,,,,,,,,,,,,,142,SWH,,,,,,,,,,,,,,,,,,,,,,,,
26,"BLUE DART EXPRESS LTD.,PUNE",31-01-2023,45,RAVINDRA GOVIND BIRADAR,21,5,3,,,,1,3,,,,,,,,,,,,,,49,MCW,,,,,,,,,,,,,,,,,,,,,,,,
26,"BLUE DART EXPRESS LTD.,PUNE",31-01-2023,331,ROHIT  KAMBLE,22,5,2,,,,1,2,,,,,,,,,,,,,,335,SWH,,,,,,,,,,,,,,,,,,,,,,,,
26,"BLUE DART EXPRESS LTD.,PUNE",31-01-2023,151,RUSHIKESH  THORAT,22,5,,2,,,1,,,,,,,,,,,,,,,155,PWH,,,,,,,,,,,,,,,,,,,,,,,,
26,"BLUE DART EXPRESS LTD.,PUNE",31-01-2023,4219,SAGAR DEVRAM  KUMBHAR,23,5,1,,,,1,1,,,,,,,,,,,,,,,PWH,,,,,,,,,,,,,,,,,,,,,,,,
26,"BLUE DART EXPRESS LTD.,PUNE",31-01-2023,148,SAGAR UMESH KADAM,22,5,2,,,,1,2,,,,,,,,,,,,,,152,SWH,,,,,,,,,,,,,,,,,,,,,,,,
26,"BLUE DART EXPRESS LTD.,PUNE",31-01-2023,336,SAHIL  MANE,22,5,2,,,,1,2,,,,,,,,,,,,,,340,SWH,,,,,,,,,,,,,,,,,,,,,,,,
26,"BLUE DART EXPRESS LTD.,PUNE",31-01-2023,329,SAJAN  JADHAV,24,5,,,,,1,,,,,,,,,,,,,,,333,PWH,,,,,,,,,,,,,,,,,,,,,,,,
26,"BLUE DART EXPRESS LTD.,PUNE",31-01-2023,113,SANGHRASH DINESH SALVE,24,5,,,,,1,,,,,,,,,,,,,,,117,PWH,,,,,,,,,,,,,,,,,,,,,,,,
26,"BLUE DART EXPRESS LTD.,PUNE",31-01-2023,4220,SANNI BAPU JADHAV,24,5,,,,,1,,,,,,,,,,,,,,,,PWH,,,,,,,,,,,,,,,,,,,,,,,,
26,"BLUE DART EXPRESS LTD.,PUNE",31-01-2023,15,SANTOSH HARISHCHANDRA BACCHIRE,24,5,,,,,1,,,,,,,,,,,,,,,19,PWH,,,,,,,,,,,,,,,,,,,,,,,,
26,"BLUE DART EXPRESS LTD.,PUNE",31-01-2023,116,SHADAB RASUL SHAIKH,23,5,1,,,,1,,,,,,,,,,,,,,,120,PWH,,,,,,,,,,,,,,,,,,,,,,,,
26,"BLUE DART EXPRESS LTD.,PUNE",31-01-2023,140,SHESHERAO GUNAJI WAGHMARE,24,5,,,,,1,,,,,,,,,,,,,,,144,HJW,,,,,,,,,,,,,,,,,,,,,,,,
26,"BLUE DART EXPRESS LTD.,PUNE",31-01-2023,211,SIDHARTH BALU SHELAR,24,5,,,,,1,,,,,,,,,,,,,,,215,PWH,,,,,,,,,,,,,,,,,,,,,,,,
26,"BLUE DART EXPRESS LTD.,PUNE",31-01-2023,332,SOHEL  SHAIKH,21,5,3,,,,1,,,,,,,,,,,,,,,336,SWH,,,,,,,,,,,,,,,,,,,,,,,,
26,"BLUE DART EXPRESS LTD.,PUNE",31-01-2023,16,SUNIL HARISHCHANDRA KUSALKAR,23,5,1,,,,1,1,,,,,,,,,,,,,,20,PWH,,,,,,,,,,,,,,,,,,,,,,,,
26,"BLUE DART EXPRESS LTD.,PUNE",31-01-2023,4221,TATHAGAT  VITTAL  GAILKWAD,17,5,1,6,,,1,,,,,,,,,,,,,,,,PWH,,,,,,,,,,,,,,,,,,,,,,,,
26,"BLUE DART EXPRESS LTD.,PUNE",31-01-2023,232,TUSHAR  RASAL,23,5,,1,,,1,,,,,,,,,,,,,,,236,HJW,,,,,,,,,,,,,,,,,,,,,,,,
26,"BLUE DART EXPRESS LTD.,PUNE",31-01-2023,10,TUSHAR ARVIND SHETE,24,5,,,,,1,,,,,,,,,,,,,,,14,HJW,,,,,,,,,,,,,,,,,,,,,,,,
26,"BLUE DART EXPRESS LTD.,PUNE",31-01-2023,82,VINOD LAHU RAJIWADE,23,5,,1,,,1,,,,,,,,,,,,,,,86,SWH,,,,,,,,,,,,,,,,,,,,,,,,
26,"BLUE DART EXPRESS LTD.,PUNE",31-01-2023,66,VINOD VILAS BHOSALE,24,5,,,,,1,,,,,,,,,,,,,,,70,PWH,,,,,,,,,,,,,,,,,,,,,,,,
26,"BLUE DART EXPRESS LTD.,PUNE",31-01-2023,335,VISHAL  LONDHE,22,5,2,,,,1,2,,,,,,,,,,,,,,339,SWH,,,,,,,,,,,,,,,,,,,,,,,,
26,"BLUE DART EXPRESS LTD.,PUNE",31-01-2023,4226,VISHAL BALU WAGHMARE,23,5,1,,,,1,,,,,,,,,,,,,,,4226,SWH,,,,,,,,,,,,,,,,,,,,,,,,
26,"BLUE DART EXPRESS LTD.,PUNE",31-01-2023,81,VISHAL KONDIBA DHAVALE,19,5,5,,,,1,5,,,,,,,,,,,,,,85,SWH,,,,,,,,,,,,,,,,,,,,,,,,
26,"BLUE DART EXPRESS LTD.,PUNE",31-01-2023,19,VISHAL SUNIL VITKAR,21,5,3,,,,1,3,,,,,,,,,,,,,,23,PWH,,,,,,,,,,,,,,,,,,,,,,,,
26,"BLUE DART EXPRESS LTD.,PUNE",31-01-2023,70,VISHANT BIMBISAR TRIBHUVAN,23,5,1,,,,1,1,,,,,,,,,,,,,,74,MCW,,,,,,,,,,,,,,,,,,,,,,,,
