 Client_id ,Client_name,Sal_month, Emp_id,Employee_NAME,present,weeklyoff,  absent, pl,cl,sl , paidholiday,additional, othours, nightshifts,incometax,canteen,extra_inc1, extra_inc2,leave_encash,extra_ded1,extra_ded2, wagediff,Allow_arrears, Ot_arrears,invalid,Client_id ,Client_name,Sal_month, Emp_id,Employee_NAME,Present,Weeklyoff,  Absent, Pl,Cl,Sl , Paidholiday,Additional, Othours, Nightshifts,Incometax,Canteen,Extra_inc1, Extra_inc2,Leave_encash,Extra_ded1,Extra_ded2, Wagediff,Allow_arrears, Ot_arrears,Invalid
26,"BLUE DART EXPRESS LTD.,PUNE",5/31/2023,128,ABHISHEK MAHENDRA ADSUL,25,4,,,,,1,,,,,,,,,,,,,,,132,SWH,,,,,,,,,,,,,,,,,,,,,,,,
26,"BLUE DART EXPRESS LTD.,PUNE",5/31/2023,279,ADITYA NITIN GAIKWAD,22,4,,,,,1,3,,,,,,,,,,,,,,283,PWH,,,,,,,,,,,,,,,,,,,,,,,,
26,"BLUE DART EXPRESS LTD.,PUNE",5/31/2023,4224,AJAY ANGAD KUCHEKAR,25,4,,,,,1,,,,,,,,,,,,,,,,SWH,,,,,,,,,,,,,,,,,,,,,,,,
26,"BLUE DART EXPRESS LTD.,PUNE",5/31/2023,123,AKASH PRALHAD SASANE,25,4,,,,,1,,,,,,,,,,,,,,,127,HJW,,,,,,,,,,,,,,,,,,,,,,,,
26,"BLUE DART EXPRESS LTD.,PUNE",5/31/2023,240,AKSHAY  PAWAR,24,4,,1,,,1,,,,,,,,,,,,,,,244,PWH,,,,,,,,,,,,,,,,,,,,,,,,
26,"BLUE DART EXPRESS LTD.,PUNE",5/31/2023,165,AKSHAY SHRIMANT PAWAL,25,4,,,,,1,,,,,,,,,,,,,,,169,HJW,,,,,,,,,,,,,,,,,,,,,,,,
26,"BLUE DART EXPRESS LTD.,PUNE",5/31/2023,159,AMOL RATAN SAWANTFULE,24,4,,1,,,1,,,,,,,,,,,,,,,163,HJW,,,,,,,,,,,,,,,,,,,,,,,,
26,"BLUE DART EXPRESS LTD.,PUNE",5/31/2023,96,AMOL SHIVAJI JONDHALKAR,7,1,11,11,,,,,,,,,,,,,,,,,,100,PWH,,,,,,,,,,,,,,,,,,,,,,,,
26,"BLUE DART EXPRESS LTD.,PUNE",5/31/2023,105,ASHISH VASANT KOKAMKAR,24,4,,,,,1,1,,,,,,,,,,,,,,109,SWH,,,,,,,,,,,,,,,,,,,,,,,,
26,"BLUE DART EXPRESS LTD.,PUNE",5/31/2023,20,ATISH SHIVAJI KUCHEKAR,20,4,,4,,,1,1,,,,,,,,,,,,,,24,PWH,,,,,,,,,,,,,,,,,,,,,,,,
26,"BLUE DART EXPRESS LTD.,PUNE",5/31/2023,219,ATUL  MORE,25,4,,,,,1,,,,,,,,,,,,,,,223,MCW,,,,,,,,,,,,,,,,,,,,,,,,
26,"BLUE DART EXPRESS LTD.,PUNE",5/31/2023,77,BALAJI NAMDEV MORE,1,,,,,,,,,,,,,,,,,,,,,81,MCW,,,,,,,,,,,,,,,,,,,,,,,,
26,"BLUE DART EXPRESS LTD.,PUNE",5/31/2023,139,BALAJI RUKMAJI WAGHMARE,11,2,,,,,1,,,,,,,,,,,,,,,143,HJW,,,,,,,,,,,,,,,,,,,,,,,,
26,"BLUE DART EXPRESS LTD.,PUNE",5/31/2023,275,KISHOR  KOLI,24,4,,1,,,1,,,,,,,,,,,,,,,279,MCW,,,,,,,,,,,,,,,,,,,,,,,,
26,"BLUE DART EXPRESS LTD.,PUNE",5/31/2023,220,MAHESH  WAGHMARE,25,4,,,,,1,,,,,,,,,,,,,,,224,SWH,,,,,,,,,,,,,,,,,,,,,,,,
26,"BLUE DART EXPRESS LTD.,PUNE",5/31/2023,4225,MINAJ  ASIM  SHAIKH,,,,,,,,,,,,,,,,,,,,,,,SWH,,,,,,,,,,,,,,,,,,,,,,,,
26,"BLUE DART EXPRESS LTD.,PUNE",5/31/2023,17,MUNIR RAHIMUDDIN KHAN,24,4,,1,,,1,,,,,,,,,,,,,,,21,PWH,,,,,,,,,,,,,,,,,,,,,,,,
26,"BLUE DART EXPRESS LTD.,PUNE",5/31/2023,338,NAGESH  KAMBLE,25,4,,,,,1,,,,,,,,,,,,,,,342,PWH,,,,,,,,,,,,,,,,,,,,,,,,
26,"BLUE DART EXPRESS LTD.,PUNE",5/31/2023,4216,NAVNATH  VIJAY  SURYWANSHI,21,4,,4,,,1,,,,,,,,,,,,,,,,PWH,,,,,,,,,,,,,,,,,,,,,,,,
26,"BLUE DART EXPRESS LTD.,PUNE",5/31/2023,339,OMKAR  KAMBLE,25,4,,,,,1,,,,,,,,,,,,,,,343,PWH,,,,,,,,,,,,,,,,,,,,,,,,
26,"BLUE DART EXPRESS LTD.,PUNE",5/31/2023,4217,PRAJWAL BHARAT MORE,25,4,,,,,1,,,,,,,,,,,,,,,,PWH,,,,,,,,,,,,,,,,,,,,,,,,
26,"BLUE DART EXPRESS LTD.,PUNE",5/31/2023,4218,PRAJWAL SIDDHARTH POL,23,4,2,,,,1,,,,,,,,,,,,,,,,PWH,,,,,,,,,,,,,,,,,,,,,,,,
26,"BLUE DART EXPRESS LTD.,PUNE",5/31/2023,326,PRASHANT  PAIKRAO,23,4,,2,,,1,,,,,,,,,,,,,,,330,MCW,,,,,,,,,,,,,,,,,,,,,,,,
26,"BLUE DART EXPRESS LTD.,PUNE",5/31/2023,324,PRAVIN  NIMBHORE,22,4,,,,,1,3,,,,,,,,,,,,,,328,SWH,,,,,,,,,,,,,,,,,,,,,,,,
26,"BLUE DART EXPRESS LTD.,PUNE",5/31/2023,138,RAHUL RAVINDRA KHARADE,22,4,,,,,1,3,,,,,,,,,,,,,,142,SWH,,,,,,,,,,,,,,,,,,,,,,,,
26,"BLUE DART EXPRESS LTD.,PUNE",5/31/2023,45,RAVINDRA GOVIND BIRADAR,21,4,,1,,,1,3,,,,,,,,,,,,,,49,MCW,,,,,,,,,,,,,,,,,,,,,,,,
26,"BLUE DART EXPRESS LTD.,PUNE",5/31/2023,331,ROHIT  KAMBLE,1,,,,,,,,,,,,,,,,,,,,,335,SWH,,,,,,,,,,,,,,,,,,,,,,,,
26,"BLUE DART EXPRESS LTD.,PUNE",5/31/2023,151,RUSHIKESH  THORAT,25,4,,,,,1,,,,,,,,,,,,,,,155,PWH,,,,,,,,,,,,,,,,,,,,,,,,
26,"BLUE DART EXPRESS LTD.,PUNE",5/31/2023,4219,SAGAR DEVRAM  KUMBHAR,21,4,,2,,,1,2,,,,,,,,,,,,,,,PWH,,,,,,,,,,,,,,,,,,,,,,,,
26,"BLUE DART EXPRESS LTD.,PUNE",5/31/2023,4487,SAGAR SURESH SAUDE,24,4,,,,,1,1,,,,,,,,,,,,,,,PWH,,,,,,,,,,,,,,,,,,,,,,,,
26,"BLUE DART EXPRESS LTD.,PUNE",5/31/2023,148,SAGAR UMESH KADAM,25,4,,,,,1,,,,,,,,,,,,,,,152,SWH,,,,,,,,,,,,,,,,,,,,,,,,
26,"BLUE DART EXPRESS LTD.,PUNE",5/31/2023,336,SAHIL  MANE,25,4,,,,,1,,,,,,,,,,,,,,,340,SWH,,,,,,,,,,,,,,,,,,,,,,,,
26,"BLUE DART EXPRESS LTD.,PUNE",5/31/2023,4458,SAIF  MANJUR ALAM ALI,22,4,1,2,,,1,,,,,,,,,,,,,,,,SWH,,,,,,,,,,,,,,,,,,,,,,,,
26,"BLUE DART EXPRESS LTD.,PUNE",5/31/2023,329,SAJAN  JADHAV,15,3,,,,,,,,,,,,,,,,,,,,333,PWH,,,,,,,,,,,,,,,,,,,,,,,,
26,"BLUE DART EXPRESS LTD.,PUNE",5/31/2023,113,SANGHRASH DINESH SALVE,23,4,,,,,1,2,,,,,,,,,,,,,,117,PWH,,,,,,,,,,,,,,,,,,,,,,,,
26,"BLUE DART EXPRESS LTD.,PUNE",5/31/2023,4220,SANNI BAPU JADHAV,20,4,2,3,,,1,,,,,,,,,,,,,,,,PWH,,,,,,,,,,,,,,,,,,,,,,,,
26,"BLUE DART EXPRESS LTD.,PUNE",5/31/2023,15,SANTOSH HARISHCHANDRA BACCHIRE,25,4,,,,,1,,,,,,,,,,,,,,,19,PWH,,,,,,,,,,,,,,,,,,,,,,,,
26,"BLUE DART EXPRESS LTD.,PUNE",5/31/2023,116,SHADAB RASUL SHAIKH,24,4,,1,,,1,,,,,,,,,,,,,,,120,PWH,,,,,,,,,,,,,,,,,,,,,,,,
26,"BLUE DART EXPRESS LTD.,PUNE",5/31/2023,140,SHESHERAO GUNAJI WAGHMARE,19,3,,7,,,1,,,,,,,,,,,,,,,144,HJW,,,,,,,,,,,,,,,,,,,,,,,,
26,"BLUE DART EXPRESS LTD.,PUNE",5/31/2023,332,SOHEL  SHAIKH,17,4,8,,,,1,,,,,,,,,,,,,,,336,SWH,,,,,,,,,,,,,,,,,,,,,,,,
26,"BLUE DART EXPRESS LTD.,PUNE",5/31/2023,16,SUNIL HARISHCHANDRA KUSALKAR,25,4,,,,,1,,,,,,,,,,,,,,,20,PWH,,,,,,,,,,,,,,,,,,,,,,,,
26,"BLUE DART EXPRESS LTD.,PUNE",5/31/2023,4459,SUYASH VINAYAK BHOSALE,24,4,1,,,,1,,,,,,,,,,,,,,,,SSC,,,,,,,,,,,,,,,,,,,,,,,,
26,"BLUE DART EXPRESS LTD.,PUNE",5/31/2023,4475,SWAPNIL KRISHNAT KAMBLE,19,2,5,,,,1,3,,,,,,,,,,,,,,,PWH,,,,,,,,,,,,,,,,,,,,,,,,
26,"BLUE DART EXPRESS LTD.,PUNE",5/31/2023,4410,SYED   SAMEER SYED  RAJU,10,3,,17,,,,,,,,,,,,,,,,,,,SWH,,,,,,,,,,,,,,,,,,,,,,,,
26,"BLUE DART EXPRESS LTD.,PUNE",5/31/2023,4221,TATHAGAT  VITTAL  GAILKWAD,21,4,,3,,,1,1,,,,,,,,,,,,,,,PWH,,,,,,,,,,,,,,,,,,,,,,,,
26,"BLUE DART EXPRESS LTD.,PUNE",5/31/2023,232,TUSHAR  RASAL,24,4,,1,,,1,,,,,,,,,,,,,,,236,HJW,,,,,,,,,,,,,,,,,,,,,,,,
26,"BLUE DART EXPRESS LTD.,PUNE",5/31/2023,10,TUSHAR ARVIND SHETE,25,4,,,,,1,,,,,,,,,,,,,,,14,HJW,,,,,,,,,,,,,,,,,,,,,,,,
26,"BLUE DART EXPRESS LTD.,PUNE",5/31/2023,4411,VAIBHAV VILAS SATHE,22,4,3,,,,1,,,,,,,,,,,,,,,,HJW,,,,,,,,,,,,,,,,,,,,,,,,
26,"BLUE DART EXPRESS LTD.,PUNE",5/31/2023,82,VINOD LAHU RAJIWADE,24,4,,1,,,1,,,,,,,,,,,,,,,86,SWH,,,,,,,,,,,,,,,,,,,,,,,,
26,"BLUE DART EXPRESS LTD.,PUNE",5/31/2023,66,VINOD VILAS BHOSALE,23,4,,,,,1,2,,,,,,,,,,,,,,70,PWH,,,,,,,,,,,,,,,,,,,,,,,,
26,"BLUE DART EXPRESS LTD.,PUNE",5/31/2023,335,VISHAL  LONDHE,25,4,,,,,1,,,,,,,,,,,,,,,339,SWH,,,,,,,,,,,,,,,,,,,,,,,,
26,"BLUE DART EXPRESS LTD.,PUNE",5/31/2023,4226,VISHAL BALU WAGHMARE,25,4,,,,,1,,,,,,,,,,,,,,,4226,SWH,,,,,,,,,,,,,,,,,,,,,,,,
26,"BLUE DART EXPRESS LTD.,PUNE",5/31/2023,81,VISHAL KONDIBA DHAVALE,16,4,5,2,,,1,2,,,,,,,,,,,,,,85,SWH,,,,,,,,,,,,,,,,,,,,,,,,
26,"BLUE DART EXPRESS LTD.,PUNE",5/31/2023,19,VISHAL SUNIL VITKAR,22,4,,,,,1,3,,,,,,,,,,,,,,23,PWH,,,,,,,,,,,,,,,,,,,,,,,,
26,"BLUE DART EXPRESS LTD.,PUNE",5/31/2023,70,VISHANT BIMBISAR TRIBHUVAN,25,4,,,,,1,,,,,,,,,,,,,,,74,MCW,,,,,,,,,,,,,,,,,,,,,,,,
26,"BLUE DART EXPRESS LTD.,PUNE",5/31/2023,4488,YOUVRAJ - LONKAR,,,,,,,,,,,,,,,,,,,,,,,PWH,,,,,,,,,,,,,,,,,,,,,,,,
