 Client_id ,Client_name,Sal_month, Emp_id,Employee_NAME,Present,Weeklyoff,  Absent,Pl,Cl,Sl , Paidholiday,Additional, Othours, Nightshifts,Incometax,Canteen,Extra_inc1, Extra_inc2,Leave_encash,Extra_ded1,Extra_ded2, Wagediff,Allow_arrears, Ot_arrears,Invalid,Ticket_no, Dept_Name, Comp_ticket_no
26,"BLUE DART EXPRESS LTD.,PUNE",31-10-2023,128,ABHISHEK MAHENDRA ADSUL,23,5,,,,,2,,,,,,,,,,,,,,,132,SWH,
26,"BLUE DART EXPRESS LTD.,PUNE",31-10-2023,279,ADITYA NITIN GAIKWAD,22,5,1,,,,2,,,,,,,,,,,,,,,283,PWH,
26,"BLUE DART EXPRESS LTD.,PUNE",31-10-2023,4224,AJAY ANGAD KUCHEKAR,23,5,,,,,2,,,,,,,,,,,,,,,,SWH,
26,"BLUE DART EXPRESS LTD.,PUNE",31-10-2023,123,AKASH PRALHAD SASANE,23,5,,,,,2,,,,,,,,,,,,,,,127,HJW,
26,"BLUE DART EXPRESS LTD.,PUNE",31-10-2023,240,AKSHAY  PAWAR,23,5,,,,,2,,,,,,,,,,,,,,,244,PWH,
26,"BLUE DART EXPRESS LTD.,PUNE",31-10-2023,165,AKSHAY SHRIMANT PAWAL,,,,,,,,,,,,,,,,,,,,,,169,HJW,
26,"BLUE DART EXPRESS LTD.,PUNE",31-10-2023,159,AMOL RATAN SAWANTFULE,23,5,,,,,2,,,,,,,,,,,,,,,163,HJW,
26,"BLUE DART EXPRESS LTD.,PUNE",31-10-2023,96,AMOL SHIVAJI JONDHALKAR,20,5,,3,,,2,,,,,,,,,,,,,,,100,PWH,
26,"BLUE DART EXPRESS LTD.,PUNE",31-10-2023,105,ASHISH VASANT KOKAMKAR,22,5,1,,,,2,,,,,,,,,,,,,,,109,SWH,
26,"BLUE DART EXPRESS LTD.,PUNE",31-10-2023,20,ATISH SHIVAJI KUCHEKAR,23,5,,,,,2,,,,,,,,,,,,,,,24,PWH,
26,"BLUE DART EXPRESS LTD.,PUNE",31-10-2023,219,ATUL  MORE,21,5,,2,,,2,,,,,,,,,,,,,,,223,MCW,
26,"BLUE DART EXPRESS LTD.,PUNE",31-10-2023,139,BALAJI RUKMAJI WAGHMARE,23,5,,,,,2,,,,,,,,,,,,,,,143,HJW,
26,"BLUE DART EXPRESS LTD.,PUNE",31-10-2023,4538,HARSH - GAIKWAD,22,5,1,,,,2,,,,,,,,,,,,,,,,VEC,
26,"BLUE DART EXPRESS LTD.,PUNE",31-10-2023,4565,HARSHAD - JADHAV,23,5,,,,,2,,,,,,,,,,,,,,,,HJW,
26,"BLUE DART EXPRESS LTD.,PUNE",31-10-2023,275,KISHOR  KOLI,21,5,,2,,,2,,,,,,,,,,,,,,,279,MCW,
26,"BLUE DART EXPRESS LTD.,PUNE",31-10-2023,220,MAHESH  WAGHMARE,23,5,,,,,2,,,,,,,,,,,,,,,224,SWH,
26,"BLUE DART EXPRESS LTD.,PUNE",31-10-2023,17,MUNIR RAHIMUDDIN KHAN,23,5,,,,,2,,,,,,,,,,,,,,,21,PWH,
26,"BLUE DART EXPRESS LTD.,PUNE",31-10-2023,338,NAGESH  KAMBLE,20,5,,3,,,2,,,,,,,,,,,,,,,342,PWH,
26,"BLUE DART EXPRESS LTD.,PUNE",31-10-2023,4409,NARESH BALRAJ PEDDARAJULA,4,1,,,,,1,,,,,,,,,,,,,,,,SSC,
26,"BLUE DART EXPRESS LTD.,PUNE",31-10-2023,4216,NAVNATH  VIJAY  SURYWANSHI,23,5,,,,,2,,,,,,,,,,,,,,,,PWH,
26,"BLUE DART EXPRESS LTD.,PUNE",31-10-2023,339,OMKAR  KAMBLE,23,5,,,,,2,,,,,,,,,,,,,,,343,PWH,
26,"BLUE DART EXPRESS LTD.,PUNE",31-10-2023,4514,OMKAR  SHIVAJI NAMWAD ,23,5,,,,,2,,,,,,,,,,,,,,,,HJW,
26,"BLUE DART EXPRESS LTD.,PUNE",31-10-2023,4217,PRAJWAL BHARAT MORE,23,5,,,,,2,,,,,,,,,,,,,,,,PWH,
26,"BLUE DART EXPRESS LTD.,PUNE",31-10-2023,4496,PRAMOD TUKARAM RANPISE,23,5,,,,,2,,,,,,,,,,,,,,,,PWH,
26,"BLUE DART EXPRESS LTD.,PUNE",31-10-2023,326,PRASHANT  PAIKRAO,21,5,,2,,,2,,,,,,,,,,,,,,,330,MCW,
26,"BLUE DART EXPRESS LTD.,PUNE",31-10-2023,324,PRAVIN  NIMBHORE,24,5,,,,,1,,,,,,,,,,,,,,,328,SWH,
26,"BLUE DART EXPRESS LTD.,PUNE",31-10-2023,4614,RAHUL - MASANE,23,5,,,,,2,,,,,,,,,,,,,,,,PWH,
26,"BLUE DART EXPRESS LTD.,PUNE",31-10-2023,138,RAHUL RAVINDRA KHARADE,22,5,,,,,2,1,,,,,,,,,,,,,,142,SWH,
26,"BLUE DART EXPRESS LTD.,PUNE",31-10-2023,45,RAVINDRA GOVIND BIRADAR,23,5,,,,,2,,,,,,,,,,,,,,,49,MCW,
26,"BLUE DART EXPRESS LTD.,PUNE",31-10-2023,151,RUSHIKESH  THORAT,20,5,,2,,,2,,,,,,,,,,,,,,,155,PWH,
26,"BLUE DART EXPRESS LTD.,PUNE",31-10-2023,148,SAGAR UMESH KADAM,23,5,,,,,2,,,,,,,,,,,,,,,152,SWH,
26,"BLUE DART EXPRESS LTD.,PUNE",31-10-2023,336,SAHIL  MANE,23,5,,,,,2,,,,,,,,,,,,,,,340,SWH,
26,"BLUE DART EXPRESS LTD.,PUNE",31-10-2023,113,SANGHRASH DINESH SALVE,18,4,,7,,,1,,,,,,,,,,,,,,,117,PWH,
26,"BLUE DART EXPRESS LTD.,PUNE",31-10-2023,4220,SANNI BAPU JADHAV,23,5,,,,,2,,,,,,,,,,,,,,,,PWH,
26,"BLUE DART EXPRESS LTD.,PUNE",31-10-2023,15,SANTOSH HARISHCHANDRA BACCHIRE,23,5,,,,,2,,,,,,,,,,,,,,,19,PWH,
26,"BLUE DART EXPRESS LTD.,PUNE",31-10-2023,116,SHADAB RASUL SHAIKH,20,5,1,1,,,2,1,,,,,,,,,,,,,,120,PWH,
26,"BLUE DART EXPRESS LTD.,PUNE",31-10-2023,4615,SHANKAR - ALKUNTE,,,,,,,,,,,,,,,,,,,,,,,MCW,
26,"BLUE DART EXPRESS LTD.,PUNE",31-10-2023,140,SHESHERAO GUNAJI WAGHMARE,23,5,,,,,2,,,,,,,,,,,,,,,144,HJW,
26,"BLUE DART EXPRESS LTD.,PUNE",31-10-2023,332,SOHEL  SHAIKH,23,5,,,,,2,,,,,,,,,,,,,,,336,SWH,
26,"BLUE DART EXPRESS LTD.,PUNE",31-10-2023,16,SUNIL HARISHCHANDRA KUSALKAR,24,5,,,,,1,,,,,,,,,,,,,,,20,PWH,
26,"BLUE DART EXPRESS LTD.,PUNE",31-10-2023,4459,SUYASH VINAYAK BHOSALE,19,5,,2,,,2,2,,,,,,,,,,,,,,,SSC,
26,"BLUE DART EXPRESS LTD.,PUNE",31-10-2023,4475,SWAPNIL KRISHNAT KAMBLE,23,5,,,,,2,,,,,,,,,,,,,,,,PWH,
26,"BLUE DART EXPRESS LTD.,PUNE",31-10-2023,4221,TATHAGAT  VITTAL  GAILKWAD,22,5,,1,,,2,,,,,,,,,,,,,,,,PWH,
26,"BLUE DART EXPRESS LTD.,PUNE",31-10-2023,232,TUSHAR  RASAL,23,5,,,,,2,,,,,,,,,,,,,,,236,HJW,
26,"BLUE DART EXPRESS LTD.,PUNE",31-10-2023,10,TUSHAR ARVIND SHETE,23,5,,,,,2,,,,,,,,,,,,,,,14,HJW,
26,"BLUE DART EXPRESS LTD.,PUNE",31-10-2023,82,VINOD LAHU RAJIWADE,19,4,2,,,,2,3,,,,,,,,,,,,,,86,SWH,
26,"BLUE DART EXPRESS LTD.,PUNE",31-10-2023,66,VINOD VILAS BHOSALE,17,5,1,1,,,2,4,,,,,,,,,,,,,,70,PWH,
26,"BLUE DART EXPRESS LTD.,PUNE",31-10-2023,335,VISHAL  LONDHE,23,5,,,,,2,,,,,,,,,,,,,,,339,SWH,
26,"BLUE DART EXPRESS LTD.,PUNE",31-10-2023,4226,VISHAL BALU WAGHMARE,21,5,,2,,,2,,,,,,,,,,,,,,,4226,SWH,
26,"BLUE DART EXPRESS LTD.,PUNE",31-10-2023,81,VISHAL KONDIBA DHAVALE,14,3,12,,,,1,,,,,,,,,,,,,,,85,SWH,
26,"BLUE DART EXPRESS LTD.,PUNE",31-10-2023,19,VISHAL SUNIL VITKAR,24,5,,,,,1,,,,,,,,,,,,,,,23,PWH,
26,"BLUE DART EXPRESS LTD.,PUNE",31-10-2023,70,VISHANT BIMBISAR TRIBHUVAN,23,5,,,,,2,,,,,,,,,,,,,,,74,MCW,
