 Client_id ,Client_name,Sal_month, Emp_id,Employee_NAME,Present,Weeklyoff,  Absent,Pl,Cl,Sl , Paidholiday,Additional, Othours, Nightshifts,Incometax,Canteen,Extra_inc1, Extra_inc2,Leave_encash,Extra_ded1,Extra_ded2, Wagediff,Allow_arrears, Ot_arrears,Invalid,Ticket_no, Dept_Name, Comp_ticket_no
34,BLUE DART EXP.LTD.(UFO),31-08-23,4412,AKASH  SUDHIR  JADHAV,24,4,,1,,,1,,,,,,,,,,,,,,,,SOLAPUR CITY,
34,BLUE DART EXP.LTD.(UFO),31-08-23,4499,AKSHAY  PANDHARINATH  KARANDE,24,4,1,,,,1,,,,,,,,,,,,,,,,PHALTAN,
34,BLUE DART EXP.LTD.(UFO),31-08-23,4500,AMOL  PANDURANG  DHERE,25,4,,,,,1,,,,,,,,,,,,,,,,PHALTAN,
34,BLUE DART EXP.LTD.(UFO),31-08-23,198,ANIS  SHAIKH,24,4,,1,,,1,,,,,,,,,,,,,,,202,SOLAPUR CITY,
34,BLUE DART EXP.LTD.(UFO),31-08-23,169,ASIF MEHEMOOD SHAIKH,25,4,,,,,1,,,,,,,,,,,,,,,173,AKLUJ,
34,BLUE DART EXP.LTD.(UFO),31-08-23,4461,AVINASH SIDRAM SWAMI,22,4,,3,,,1,,,,,,,,,,,,,,,,SOLAPUR CITY,
34,BLUE DART EXP.LTD.(UFO),31-08-23,4227,AYUB  YUSUF  PATEL,24,4,,1,,,1,,,,,,,,,,,,,,,,PHALTAN,
34,BLUE DART EXP.LTD.(UFO),31-08-23,234,BALRAJ  DASRI,23,4,,2,,,1,,,,,,,,,,,,,,,238,SOLAPUR CITY,
34,BLUE DART EXP.LTD.(UFO),31-08-23,172,BHUSHAN  KHUNTE,24,4,1,,,,1,,,,,,,,,,,,,,,176,LONAND,
34,BLUE DART EXP.LTD.(UFO),31-08-23,4211,GANESH MUKUND MANE,22,4,,3,,,1,,,,,,,,,,,,,,,,TEST 1,
34,BLUE DART EXP.LTD.(UFO),31-08-23,4413,HARIPRASAD  VASUDEO  ADAKI,24,4,,1,,,1,,,,,,,,,,,,,,,,SOLAPUR CITY,
34,BLUE DART EXP.LTD.(UFO),31-08-23,4414,ISHWAR  BASAVARAJ  MATHAPATI,24,4,1,,,,1,,,,,,,,,,,,,,,,SOLAPUR CITY,
34,BLUE DART EXP.LTD.(UFO),31-08-23,4502,KALPESH  PANDURANG  KAMBLE,23,4,2,,,,1,,,,,,,,,,,,,,,,PHALTAN,
34,BLUE DART EXP.LTD.(UFO),31-08-23,195,MAHADEV  MAGARUMKHANE,25,4,,,,,1,,,,,,,,,,,,,,,199,SOLAPUR CITY,
34,BLUE DART EXP.LTD.(UFO),31-08-23,343,MAHBOOB  AIROGI,23,4,,2,,,1,,,,,,,,,,,,,,,347,SOLAPUR CITY,
34,BLUE DART EXP.LTD.(UFO),31-08-23,173,MAHESH  LANDGE,9,1,20,,,,,,,,,,,,,,,,,,,177,LATUR,
34,BLUE DART EXP.LTD.(UFO),31-08-23,193,MAULASAB  DHAKANI,22,4,,3,,,1,,,,,,,,,,,,,,,197,SOLAPUR CITY,
34,BLUE DART EXP.LTD.(UFO),31-08-23,4231,MD ZIYAUDDIN  ASIF ALI  LALKOT,24,4,,1,,,1,,,,,,,,,,,,,,,,SOLAPUR CITY,
34,BLUE DART EXP.LTD.(UFO),31-08-23,190,MOHSIN MAHIBOOB BENGLURU,19,3,1,6,,,1,,,,,,,,,,,,,,,194,SOLAPUR CITY,
34,BLUE DART EXP.LTD.(UFO),31-08-23,4212,NANDU - UPADE,24,4,1,,,,1,,,,,,,,,,,,,,,,XLPE,
34,BLUE DART EXP.LTD.(UFO),31-08-23,341,OMKAR  GADADE,24,4,,1,,,1,,,,,,,,,,,,,,,345,IT SAGAR,
34,BLUE DART EXP.LTD.(UFO),31-08-23,4525,OMKAR BHARAT SURAVASE,25,4,,,,,1,,,,,,,,,,,,,,,,LATUR,
34,BLUE DART EXP.LTD.(UFO),31-08-23,4416,PRASHANT  DATTATRAYA  BANDA,23,4,,2,,,1,,,,,,,,,,,,,,,,SOLAPUR CITY,
34,BLUE DART EXP.LTD.(UFO),31-08-23,4417,RANJEET BHAUSAHEB THANKE,24,4,,1,,,1,,,,,,,,,,,,,,,,PHALTAN,
34,BLUE DART EXP.LTD.(UFO),31-08-23,4501,RAVINDRA  POPAT  ABDAGIRE,24,4,,1,,,1,,,,,,,,,,,,,,,,PHALTAN,
34,BLUE DART EXP.LTD.(UFO),31-08-23,4229,SACHIN  ASHOK  SHIRSAT,23,4,,2,,,1,,,,,,,,,,,,,,,,AKLUJ,
34,BLUE DART EXP.LTD.(UFO),31-08-23,192,SALIM  PATEL,24,4,,1,,,1,,,,,,,,,,,,,,,196,SOLAPUR CITY,
34,BLUE DART EXP.LTD.(UFO),31-08-23,194,SANTOSH  INDAPURE,22,4,3,,,,1,,,,,,,,,,,,,,,198,SOLAPUR CITY,
34,BLUE DART EXP.LTD.(UFO),31-08-23,4214,SANTOSH - MULJE,23,4,,2,,,1,,,,,,,,,,,,,,,,XLPE,
34,BLUE DART EXP.LTD.(UFO),31-08-23,273,SHANTKUMAR  SOMSHETTY,22,4,3,,,,1,,,,,,,,,,,,,,,277,SOLAPUR CITY,
34,BLUE DART EXP.LTD.(UFO),31-08-23,174,SHARAD  BAGAL,21,4,4,,,,1,,,,,,,,,,,,,,,178,LATUR,
34,BLUE DART EXP.LTD.(UFO),31-08-23,4232,SHARANBASAPPA  BASAVRAJ KUMBAR,9,1,,,,,,,,,,,,,,,,,,,,,SOLAPUR CITY,
34,BLUE DART EXP.LTD.(UFO),31-08-23,4489,SHIRISHKUMAR  GANESH  LAVAND,24,4,,1,,,1,,,,,,,,,,,,,,,,PHALTAN,
34,BLUE DART EXP.LTD.(UFO),31-08-23,342,SHIVRAJ  SWAMI,25,4,,,,,1,,,,,,,,,,,,,,,346,SOLAPUR CITY,
34,BLUE DART EXP.LTD.(UFO),31-08-23,176,SOPAN  KOMATWAD,22,4,3,,,,1,,,,,,,,,,,,,,,180,LATUR,
34,BLUE DART EXP.LTD.(UFO),31-08-23,197,SUNIL  HALKATTI,24,4,1,,,,1,,,,,,,,,,,,,,,201,SOLAPUR CITY,
34,BLUE DART EXP.LTD.(UFO),31-08-23,233,TANJIL TALIB DHALE,24,4,,1,,,1,,,,,,,,,,,,,,,237,SOLAPUR CITY,
34,BLUE DART EXP.LTD.(UFO),31-08-23,175,VIKAS  KATHARE,25,4,,,,,1,,,,,,,,,,,,,,,179,LATUR,
34,BLUE DART EXP.LTD.(UFO),31-08-23,344,VINAYAK A KERE,24,4,,1,,,1,,,,,,,,,,,,,,,348,SOLAPUR CITY,
34,BLUE DART EXP.LTD.(UFO),31-08-23,4215,VINOD - KAMBLE,12,2,,,,,,,,,,,,,,,,,,,,,XLPE,
34,BLUE DART EXP.LTD.(UFO),31-08-23,185,VISHAL MOHAN GOSAVI,25,4,,,,,1,,,,,,,,,,,,,,,189,PHALTAN,
34,BLUE DART EXP.LTD.(UFO),31-08-23,4479,YASH - PAWAR,25,4,,,,,1,,,,,,,,,,,,,,,,PHALTAN,
34,BLUE DART EXP.LTD.(UFO),31-08-23,200,YASHWANT  BATAGERI,22,4,,3,,,1,,,,,,,,,,,,,,,204,SOLAPUR CITY,
