 Client_id ,Client_name,Sal_month, Emp_id,Employee_NAME,Present,Weeklyoff,  Absent,Pl,Cl,Sl , Paidholiday,Additional, Othours, Nightshifts,Incometax,Canteen,Extra_inc1, Extra_inc2,Leave_encash,Extra_ded1,Extra_ded2, Wagediff,Allow_arrears, Ot_arrears,Invalid,Ticket_no, Dept_Name, Comp_ticket_no
26,"BLUE DART EXPRESS LTD.,PUNE",30-11-23,128,ABHISHEK MAHENDRA ADSUL,26,4,,,,,,,,,,,,,,,,,,,,132,SWH,
26,"BLUE DART EXPRESS LTD.,PUNE",30-11-23,279,ADITYA NITIN GAIKWAD,21,4,5,,,,,,,,,,,,,,,,,,,283,PWH,
26,"BLUE DART EXPRESS LTD.,PUNE",30-11-23,4224,AJAY ANGAD KUCHEKAR,26,4,,,,,,,,,,,,,,,,,,,,,SWH,
26,"BLUE DART EXPRESS LTD.,PUNE",30-11-23,123,AKASH PRALHAD SASANE,24,4,2,,,,,,,,,,,,,,,,,,,127,HJW,
26,"BLUE DART EXPRESS LTD.,PUNE",30-11-23,240,AKSHAY  PAWAR,25,4,,1,,,,,,,,,,,,,,,,,,244,PWH,
26,"BLUE DART EXPRESS LTD.,PUNE",30-11-23,159,AMOL RATAN SAWANTFULE,24,4,,2,,,,,,,,,,,,,,,,,,163,HJW,
26,"BLUE DART EXPRESS LTD.,PUNE",30-11-23,96,AMOL SHIVAJI JONDHALKAR,24,4,,2,,,,,,,,,,,,,,,,,,100,PWH,
26,"BLUE DART EXPRESS LTD.,PUNE",30-11-23,105,ASHISH VASANT KOKAMKAR,25,4,1,,,,,,,,,,,,,,,,,,,109,SWH,
26,"BLUE DART EXPRESS LTD.,PUNE",30-11-23,20,ATISH SHIVAJI KUCHEKAR,22,4,,4,,,,,,,,,,,,,,,,,,24,PWH,
26,"BLUE DART EXPRESS LTD.,PUNE",30-11-23,219,ATUL  MORE,25,4,,1,,,,,,,,,,,,,,,,,,223,MCW,
26,"BLUE DART EXPRESS LTD.,PUNE",30-11-23,139,BALAJI RUKMAJI WAGHMARE,21,3,6,,,,,,,,,,,,,,,,,,,143,HJW,
26,"BLUE DART EXPRESS LTD.,PUNE",30-11-23,4667,GANESH - MANE,,,,,,,,,,,,,,,,,,,,,,,SOLAPUR CITY,
26,"BLUE DART EXPRESS LTD.,PUNE",30-11-23,4538,HARSH - GAIKWAD,21,4,5,,,,,,,,,,,,,,,,,,,,VEC,
26,"BLUE DART EXPRESS LTD.,PUNE",30-11-23,4565,HARSHAD - JADHAV,26,4,,,,,,,,,,,,,,,,,,,,,HJW,
26,"BLUE DART EXPRESS LTD.,PUNE",30-11-23,275,KISHOR  KOLI,26,4,,,,,,,,,,,,,,,,,,,,279,MCW,
26,"BLUE DART EXPRESS LTD.,PUNE",30-11-23,220,MAHESH  WAGHMARE,26,4,,,,,,,,,,,,,,,,,,,,224,SWH,
26,"BLUE DART EXPRESS LTD.,PUNE",30-11-23,17,MUNIR RAHIMUDDIN KHAN,26,4,,,,,,,,,,,,,,,,,,,,21,PWH,
26,"BLUE DART EXPRESS LTD.,PUNE",30-11-23,338,NAGESH  KAMBLE,21,3,6,,,,,,,,,,,,,,,,,,,342,PWH,
26,"BLUE DART EXPRESS LTD.,PUNE",30-11-23,4409,NARESH BALRAJ PEDDARAJULA,,,,,,,,,,,,,,,,,,,,,,,SSC,
26,"BLUE DART EXPRESS LTD.,PUNE",30-11-23,4216,NAVNATH  VIJAY  SURYWANSHI,23,4,,2,,1,,,,,,,,,,,,,,,,,PWH,
26,"BLUE DART EXPRESS LTD.,PUNE",30-11-23,339,OMKAR  KAMBLE,25,4,1,,,,,,,,,,,,,,,,,,,343,PWH,
26,"BLUE DART EXPRESS LTD.,PUNE",30-11-23,4514,OMKAR  SHIVAJI NAMWAD ,8,1,,,,,,,,,,,,,,,,,,,,,HJW,
26,"BLUE DART EXPRESS LTD.,PUNE",30-11-23,4217,PRAJWAL BHARAT MORE,26,4,,,,,,,,,,,,,,,,,,,,,PWH,
26,"BLUE DART EXPRESS LTD.,PUNE",30-11-23,4496,PRAMOD TUKARAM RANPISE,24,4,,2,,,,,,,,,,,,,,,,,,,PWH,
26,"BLUE DART EXPRESS LTD.,PUNE",30-11-23,326,PRASHANT  PAIKRAO,8,1,,,,,,,,,,,,,,,,,,,,330,MCW,
26,"BLUE DART EXPRESS LTD.,PUNE",30-11-23,324,PRAVIN  NIMBHORE,26,4,,,,,,,,,,,,,,,,,,,,328,SWH,
26,"BLUE DART EXPRESS LTD.,PUNE",30-11-23,4614,RAHUL - MASANE,21,3,4,2,,,,,,,,,,,,,,,,,,,PWH,
26,"BLUE DART EXPRESS LTD.,PUNE",30-11-23,138,RAHUL RAVINDRA KHARADE,24,4,2,,,2,,,,,,,,,,,,,,,,142,SWH,
26,"BLUE DART EXPRESS LTD.,PUNE",30-11-23,45,RAVINDRA GOVIND BIRADAR,24,4,,2,,,,,,,,,,,,,,,,,,49,MCW,
26,"BLUE DART EXPRESS LTD.,PUNE",30-11-23,151,RUSHIKESH  THORAT,24,4,,,,2,,,,,,,,,,,,,,,,155,PWH,
26,"BLUE DART EXPRESS LTD.,PUNE",30-11-23,148,SAGAR UMESH KADAM,26,4,,,,,,,,,,,,,,,,,,,,152,SWH,
26,"BLUE DART EXPRESS LTD.,PUNE",30-11-23,336,SAHIL  MANE,26,4,,,,,,,,,,,,,,,,,,,,340,SWH,
26,"BLUE DART EXPRESS LTD.,PUNE",30-11-23,113,SANGHRASH DINESH SALVE,26,4,,,,,,,,,,,,,,,,,,,,117,PWH,
26,"BLUE DART EXPRESS LTD.,PUNE",30-11-23,4220,SANNI BAPU JADHAV,24,4,2,,,,,,,,,,,,,,,,,,,,PWH,
26,"BLUE DART EXPRESS LTD.,PUNE",30-11-23,15,SANTOSH HARISHCHANDRA BACCHIRE,26,4,,,,,,,,,,,,,,,,,,,,19,PWH,
26,"BLUE DART EXPRESS LTD.,PUNE",30-11-23,116,SHADAB RASUL SHAIKH,24,4,2,,,,,,,,,,,,,,,,,,,120,PWH,
26,"BLUE DART EXPRESS LTD.,PUNE",30-11-23,140,SHESHERAO GUNAJI WAGHMARE,24,4,,2,,,,,,,,,,,,,,,,,,144,HJW,
26,"BLUE DART EXPRESS LTD.,PUNE",30-11-23,332,SOHEL  SHAIKH,24,4,2,,,,,,,,,,,,,,,,,,,336,SWH,
26,"BLUE DART EXPRESS LTD.,PUNE",30-11-23,16,SUNIL HARISHCHANDRA KUSALKAR,24,4,,2,,,,,,,,,,,,,,,,,,20,PWH,
26,"BLUE DART EXPRESS LTD.,PUNE",30-11-23,4459,SUYASH VINAYAK BHOSALE,25,4,1,,,,,,,,,,,,,,,,,,,,SSC,
26,"BLUE DART EXPRESS LTD.,PUNE",30-11-23,4475,SWAPNIL KRISHNAT KAMBLE,25,4,,,,1,,,,,,,,,,,,,,,,,PWH,
26,"BLUE DART EXPRESS LTD.,PUNE",30-11-23,4221,TATHAGAT  VITTAL  GAILKWAD,26,4,,,,,,,,,,,,,,,,,,,,,PWH,
26,"BLUE DART EXPRESS LTD.,PUNE",30-11-23,232,TUSHAR  RASAL,26,4,,,,,,,,,,,,,,,,,,,,236,HJW,
26,"BLUE DART EXPRESS LTD.,PUNE",30-11-23,10,TUSHAR ARVIND SHETE,26,4,,,,,,,,,,,,,,,,,,,,14,HJW,
26,"BLUE DART EXPRESS LTD.,PUNE",30-11-23,82,VINOD LAHU RAJIWADE,26,4,,,,,,,,,,,,,,,,,,,,86,SWH,
26,"BLUE DART EXPRESS LTD.,PUNE",30-11-23,66,VINOD VILAS BHOSALE,25,4,,,,1,,,,,,,,,,,,,,,,70,PWH,
26,"BLUE DART EXPRESS LTD.,PUNE",30-11-23,335,VISHAL  LONDHE,26,4,,,,,,,,,,,,,,,,,,,,339,SWH,
26,"BLUE DART EXPRESS LTD.,PUNE",30-11-23,4226,VISHAL BALU WAGHMARE,21,3,6,,,,,,,,,,,,,,,,,,,4226,SWH,
26,"BLUE DART EXPRESS LTD.,PUNE",30-11-23,81,VISHAL KONDIBA DHAVALE,22,4,1,,,3,,,,,,,,,,,,,,,,85,SWH,
26,"BLUE DART EXPRESS LTD.,PUNE",30-11-23,19,VISHAL SUNIL VITKAR,24,4,2,,,,,,,,,,,,,,,,,,,23,PWH,
26,"BLUE DART EXPRESS LTD.,PUNE",30-11-23,70,VISHANT BIMBISAR TRIBHUVAN,26,4,,,,,,,,,,,,,,,,,,,,74,MCW,
