 Client_id ,Client_name,Sal_month, Emp_id,Employee_NAME,Present,Weeklyoff,  Absent,Pl,Cl,Sl , Paidholiday,Additional, Othours, Nightshifts,Incometax,Canteen,Extra_inc1, Extra_inc2,Leave_encash,Extra_ded1,Extra_ded2, Wagediff,Allow_arrears, Ot_arrears,Invalid,Ticket_no, Dept_Name, Comp_ticket_no
34,BLUE DART EXP.LTD.(UFO),31-10-2023,4616,AJAY - JADHAV,22,5,1,,,,2,,,,,,,,,,,,,,,,LATUR,
34,BLUE DART EXP.LTD.(UFO),31-10-2023,4412,AKASH  SUDHIR  JADHAV,21,5,,2,,,2,,,,,,,,,,,,,,,,SOLAPUR CITY,
34,BLUE DART EXP.LTD.(UFO),31-10-2023,4566,AMAR - BHISE,19,5,4,,,,2,,,,,,,,,,,,,,,,LONAND,
34,BLUE DART EXP.LTD.(UFO),31-10-2023,4500,AMOL  PANDURANG  DHERE,,,,,,,,,,,,,,,,,,,,,,,PHALTAN,
34,BLUE DART EXP.LTD.(UFO),31-10-2023,4567,ANAND - JADHAV,4,1,,,,,1,,,,,,,,,,,,,,,,LATUR,
34,BLUE DART EXP.LTD.(UFO),31-10-2023,198,ANIS  SHAIKH,23,5,,,,,2,,,,,,,,,,,,,,,202,SOLAPUR CITY,
34,BLUE DART EXP.LTD.(UFO),31-10-2023,4617,ARJUN - SUNAPE,23,5,,,,,2,,,,,,,,,,,,,,,,LATUR,
34,BLUE DART EXP.LTD.(UFO),31-10-2023,169,ASIF MEHEMOOD SHAIKH,23,5,,,,,2,,,,,,,,,,,,,,,173,AKLUJ,
34,BLUE DART EXP.LTD.(UFO),31-10-2023,4461,AVINASH SIDRAM SWAMI,23,5,,,,,2,,,,,,,,,,,,,,,,SOLAPUR CITY,
34,BLUE DART EXP.LTD.(UFO),31-10-2023,4227,AYUB  YUSUF  PATEL,23,5,,,,,2,,,,,,,,,,,,,,,,PHALTAN,
34,BLUE DART EXP.LTD.(UFO),31-10-2023,4618,BALAJI - SOMVANSHI,23,5,,,,,2,,,,,,,,,,,,,,,,LATUR,
34,BLUE DART EXP.LTD.(UFO),31-10-2023,234,BALRAJ  DASRI,,,,,,,,,,,,,,,,,,,,,,238,SOLAPUR CITY,
34,BLUE DART EXP.LTD.(UFO),31-10-2023,172,BHUSHAN  KHUNTE,1,1,,,,,1,,,,,,,,,,,,,,,176,LONAND,
34,BLUE DART EXP.LTD.(UFO),31-10-2023,4568,DINESH - PARDESHI,21,5,,2,,,2,,,,,,,,,,,,,,,,LATUR,
34,BLUE DART EXP.LTD.(UFO),31-10-2023,4211,GANESH MUKUND MANE,,,,,,,,,,,,,,,,,,,,,,,TEST 1,
34,BLUE DART EXP.LTD.(UFO),31-10-2023,4413,HARIPRASAD  VASUDEO  ADAKI,23,5,,,,,2,,,,,,,,,,,,,,,,SOLAPUR CITY,
34,BLUE DART EXP.LTD.(UFO),31-10-2023,4414,ISHWAR  BASAVARAJ  MATHAPATI,22,5,,1,,,2,,,,,,,,,,,,,,,,SOLAPUR CITY,
34,BLUE DART EXP.LTD.(UFO),31-10-2023,4502,KALPESH  PANDURANG  KAMBLE,23,5,,,,,2,,,,,,,,,,,,,,,,PHALTAN,
34,BLUE DART EXP.LTD.(UFO),31-10-2023,4619,KEDAR - SALUNKE,8,2,,,,,1,,,,,,,,,,,,,,,,PHALTAN,
34,BLUE DART EXP.LTD.(UFO),31-10-2023,195,MAHADEV  MAGARUMKHANE,23,5,,,,,2,,,,,,,,,,,,,,,199,SOLAPUR CITY,
34,BLUE DART EXP.LTD.(UFO),31-10-2023,343,MAHBOOB  AIROGI,22,5,,1,,,2,,,,,,,,,,,,,,,347,SOLAPUR CITY,
34,BLUE DART EXP.LTD.(UFO),31-10-2023,173,MAHESH  LANDGE,22,5,,1,,,2,,,,,,,,,,,,,,,177,LATUR,
34,BLUE DART EXP.LTD.(UFO),31-10-2023,193,MAULASAB  DHAKANI,22,5,,1,,,2,,,,,,,,,,,,,,,197,SOLAPUR CITY,
34,BLUE DART EXP.LTD.(UFO),31-10-2023,4231,MD ZIYAUDDIN  ASIF ALI  LALKOT,22,5,,1,,,2,,,,,,,,,,,,,,,,SOLAPUR CITY,
34,BLUE DART EXP.LTD.(UFO),31-10-2023,190,MOHSIN MAHIBOOB BENGLURU,22,5,,1,,,2,,,,,,,,,,,,,,,194,SOLAPUR CITY,
34,BLUE DART EXP.LTD.(UFO),31-10-2023,4212,NANDU - UPADE,21,5,,2,,,2,,,,,,,,,,,,,,,,XLPE,
34,BLUE DART EXP.LTD.(UFO),31-10-2023,341,OMKAR  GADADE,23,5,,,,,2,,,,,,,,,,,,,,,345,IT SAGAR,
34,BLUE DART EXP.LTD.(UFO),31-10-2023,4525,OMKAR BHARAT SURAVASE,21,5,2,,,,2,,,,,,,,,,,,,,,,LATUR,
34,BLUE DART EXP.LTD.(UFO),31-10-2023,4416,PRASHANT  DATTATRAYA  BANDA,23,5,,,,,2,,,,,,,,,,,,,,,,SOLAPUR CITY,
34,BLUE DART EXP.LTD.(UFO),31-10-2023,4620,PRAVIN - SWAMI,23,5,,,,,2,,,,,,,,,,,,,,,,SOLAPUR CITY,
34,BLUE DART EXP.LTD.(UFO),31-10-2023,4417,RANJEET BHAUSAHEB THANKE,23,5,,,,,2,,,,,,,,,,,,,,,,PHALTAN,
34,BLUE DART EXP.LTD.(UFO),31-10-2023,4501,RAVINDRA  POPAT  ABDAGIRE,23,5,,,,,2,,,,,,,,,,,,,,,,PHALTAN,
34,BLUE DART EXP.LTD.(UFO),31-10-2023,4569,ROHIT - KHUNTE,21,5,2,,,,2,,,,,,,,,,,,,,,,LONAND,
34,BLUE DART EXP.LTD.(UFO),31-10-2023,4229,SACHIN  ASHOK  SHIRSAT,22,5,,1,,,2,,,,,,,,,,,,,,,,AKLUJ,
34,BLUE DART EXP.LTD.(UFO),31-10-2023,192,SALIM  PATEL,23,5,,,,,2,,,,,,,,,,,,,,,196,SOLAPUR CITY,
34,BLUE DART EXP.LTD.(UFO),31-10-2023,194,SANTOSH  INDAPURE,21,5,,2,,,2,,,,,,,,,,,,,,,198,SOLAPUR CITY,
34,BLUE DART EXP.LTD.(UFO),31-10-2023,4214,SANTOSH - MULJE,23,5,,,,,2,,,,,,,,,,,,,,,,XLPE,
34,BLUE DART EXP.LTD.(UFO),31-10-2023,273,SHANTKUMAR  SOMSHETTY,18,5,1,4,,,2,,,,,,,,,,,,,,,277,SOLAPUR CITY,
34,BLUE DART EXP.LTD.(UFO),31-10-2023,174,SHARAD  BAGAL,21,5,,2,,,2,,,,,,,,,,,,,,,178,LATUR,
34,BLUE DART EXP.LTD.(UFO),31-10-2023,4489,SHIRISHKUMAR  GANESH  LAVAND,23,5,,,,,2,,,,,,,,,,,,,,,,PHALTAN,
34,BLUE DART EXP.LTD.(UFO),31-10-2023,342,SHIVRAJ  SWAMI,23,5,,,,,2,,,,,,,,,,,,,,,346,SOLAPUR CITY,
34,BLUE DART EXP.LTD.(UFO),31-10-2023,176,SOPAN  KOMATWAD,23,5,,,,,2,,,,,,,,,,,,,,,180,LATUR,
34,BLUE DART EXP.LTD.(UFO),31-10-2023,197,SUNIL  HALKATTI,23,5,,,,,2,,,,,,,,,,,,,,,201,SOLAPUR CITY,
34,BLUE DART EXP.LTD.(UFO),31-10-2023,233,TANJIL TALIB DHALE,23,5,,,,,2,,,,,,,,,,,,,,,237,SOLAPUR CITY,
34,BLUE DART EXP.LTD.(UFO),31-10-2023,175,VIKAS  KATHARE,22,5,,1,,,2,,,,,,,,,,,,,,,179,LATUR,
34,BLUE DART EXP.LTD.(UFO),31-10-2023,344,VINAYAK A KERE,23,5,,,,,2,,,,,,,,,,,,,,,348,SOLAPUR CITY,
34,BLUE DART EXP.LTD.(UFO),31-10-2023,185,VISHAL MOHAN GOSAVI,23,5,,,,,2,,,,,,,,,,,,,,,189,PHALTAN,
34,BLUE DART EXP.LTD.(UFO),31-10-2023,4479,YASH - PAWAR,5,1,,,,,1,,,,,,,,,,,,,,,,PHALTAN,
34,BLUE DART EXP.LTD.(UFO),31-10-2023,200,YASHWANT  BATAGERI,23,5,,,,,2,,,,,,,,,,,,,,,204,SOLAPUR CITY,
