 Client_id ,Client_name,Sal_month, Emp_id,Employee_NAME,Present,Weeklyoff,  Absent,Pl,Cl,Sl, Paidholiday,Additional,Othours, Nightshifts,Incometax,Canteen,Extra_inc1, Extra_inc2,Leave_encash,Extra_ded1,Extra_ded2, Wagediff,Allow_arrears, Ot_arrears,Invalid,Ticket_no, Dept_Name, Comp_ticket_no
9,"BLUE DART EXPRESS LTD.,",30-11-2023,2502,ABHIJEET NANDAKUMAR GAWARE,24,4,,2,,,,,,,,,,,,,,,,,,2156,TWH,
9,"BLUE DART EXPRESS LTD.,",30-11-2023,4165,ABHIJIT JAGANNATH PISAL,26,4,,,,,,,,,,,,,,,,,,,,3819,SATARA,
9,"BLUE DART EXPRESS LTD.,",30-11-2023,4169,ABHISHEK GANESH SAKAT,24,4,2,,,,,,,,,,,,,,,,,,,3823,WGH,
9,"BLUE DART EXPRESS LTD.,",30-11-2023,4040,ADITYA ASHOK PATOLE,25,4,,,,,,1,,,,,,,,,,,,,,3694,SHRIGONDA,
9,"BLUE DART EXPRESS LTD.,",30-11-2023,4301,AKASH  BHAGWAT CHATE,26,4,,,,,,,,,,,,,,,,,,,,4404,BRN,
9,"BLUE DART EXPRESS LTD.,",30-11-2023,4177,AKASH DATTATRAY CHANDANE,,,,,,,,,,,,,,,,,,,,,,3831,MARKETYARD,
9,"BLUE DART EXPRESS LTD.,",30-11-2023,4371,AKASH DILIP SURYAWANSHI,20,4,6,,,,,,,,,,,,,,,,,,,4429,PCH,
9,"BLUE DART EXPRESS LTD.,",30-11-2023,4027,AKASH GANPAT THAKAR,24,4,,1,,,,1,,,,,,,,,,,,,,3681,PUB/OB,
9,"BLUE DART EXPRESS LTD.,",30-11-2023,4526,AKASH PRAKASH DIXIT,22,4,,1,,,,3,,,,,,,,,,,,,,,KHW,
9,"BLUE DART EXPRESS LTD.,",30-11-2023,4171,AKASH PRAKASH PARADHI,26,4,,,,,,,,,,,,,,,,,,,,3825,TWH,
9,"BLUE DART EXPRESS LTD.,",30-11-2023,4378,AKBAR SHARPPODIN SHAIKH,26,4,,,,,,,,,,,,,,,,,,,,4434,ELECTRONICA,
9,"BLUE DART EXPRESS LTD.,",30-11-2023,3667,AKIB ABDUL SALIM SHAIKH,26,4,,,,,,,,,,,,,,,,,,,,3321,MARKETYARD,
9,"BLUE DART EXPRESS LTD.,",30-11-2023,4505,AKIF  ARIF KHAN,26,4,,,,,,,,,,,,,,,,,,,,,SID,
9,"BLUE DART EXPRESS LTD.,",30-11-2023,4623,AKSHAY  - PAWAL,,,,,,,,,,,,,,,,,,,,,,,BRN,
9,"BLUE DART EXPRESS LTD.,",30-11-2023,4622,AKSHAY  AMBADAS  JOGADNAKAR,26,4,,,,,,,,,,,,,,,,,,,,,BRN,
9,"BLUE DART EXPRESS LTD.,",30-11-2023,4234,ALTAF ASIF SHAIKH,26,4,,,,,,,,,,,,,,,,,,,,4389,BRG,
9,"BLUE DART EXPRESS LTD.,",30-11-2023,4571,AMAR - WALMIKI,3,,,,,,,,,,,,,,,,,,,,,,TWH,
9,"BLUE DART EXPRESS LTD.,",30-11-2023,3491,AMIR FIROJ KILLEDAR,24,4,,,,,,2,,,,,,,,,,,,,,3145,KHW,
9,"BLUE DART EXPRESS LTD.,",30-11-2023,4078,AMIT RAMESH SAWALE,24,4,,2,,,,,,,,,,,,,,,,,,3732,TWH,
9,"BLUE DART EXPRESS LTD.,",30-11-2023,3898,AMIT VIJAY JAGDALE,25,4,,1,,,,,,,,,,,,,,,,,,3552,TWH,
9,"BLUE DART EXPRESS LTD.,",30-11-2023,4293,AMOL  ANNAPPA  TELVEKAR,26,4,,,,,,,,,,,,,,,,,,,,4396,BRN,
9,"BLUE DART EXPRESS LTD.,",30-11-2023,2836,AMOL RAJENDRA KADAM,26,4,,,,,,,,,,,,,,,,,,,,2490,SATARA,
9,"BLUE DART EXPRESS LTD.,",30-11-2023,4490,ANAGHA ANISH SHERAMKAR,23,4,3,,,,,,,,,,,,,,,,,,,,SGV,
9,"BLUE DART EXPRESS LTD.,",30-11-2023,3523,ANANDA RUKMAJI WAGHMARE,22,4,,,,,4,,,,,,,,,,,,,,,3177,PUB/OB,
9,"BLUE DART EXPRESS LTD.,",30-11-2023,3458,ANANTA CHINDHU DHORE,10,2,16,2,,,,,,,,,,,,,,,,,,3112,TWH,
9,"BLUE DART EXPRESS LTD.,",30-11-2023,4308,ANIL  MADHUKAR CHAVAN,26,4,,,,,,,,,,,,,,,,,,,,4408,SAA,
9,"BLUE DART EXPRESS LTD.,",30-11-2023,3000,ANIL GORAKHNATH KEMSE,26,4,,,,,,,,,,,,,,,,,,,,2654,EDP,
9,"BLUE DART EXPRESS LTD.,",30-11-2023,3649,ANIL MOHAN DUMBARE,26,4,,,,,,,,,,,,,,,,,,,,3303,SKODA-VW CHAKAN,
9,"BLUE DART EXPRESS LTD.,",30-11-2023,4377,ARVIND  PANDURANG  KUMBHAR,20,4,6,,,,,,,,,,,,,,,,,,,4433,TWH,
9,"BLUE DART EXPRESS LTD.,",30-11-2023,3793,ASHISH SINGH MAHINDRAPAL BHATTI,23,3,4,,,,,,,,,,,,,,,,,,,3447,SANGVI,
9,"BLUE DART EXPRESS LTD.,",30-11-2023,4439,ASHOK KISHOR SHINDE,26,4,,,,,,,,,,,,,,,,,,,,4439,BRN,
9,"BLUE DART EXPRESS LTD.,",30-11-2023,3328,ASHOK VAIJINATH LONDHE,25,4,,1,,,,,,,,,,,,,,,,,,2982,LORREL CHAKAN,
9,"BLUE DART EXPRESS LTD.,",30-11-2023,4309,ATUL  DILIP  DHONDAWAD,26,4,,,,,,,,,,,,,,,,,,,,4409,BRN,
9,"BLUE DART EXPRESS LTD.,",30-11-2023,4178,AVINASH DATTATRAY CHANDANE,26,4,,,,,,,,,,,,,,,,,,,,3832,MARKETYARD,
9,"BLUE DART EXPRESS LTD.,",30-11-2023,2887,BAPU KALYAN THORAT,23,4,3,,,,,,,,,,,,,,,,,,,2541,PUB/OB,
9,"BLUE DART EXPRESS LTD.,",30-11-2023,2654,BHARAT CHANDRAKANT SHINDE,26,4,,,,,,,,,,,,,,,,,,,,2308,LORREL CHAKAN,
9,"BLUE DART EXPRESS LTD.,",30-11-2023,2686,BHARAT RAGHU KOTWAL,26,4,,,,,,,,,,,,,,,,,,,,2340,LORREL CHAKAN,
9,"BLUE DART EXPRESS LTD.,",30-11-2023,4131,BHARATI CHANDRAKANT PANDIT,25,4,,1,,,,,,,,,,,,,,,,,,3785,HDP,
9,"BLUE DART EXPRESS LTD.,",30-11-2023,4527,DASHRATH  SAMPAT BHORDE ,26,4,,,,,,,,,,,,,,,,,,,,,PVT,
9,"BLUE DART EXPRESS LTD.,",30-11-2023,4506,DAYANAND VITTHAL KALWALE,20,3,4,2,,,,,,,,,,,,,,,,,,,PCH,
9,"BLUE DART EXPRESS LTD.,",30-11-2023,4573,DEEPAK  - THAKAR,26,4,,,,,,,,,,,,,,,,,,,,,PUB,
9,"BLUE DART EXPRESS LTD.,",30-11-2023,4624,GANESH  ANANDRAO  JADHAV,20,4,6,,,,,,,,,,,,,,,,,,,,BRN,
9,"BLUE DART EXPRESS LTD.,",30-11-2023,2525,GANESH ANNA CHOBHE,25,4,,1,,,,,,,,,,,,,,,,,,2179,VIMANNAGAR,
9,"BLUE DART EXPRESS LTD.,",30-11-2023,2476,GANESH CHANDRAKANT TILEKAR,25,4,,1,,,,,,,,,,,,,,,,,,2130,SATARA,
9,"BLUE DART EXPRESS LTD.,",30-11-2023,3836,GANESH TANAJI GORE,22,4,,4,,,,,,,,,,,,,,,,,,3490,SAA,
9,"BLUE DART EXPRESS LTD.,",30-11-2023,4528,GAURAV  MAHENDRA MALI,5,1,,,,,,,,,,,,,,,,,,,,,SGV,
9,"BLUE DART EXPRESS LTD.,",30-11-2023,4173,GORAKSHNATH DILIP SATHE,26,4,,,,,,,,,,,,,,,,,,,,3827,BANER,
9,"BLUE DART EXPRESS LTD.,",30-11-2023,4541,GURUNATH  - SANGAR,22,4,,2,,,,2,,,,,,,,,,,,,,,KHW,
9,"BLUE DART EXPRESS LTD.,",30-11-2023,4440,HIMANSHU SHAILESH GARSUND,26,4,,,,,,,,,,,,,,,,,,,,4440,BRN,
9,"BLUE DART EXPRESS LTD.,",30-11-2023,2448,HITESH LALASO KHARADE,25,4,,1,,,,,,,,,,,,,,,,,,2102,SATARA,
9,"BLUE DART EXPRESS LTD.,",30-11-2023,4361,HRUSHIKESH  DEVIDAS  KULKARNI,23,4,3,,,,,,,,,,,,,,,,,,,4421,TWH,
9,"BLUE DART EXPRESS LTD.,",30-11-2023,4574,ISHWAR  - PARDESHI,22,4,1,2,,,,1,,,,,,,,,,,,,,,PUB,
9,"BLUE DART EXPRESS LTD.,",30-11-2023,4376,JAY  GANESH  CHAVAN,24,4,,2,,,,,,,,,,,,,,,,,,4432,TWH,
9,"BLUE DART EXPRESS LTD.,",30-11-2023,4625,KALIL  - BAGWAN,,,,,,,,,,,,,,,,,,,,,,,BRN,
9,"BLUE DART EXPRESS LTD.,",30-11-2023,3097,KALPESH BHIKU CHAVAN,26,4,,,,,,,,,,,,,,,,,,,,2751,PIMPRI,
9,"BLUE DART EXPRESS LTD.,",30-11-2023,4575,KARAN - MASKE,,,,,,,,,,,,,,,,,,,,,,,HNW,
9,"BLUE DART EXPRESS LTD.,",30-11-2023,4238,KARAN  PRAKASH  KAVADE,17,3,,10,,,,,,,,,,,,,,,,,,4392,HDP,
9,"BLUE DART EXPRESS LTD.,",30-11-2023,4302,KARAN  RAMESH CHAVAN,22,3,5,,,,,,,,,,,,,,,,,,,4405,BRN,
9,"BLUE DART EXPRESS LTD.,",30-11-2023,3906,KARAN SHIVAJI KUCHEKAR,23,4,,3,,,,,,,,,,,,,,,,,,3560,SANGVI,
9,"BLUE DART EXPRESS LTD.,",30-11-2023,4549,KIRAN  - NIKAM,22,4,4,,,,,,,,,,,,,,,,,,,,PMC,
9,"BLUE DART EXPRESS LTD.,",30-11-2023,1254,KISAN BABAN SHELAR,25,4,1,,,,,,,,,,,,,,,,,,,908,APEX/SFC,
9,"BLUE DART EXPRESS LTD.,",30-11-2023,4576,KISHAN - MOGARE,6,1,23,,,,,,,,,,,,,,,,,,,,HNW,
9,"BLUE DART EXPRESS LTD.,",30-11-2023,2812,KISHOR BABAN GAWADE,26,4,,,,,,,,,,,,,,,,,,,,2466,PUB/HUB,
9,"BLUE DART EXPRESS LTD.,",30-11-2023,3227,KISHOR RAJU CHOUGULE,25,4,,,,,,1,,,,,,,,,,,,,,2881,PUB/OB,
9,"BLUE DART EXPRESS LTD.,",30-11-2023,4240,KRISHNA  ASHOK GAIKWAD,26,4,,,,,,,,,,,,,,,,,,,,,HNW,
9,"BLUE DART EXPRESS LTD.,",30-11-2023,4174,KRISHNA ASHOK SURYAWANSHI,26,4,,,,,,,,,,,,,,,,,,,,3828,HADAPSAR,
9,"BLUE DART EXPRESS LTD.,",30-11-2023,4471,KUNAL  NITIN  KUMBHAR,26,4,,,,,,,,,,,,,,,,,,,,4451,HNW,
9,"BLUE DART EXPRESS LTD.,",30-11-2023,4158,KUNAL SUNIL  PILLAY,26,4,,,,,,,,,,,,,,,,,,,,3812,BUND GARDEN,
9,"BLUE DART EXPRESS LTD.,",30-11-2023,4314,MAHADEV  NANA SHINGATE,26,4,,,,,,,,,,,,,,,,,,,,4414,BRN,
9,"BLUE DART EXPRESS LTD.,",30-11-2023,4507,MAHARUDRA SHIVAJI GAVATE,24,4,2,,,,,,,,,,,,,,,,,,,,PCH,
9,"BLUE DART EXPRESS LTD.,",30-11-2023,4577,MAHESH - SATHE,20,3,7,,,,,,,,,,,,,,,,,,,,HNW,
9,"BLUE DART EXPRESS LTD.,",30-11-2023,4578,MANGESH - JADHAV,24,4,,,,,,2,,,,,,,,,,,,,,,PUB,
9,"BLUE DART EXPRESS LTD.,",30-11-2023,4544,MANISHA  - SOREKAR,,,,,,,,,,,,,,,,,,,,,,,CAH,
9,"BLUE DART EXPRESS LTD.,",30-11-2023,4058,MANOJ DNYANESHWAR SHINDE,25,4,,1,,,,,,,,,,,,,,,,,,3712,TWH,
9,"BLUE DART EXPRESS LTD.,",30-11-2023,3249,MARUTI BABULAL MUNGASE,23,4,,3,,,,,,,,,,,,,,,,,,2903,SKODA-VW CHAKAN,
9,"BLUE DART EXPRESS LTD.,",30-11-2023,3666,MATRUSHWAR BASAVRAJ DODMANI,18,3,,9,,,,,,,,,,,,,,,,,,3320,VIMANNAGAR,
9,"BLUE DART EXPRESS LTD.,",30-11-2023,4543,MAYUR  - SHETTY,20,4,6,,,,,,,,,,,,,,,,,,,,PMC,
9,"BLUE DART EXPRESS LTD.,",30-11-2023,4579,MOHAMMAD - AKIB,26,4,,,,,,,,,,,,,,,,,,,,,PUB,
9,"BLUE DART EXPRESS LTD.,",30-11-2023,4380,MOHD AZHAR ZAFAR AZHAR,24,4,2,,,,,,,,,,,,,,,,,,,4436,PCH,
9,"BLUE DART EXPRESS LTD.,",30-11-2023,3318,MUKINDA DATTU PATOLE,22,3,,5,,,,,,,,,,,,,,,,,,2972,VEC,
9,"BLUE DART EXPRESS LTD.,",30-11-2023,4580,NANDRAM - KEDAR,12,1,15,,,,2,,,,,,,,,,,,,,,,PUB,
9,"BLUE DART EXPRESS LTD.,",30-11-2023,4626,NAVNATH  SURESH  JADHAV,22,4,4,,,,,,,,,,,,,,,,,,,,BRN,
9,"BLUE DART EXPRESS LTD.,",30-11-2023,3060,NAVNATH ANANDA DHORE,25,4,,1,,,,,,,,,,,,,,,,,,2714,TWH,
9,"BLUE DART EXPRESS LTD.,",30-11-2023,2833,NAVNATH BAJRANG KURELEKAR,26,4,,,,,,,,,,,,,,,,,,,,2487,SATARA,
9,"BLUE DART EXPRESS LTD.,",30-11-2023,1770,NILESH KALURAM DUMBARE,25,4,,1,,,,,,,,,,,,,,,,,,1424,LORREL CHAKAN,
9,"BLUE DART EXPRESS LTD.,",30-11-2023,3121,NILESH NARAYAN KAJALE,24,4,,2,,,,,,,,,,,,,,,,,,2775,GENRAL MOTORS,
9,"BLUE DART EXPRESS LTD.,",30-11-2023,2810,NILESH VASANTRAO JAGDALE,26,4,,,,,,,,,,,,,,,,,,,,2464,KHW,
9,"BLUE DART EXPRESS LTD.,",30-11-2023,4294,NITESH  NISHANT  MANDLIK,26,4,,,,,,,,,,,,,,,,,,,,4397,KHW,
9,"BLUE DART EXPRESS LTD.,",30-11-2023,3505,NITESH DIPAK AWAGHADE,24,4,,2,,,,,,,,,,,,,,,,,,3159,SATARA,
9,"BLUE DART EXPRESS LTD.,",30-11-2023,4627,NITIN  VASANT  PAWAR,25,4,,1,,,,,,,,,,,,,,,,,,,KHP,
9,"BLUE DART EXPRESS LTD.,",30-11-2023,4161,NITIN GOPINATH KADAM,22,4,,3,,,,1,,,,,,,,,,,,,,3815,PUB/OB,
9,"BLUE DART EXPRESS LTD.,",30-11-2023,4628,OMKAR  - GHORPADE,9,2,19,,,,,,,,,,,,,,,,,,,,TGR,
9,"BLUE DART EXPRESS LTD.,",30-11-2023,4319,OMKAR  DEEPAK  SALUNKE,26,4,,,,,,,,,,,,,,,,,,,,4418,HDP,
9,"BLUE DART EXPRESS LTD.,",30-11-2023,4311,OMKAR SAMPAT  INGWALE,24,4,,1,,,,1,,,,,,,,,,,,,,4411,BRN,
9,"BLUE DART EXPRESS LTD.,",30-11-2023,4299,ONKAR  RAJENDRA  POWAR,16,2,12,,,,,,,,,,,,,,,,,,,4402,KHW,
9,"BLUE DART EXPRESS LTD.,",30-11-2023,4581,PAVAN - DABADGANKAR,24,4,,,,,2,,,,,,,,,,,,,,,,PUB,
9,"BLUE DART EXPRESS LTD.,",30-11-2023,4050,PIRSAB SALIM SHAIKH,26,4,,,,,,,,,,,,,,,,,,,,3704,IT SAGAR,
9,"BLUE DART EXPRESS LTD.,",30-11-2023,4134,PRABHAKAR SURESH  SAREGAON,24,4,,2,,,,,,,,,,,,,,,,,,3788,KHP,
9,"BLUE DART EXPRESS LTD.,",30-11-2023,3869,PRADIP TANAJI YEWALE,25,4,,1,,,,,,,,,,,,,,,,,,3523,GENRAL MOTORS,
9,"BLUE DART EXPRESS LTD.,",30-11-2023,2723,PRAKASH SHIVAJI GAIKWAD,26,4,,,,,,,,,,,,,,,,,,,,2377,LORREL CHAKAN,
9,"BLUE DART EXPRESS LTD.,",30-11-2023,4059,PRASANNA NAVNATH SHINDE,26,4,,,,,,,,,,,,,,,,,,,,3713,TWH,
9,"BLUE DART EXPRESS LTD.,",30-11-2023,4295,PRASHANT  PRALHAD  PATIL ,25,4,,1,,,,,,,,,,,,,,,,,,4398,BRN,
9,"BLUE DART EXPRESS LTD.,",30-11-2023,2830,PRASHANT YUVRAJ SALUNKHE,25,4,,,,,,1,,,,,,,,,,,,,,2484,KHW,
9,"BLUE DART EXPRESS LTD.,",30-11-2023,3457,PREMKUMAR ANIL PAWAR,24,4,,,,,2,,,,,,,,,,,,,,,3111,PUB/OB,
9,"BLUE DART EXPRESS LTD.,",30-11-2023,4316,PRIYANKA DEEPAK KUMBHAR,24,4,,2,,,,,,,,,,,,,,,,,,4416,BRN,
9,"BLUE DART EXPRESS LTD.,",30-11-2023,3902,PUNAJI HONAJI SHINGADE,25,4,,1,,,,,,,,,,,,,,,,,,3556,LORREL CHAKAN,
9,"BLUE DART EXPRESS LTD.,",30-11-2023,4629,RAHUL  DHONDIRAM  KOLI,25,4,,1,,,,,,,,,,,,,,,,,,,KHP,
9,"BLUE DART EXPRESS LTD.,",30-11-2023,4582,RAHUL - GAWADE,26,4,,,,,,,,,,,,,,,,,,,,,PUB,
9,"BLUE DART EXPRESS LTD.,",30-11-2023,4366,RAHUL  NATHA  MAZIRE,23,4,,3,,,,,,,,,,,,,,,,,,4425,TWH,
9,"BLUE DART EXPRESS LTD.,",30-11-2023,2703,RAHUL DHONDIBHAU THOMBARE,24,4,,2,,,,,,,,,,,,,,,,,,2357,LORREL CHAKAN,
9,"BLUE DART EXPRESS LTD.,",30-11-2023,4583,RAJARAM - GORIWALE,6,,,,,,,,,,,,,,,,,,,,,,PCH,
9,"BLUE DART EXPRESS LTD.,",30-11-2023,4584,RAJENDRA - LADAKE,15,3,12,,,,,,,,,,,,,,,,,,,,TWH,
9,"BLUE DART EXPRESS LTD.,",30-11-2023,4132,RAJESH SUBHASH SHIVALE,26,4,,,,,,,,,,,,,,,,,,,,3786,TALEGAON DABHADE,
9,"BLUE DART EXPRESS LTD.,",30-11-2023,4296,RAKESH BHIVAJI MAGDUM,25,4,,1,,,,,,,,,,,,,,,,,,4399,BRN,
9,"BLUE DART EXPRESS LTD.,",30-11-2023,3381,RAKESH SHARAD KAMBLE,26,4,,,,,,,,,,,,,,,,,,,,3035,HDP,
9,"BLUE DART EXPRESS LTD.,",30-11-2023,4491,RAM SURESH JADHAV,16,3,11,,,,,,,,,,,,,,,,,,,,PMC,
9,"BLUE DART EXPRESS LTD.,",30-11-2023,3245,RAMDAS VILAS RALE,23,4,,3,,,,,,,,,,,,,,,,,,2899,LORREL CHAKAN,
9,"BLUE DART EXPRESS LTD.,",30-11-2023,4312,RAMESH BABURAO BANSODE,26,4,,,,,,,,,,,,,,,,,,,,4412,BRN,
9,"BLUE DART EXPRESS LTD.,",30-11-2023,4483,RANJEET  SANJAY  KANASE,26,4,,,,,,,,,,,,,,,,,,,,,SAA,
9,"BLUE DART EXPRESS LTD.,",30-11-2023,3782,RAVI BHAUSAHWB JADHAV,25,4,,1,,,,,,,,,,,,,,,,,,3436,GENRAL MOTORS,
9,"BLUE DART EXPRESS LTD.,",30-11-2023,3429,RAVI NATHU SAPRE,18,4,5,3,,,,,,,,,,,,,,,,,,3083,PUB/HUB,
9,"BLUE DART EXPRESS LTD.,",30-11-2023,4002,RAVIKIRAN RAGHUNATH PATIL,24,4,,1,,,,1,,,,,,,,,,,,,,3656,KHW,
9,"BLUE DART EXPRESS LTD.,",30-11-2023,2738,RAVINDRA KHEMA DHARADE,24,4,,,,,,2,,,,,,,,,,,,,,2392,LORREL CHAKAN,
9,"BLUE DART EXPRESS LTD.,",30-11-2023,4545,ROHAN  - GAIKWAD,26,4,,,,,,,,,,,,,,,,,,,,,TWH,
9,"BLUE DART EXPRESS LTD.,",30-11-2023,3986,RUSHIKESH SAMBHAJI  SHENDGE,25,4,,,,,,1,,,,,,,,,,,,,,3640,VIN,
9,"BLUE DART EXPRESS LTD.,",30-11-2023,3924,RUSHIKESH SAMBHAJI AGATE,26,4,,,,,,,,,,,,,,,,,,,,3578,TWH,
9,"BLUE DART EXPRESS LTD.,",30-11-2023,4530,RUTURAJ  SANTOSH  SONAWANE,3,,,,,,,,,,,,,,,,,,,,,,PMC,
9,"BLUE DART EXPRESS LTD.,",30-11-2023,3372,SACHIN SUBHASH BOIWAR,9,1,20,,,,,,,,,,,,,,,,,,,3026,PUB/HUB,
9,"BLUE DART EXPRESS LTD.,",30-11-2023,3631,SAGAR MADHUKAR THORAT,20,3,6,1,,,,,,,,,,,,,,,,,,3285,VEC,
9,"BLUE DART EXPRESS LTD.,",30-11-2023,3416,SAGAR SANJAY KANASE,24,4,,2,,,,,,,,,,,,,,,,,,3070,SATARA,
9,"BLUE DART EXPRESS LTD.,",30-11-2023,3308,SAGAR SANJAY MAHAJAN,25,4,,,,,,1,,,,,,,,,,,,,,2962,TWH,
9,"BLUE DART EXPRESS LTD.,",30-11-2023,3524,SAHIL GANGARAM ANKUSH,23,4,,1,,,,2,,,,,,,,,,,,,,3178,PUB/OB,
9,"BLUE DART EXPRESS LTD.,",30-11-2023,3753,SAIRAJ BHAGWAN GIRI,22,4,,4,,,,,,,,,,,,,,,,,,3407,KHW,
9,"BLUE DART EXPRESS LTD.,",30-11-2023,4630,SAMIR  - NAVGHANE,26,4,,,,,,,,,,,,,,,,,,,,,ADC,
9,"BLUE DART EXPRESS LTD.,",30-11-2023,4585,SAMIR - BHOSALE,26,4,,,,,,,,,,,,,,,,,,,,,HNW,
9,"BLUE DART EXPRESS LTD.,",30-11-2023,4159,SAMIR JAMIL SHAIKH,25,4,,,,,1,,,,,,,,,,,,,,,3813,MARKETYARD,
9,"BLUE DART EXPRESS LTD.,",30-11-2023,2708,SAMIT LALASO PHADATARE,24,4,,2,,,,,,,,,,,,,,,,,,2362,SATARA,
9,"BLUE DART EXPRESS LTD.,",30-11-2023,4300,SAMPAT  MOHAN  KAMBLE,24,4,2,,,,,,,,,,,,,,,,,,,4403,BRN,
9,"BLUE DART EXPRESS LTD.,",30-11-2023,3932,SANDEEP DATTATRAYA KUDALE,26,4,,,,,,,,,,,,,,,,,,,,3586,TWH,
9,"BLUE DART EXPRESS LTD.,",30-11-2023,2049,SANDEEP GANESH CHINCHANE,26,4,,,,,,,,,,,,,,,,,,,,1703,BUND GARDEN,
9,"BLUE DART EXPRESS LTD.,",30-11-2023,3909,SANDEEP NAMDEV RAIKAR,24,4,,2,,,,,,,,,,,,,,,,,,3563,SANGVI,
9,"BLUE DART EXPRESS LTD.,",30-11-2023,4242,SANDESH  SANJAY PINATE,26,4,,,,,,,,,,,,,,,,,,,,4395,HNW,
9,"BLUE DART EXPRESS LTD.,",30-11-2023,4013,SANDESH BHIMSEN UDHANE,26,4,,,,,,,,,,,,,,,,,,,,3667,TWH,
9,"BLUE DART EXPRESS LTD.,",30-11-2023,4547,SANDIP  - SHIRSAT,24,4,2,,,,,,,,,,,,,,,,,,,,PUB,
9,"BLUE DART EXPRESS LTD.,",30-11-2023,4631,SANJEEV -  YEMBELWAR,8,1,,,,,,,,,,,,,,,,,,,,,PMC,
9,"BLUE DART EXPRESS LTD.,",30-11-2023,3527,SANTONI PRAKASH JAGTAP,24,4,,1,,,,1,,,,,,,,,,,,,,3181,PUB/HUB,
9,"BLUE DART EXPRESS LTD.,",30-11-2023,2226,SANTOSH KAMLAKAR BHISE,25,4,,1,,,,,,,,,,,,,,,,,,1880,SATARA,
9,"BLUE DART EXPRESS LTD.,",30-11-2023,4168,SATYJEET SURESH DABHADE,24,4,2,,,,,,,,,,,,,,,,,,,3822,KHW,
9,"BLUE DART EXPRESS LTD.,",30-11-2023,4546,SAURABH  - KUMBHAR,22,4,1,3,,,,,,,,,,,,,,,,,,,TWH,
9,"BLUE DART EXPRESS LTD.,",30-11-2023,4548,SHAKIB  - SHAIKH,24,4,,,,,,2,,,,,,,,,,,,,,,PUB,
9,"BLUE DART EXPRESS LTD.,",30-11-2023,4531,SHASHIKANT  VIJAY LOYARE,26,4,,,,,,,,,,,,,,,,,,,,,PVT,
9,"BLUE DART EXPRESS LTD.,",30-11-2023,4187,SHEKHAR BHASKAR  ANDHALE,17,3,10,,,,,,,,,,,,,,,,,,,4385,TWH,
9,"BLUE DART EXPRESS LTD.,",30-11-2023,4632,SHIVTEJ - SATAV,26,4,,,,,,,,,,,,,,,,,,,,,HNW,
9,"BLUE DART EXPRESS LTD.,",30-11-2023,4370,SHUBHAM  RAVJI  BHOIR,,,,,,,,,,,,,,,,,,,,,,4428,HNW,
9,"BLUE DART EXPRESS LTD.,",30-11-2023,3991,SHUBHAM MOHAN  MALI,24,4,,1,,,,1,,,,,,,,,,,,,,3645,KHW,
9,"BLUE DART EXPRESS LTD.,",30-11-2023,4239,SHUBHAM RAJESH VAKUDE,26,4,,,,,,,,,,,,,,,,,,,,4393,HDP,
9,"BLUE DART EXPRESS LTD.,",30-11-2023,4510,SHUBHAM RAMCHANDRA SHINDE,23,4,,3,,,,,,,,,,,,,,,,,,,VIN,
9,"BLUE DART EXPRESS LTD.,",30-11-2023,4313,SIBENDRANATH  JAGDISH  MAJHI,3,0,,,,,,,,,,,,,,,,,,,,4413,BRN,
9,"BLUE DART EXPRESS LTD.,",30-11-2023,3737,SIDDHESHWAR BALIRAM THORAT,20,4,,6,,,,,,,,,,,,,,,,,,3391,TWH,
9,"BLUE DART EXPRESS LTD.,",30-11-2023,4633,SOHEL  - SHAIKH,22,4,4,,,,,,,,,,,,,,,,,,,,PMC,
9,"BLUE DART EXPRESS LTD.,",30-11-2023,4634,SOMNATH  - BODAKE,25,4,,,,,1,,,,,,,,,,,,,,,,WGH,
9,"BLUE DART EXPRESS LTD.,",30-11-2023,4057,SOMNATH DEVIDAS KULKARNI,26,4,,,,,,,,,,,,,,,,,,,,3711,PWH,
9,"BLUE DART EXPRESS LTD.,",30-11-2023,4043,SRINIVAS VILAS POWAR,23,4,,2,,,,1,,,,,,,,,,,,,,3697,KHW,
9,"BLUE DART EXPRESS LTD.,",30-11-2023,2616,SUDHIR GOVIND NAIKARE,26,4,,,,,,,,,,,,,,,,,,,,2270,SKODA-VW CHAKAN,
9,"BLUE DART EXPRESS LTD.,",30-11-2023,3621,SUHAS SAKHARAM KADAM,26,4,,,,,,,,,,,,,,,,,,,,3275,PUB/OB,
9,"BLUE DART EXPRESS LTD.,",30-11-2023,4329,SUNIL  BABAN PARDHI,26,4,,,,,,,,,,,,,,,,,,,,,TWH,
9,"BLUE DART EXPRESS LTD.,",30-11-2023,4492,SUNIL CHANDRABHAN BIRADAR,19,3,1,7,,,,,,,,,,,,,,,,,,,HNW,
9,"BLUE DART EXPRESS LTD.,",30-11-2023,4589,SURAJ - KEDARI,23,3,2,2,,,,,,,,,,,,,,,,,,,PUB,
9,"BLUE DART EXPRESS LTD.,",30-11-2023,3969,SURAJ PRAKASH PAWAR,26,4,,,,,,,,,,,,,,,,,,,,3623,SATARA,
9,"BLUE DART EXPRESS LTD.,",30-11-2023,4511,SWAPNIL  SANJAY MALWADKAR,26,4,,,,,,,,,,,,,,,,,,,,,BRG,
9,"BLUE DART EXPRESS LTD.,",30-11-2023,4635,TATHAGAT  - KOLE,22,4,4,,,,,,,,,,,,,,,,,,,,PMC,
9,"BLUE DART EXPRESS LTD.,",30-11-2023,4315,TEJAS JAYVANT BORKAR,26,4,,,,,,,,,,,,,,,,,,,,4415,BRN,
9,"BLUE DART EXPRESS LTD.,",30-11-2023,2977,TUKARAM RAGHUNATH MEMANE,25,4,,1,,,,,,,,,,,,,,,,,,2631,LORREL CHAKAN,
9,"BLUE DART EXPRESS LTD.,",30-11-2023,4636,TUSHAR  - KOKANE,26,4,,,,,,,,,,,,,,,,,,,,,PMC,
9,"BLUE DART EXPRESS LTD.,",30-11-2023,4235,TUSHAR RAJARAM RANAWARE,26,4,,,,,,,,,,,,,,,,,,,,4390,BRN,
9,"BLUE DART EXPRESS LTD.,",30-11-2023,4297,UMESH HINDURAO GADAVE,24,4,,2,,,,,,,,,,,,,,,,,,4400,BRN,
9,"BLUE DART EXPRESS LTD.,",30-11-2023,4637,VAIBHAV  - SATHE,19,4,7,,,,,,,,,,,,,,,,,,,,PUB,
9,"BLUE DART EXPRESS LTD.,",30-11-2023,4198,VAIBHAV  VIJAY  KODOLKAR,24,4,,,,,,2,,,,,,,,,,,,,,4388,BRN,
9,"BLUE DART EXPRESS LTD.,",30-11-2023,4051,VAIBHAV RAMDAS MADVI,26,4,,,,,,,,,,,,,,,,,,,,3705,IT SAGAR,
9,"BLUE DART EXPRESS LTD.,",30-11-2023,4194,VAMAN  VIJAY  BHUJBAL,24,4,,2,,,,,,,,,,,,,,,,,,4387,TWH,
9,"BLUE DART EXPRESS LTD.,",30-11-2023,4146,VIJAY MAHADEV PAWAR,25,4,,1,,,,,,,,,,,,,,,,,,3800,TWH,
9,"BLUE DART EXPRESS LTD.,",30-11-2023,4033,VIJAY SARJERAO PATIL,23,4,3,,,,,3,,,,,,,,,,,,,,3687,TWH,
9,"BLUE DART EXPRESS LTD.,",30-11-2023,3670,VIKAS RAJU BHOR,,,,,,,,,,,,,,,,,,,,,,3324,LORREL CHAKAN,
9,"BLUE DART EXPRESS LTD.,",30-11-2023,4188,VIKAS VAMAN BHALERAO,16,3,,11,,,,,,,,,,,,,,,,,,4386,SGB,
9,"BLUE DART EXPRESS LTD.,",30-11-2023,4542,VIKI  JASVIRCHAND  VALMIKI,21,3,4,2,,,,,,,,,,,,,,,,,,,TWH,
9,"BLUE DART EXPRESS LTD.,",30-11-2023,3332,VINAY YASHWANT RAJHUNS,25,4,,,,,,1,,,,,,,,,,,,,,2986,KHW,
9,"BLUE DART EXPRESS LTD.,",30-11-2023,4638,VINAYAK  - CHAFE,26,4,,,,,,,,,,,,,,,,,,,,,PMC,
9,"BLUE DART EXPRESS LTD.,",30-11-2023,3630,VINOD HARI PAWAR,26,4,,,,,,,,,,,,,,,,,,,,3284,PIMPRI,
9,"BLUE DART EXPRESS LTD.,",30-11-2023,4533,VISHAL  MOHAN SAKAT,24,4,2,,,,,,,,,,,,,,,,,,,,HNW,
9,"BLUE DART EXPRESS LTD.,",30-11-2023,4181,VISHAL AADHIK  JAMADAR,26,4,,,,,,,,,,,,,,,,,,,,3835,SATARA,
9,"BLUE DART EXPRESS LTD.,",30-11-2023,2813,VISHAL WALKU PARDHI,22,4,,2,,,,2,,,,,,,,,,,,,,2467,TWH,
9,"BLUE DART EXPRESS LTD.,",30-11-2023,4534,YASH  SACHIN CHAVAN,,,,,,,,,,,,,,,,,,,,,,,PMC,
9,"BLUE DART EXPRESS LTD.,",30-11-2023,4298,YOGESH  VILAS  KANDGAVKAR,25,4,,1,,,,,,,,,,,,,,,,,,4401,BRN,
9,"BLUE DART EXPRESS LTD.,",30-11-2023,2211,YOGESH MOHAN PAKHALE,20,3,,7,,,,,,,,,,,,,,,,,,1865,TWH,
9,"BLUE DART EXPRESS LTD.,",30-11-2023,4062,YOGITA SUDHIR KAMBLE,24,4,2,,,,,,,,,,,,,,,,,,,3716,PMC,
9,"BLUE DART EXPRESS LTD.,",30-11-2023,4590,YUVRAJ - LOYARE,26,4,,,,,,,,,,,,,,,,,,,,,PVT,
