 Client_id ,Client_name,Sal_month, Emp_id,Employee_NAME,Present,Weeklyoff,  Absent,Pl,Cl,Sl, Paidholiday,Additional,Othours, Nightshifts,Incometax,Canteen,Extra_inc1, Extra_inc2,Leave_encash,Extra_ded1,Extra_ded2, Wagediff,Allow_arrears, Ot_arrears,Invalid,Ticket_no, Dept_Name, Comp_ticket_no
9,"BLUE DART EXPRESS LTD.,",31-08-23,2502,ABHIJEET NANDAKUMAR GAWARE,25,4,,,,,1,,,,,,,,,,,,,,,2156,TWH,
9,"BLUE DART EXPRESS LTD.,",31-08-23,4165,ABHIJIT JAGANNATH PISAL,25,4,,,,,1,,,,,,,,,,,,,,,3819,SATARA,
9,"BLUE DART EXPRESS LTD.,",31-08-23,4169,ABHISHEK GANESH SAKAT,25,4,,,,,1,,,,,,,,,,,,,,,3823,WGH,
9,"BLUE DART EXPRESS LTD.,",31-08-23,4040,ADITYA ASHOK PATOLE,25,4,,,,,1,,,,,,,,,,,,,,,3694,SHRIGONDA,
,"BLUE DART EXPRESS LTD.,",31-08-23,4177,AKASH DATTATRAY CHANDANE,20,4,4,1,,,1,,,,,,,,,,,,,,,,,
9,"BLUE DART EXPRESS LTD.,",31-08-23,4301,AKASH  BHAGWAT CHATE,15,2,13,,,,,,,,,,,,,,,,,,,4404,BRN,
9,"BLUE DART EXPRESS LTD.,",31-08-23,4371,AKASH DILIP SURYAWANSHI,20,4,,5,,,1,,,,,,,,,,,,,,,4429,PCH,
9,"BLUE DART EXPRESS LTD.,",31-08-23,4526,AKASH PRAKASH DIXIT,24,4,,,,,1,1,,,,,,,,,,,,,,,KHW,
9,"BLUE DART EXPRESS LTD.,",31-08-23,4027,AKASH GANPAT THAKAR,23,4,1,,,,1,1,,,,,,,,,,,,,,3681,PUB/OB,
9,"BLUE DART EXPRESS LTD.,",31-08-23,4171,AKASH PRAKASH PARADHI,22,4,,3,,,1,,,,,,,,,,,,,,,3825,TWH,
9,"BLUE DART EXPRESS LTD.,",31-08-23,4378,AKBAR SHARPPODIN SHAIKH,24,4,,1,,,1,,,,,,,,,,,,,,,4434,ELECTRONICA,
9,"BLUE DART EXPRESS LTD.,",31-08-23,3667,AKIB ABDUL SALIM SHAIKH,24,4,,1,,,1,,,,,,,,,,,,,,,3321,MARKETYARD,
9,"BLUE DART EXPRESS LTD.,",31-08-23,4505,AKIF  ARIF KHAN,25,4,,,,,1,,,,,,,,,,,,,,,,SID,
9,"BLUE DART EXPRESS LTD.,",31-08-23,4234,ALTAF ASIF SHAIKH,23,4,2,,,,1,,,,,,,,,,,,,,,4389,BRG,
9,"BLUE DART EXPRESS LTD.,",31-08-23,3491,AMIR FIROJ KILLEDAR,21,4,,1,,,1,3,,,,,,,,,,,,,,3145,KHW,
,"BLUE DART EXPRESS LTD.,",31-08-23,3898,AMIT VIJAY JAGDALE,25,4,,,,,1,,,,,,,,,,,,,,,,,
9,"BLUE DART EXPRESS LTD.,",31-08-23,4078,AMIT RAMESH SAWALE,25,4,,,,,1,,,,,,,,,,,,,,,3732,TWH,
9,"BLUE DART EXPRESS LTD.,",31-08-23,4293,AMOL  ANNAPPA  TELVEKAR,24,4,,1,,,1,,,,,,,,,,,,,,,4396,BRN,
9,"BLUE DART EXPRESS LTD.,",31-08-23,2836,AMOL RAJENDRA KADAM,24,4,,1,,,1,,,,,,,,,,,,,,,2490,SATARA,
9,"BLUE DART EXPRESS LTD.,",31-08-23,4490,ANAGHA ANISH SHERAMKAR,22,4,3,,,,1,,,,,,,,,,,,,,,,SGV,
9,"BLUE DART EXPRESS LTD.,",31-08-23,3523,ANANDA RUKMAJI WAGHMARE,18,3,2,3,,,1,3,,,,,,,,,,,,,,3177,PUB/OB,
9,"BLUE DART EXPRESS LTD.,",31-08-23,3458,ANANTA CHINDHU DHORE,6,2,18,4,,,,,,,,,,,,,,,,,,3112,TWH,
9,"BLUE DART EXPRESS LTD.,",31-08-23,4466,ANIKET  DASHRATH  KSHIRSAGAR,2,,,,,,,,,,,,,,,,,,,,,4446,PMC,
9,"BLUE DART EXPRESS LTD.,",31-08-23,4438,ANIKET HARIDAS WAGH,24,4,,1,,,1,,,,,,,,,,,,,,,4438,TWH,
,"BLUE DART EXPRESS LTD.,",31-08-23,3000,ANIL GORAKHNATH KEMSE,25,4,,,,,1,,,,,,,,,,,,,,,,,
9,"BLUE DART EXPRESS LTD.,",31-08-23,4308,ANIL  MADHUKAR CHAVAN,24,4,,1,,,1,,,,,,,,,,,,,,,4408,SAA,
9,"BLUE DART EXPRESS LTD.,",31-08-23,3649,ANIL MOHAN DUMBARE,25,4,,,,,1,,,,,,,,,,,,,,,3303,SKODA-VW CHAKAN,
9,"BLUE DART EXPRESS LTD.,",31-08-23,4175,ARJUN BAPU UMAP,7,,23,,,,,,,,,,,,,,,,,,,3829,TWH,
9,"BLUE DART EXPRESS LTD.,",31-08-23,4377,ARVIND  PANDURANG  KUMBHAR,8,3,18,,,,1,,,,,,,,,,,,,,,4433,TWH,
9,"BLUE DART EXPRESS LTD.,",31-08-23,4379,ARYAN BHANUDAS JAGTAP,23,4,,2,,,1,,,,,,,,,,,,,,,4435,ELECTRONICA,
9,"BLUE DART EXPRESS LTD.,",31-08-23,3793,ASHISH SINGH MAHINDRAPAL BHATTI,22,4,1,2,,,1,,,,,,,,,,,,,,,3447,SANGVI,
9,"BLUE DART EXPRESS LTD.,",31-08-23,4439,ASHOK KISHOR SHINDE,25,4,,,,,1,,,,,,,,,,,,,,,4439,BRN,
9,"BLUE DART EXPRESS LTD.,",31-08-23,3328,ASHOK VAIJINATH LONDHE,25,4,,,,,1,,,,,,,,,,,,,,,2982,LORREL CHAKAN,
9,"BLUE DART EXPRESS LTD.,",31-08-23,4309,ATUL  DILIP  DHONDAWAD,23,4,,2,,,1,,,,,,,,,,,,,,,4409,BRN,
9,"BLUE DART EXPRESS LTD.,",31-08-23,4178,AVINASH DATTATRAY CHANDANE,24,4,,1,,,1,,,,,,,,,,,,,,,3832,MARKETYARD,
9,"BLUE DART EXPRESS LTD.,",31-08-23,4380,MOHD AZHAR ZAFAR AZHAR,24,4,,1,,,1,,,,,,,,,,,,,,,4436,PCH,
9,"BLUE DART EXPRESS LTD.,",31-08-23,2887,BAPU KALYAN THORAT,25,4,,,,,1,,,,,,,,,,,,,,,2541,PUB/OB,
9,"BLUE DART EXPRESS LTD.,",31-08-23,2654,BHARAT CHANDRAKANT SHINDE,25,4,,,,,1,,,,,,,,,,,,,,,2308,LORREL CHAKAN,
9,"BLUE DART EXPRESS LTD.,",31-08-23,2686,BHARAT RAGHU KOTWAL,25,4,,,,,1,,,,,,,,,,,,,,,2340,LORREL CHAKAN,
9,"BLUE DART EXPRESS LTD.,",31-08-23,4131,BHARATI CHANDRAKANT PANDIT,24,4,,1,,,1,,,,,,,,,,,,,,,3785,HDP,
,"BLUE DART EXPRESS LTD.,",31-08-23,4527,DASHRATH  SAMPAT BHORDE ,24,4,1,,,,1,,,,,,,,,,,,,,,,,
9,"BLUE DART EXPRESS LTD.,",31-08-23,3893,DAMINI KISAN KAD,,,,,,,,,,,,,,,,,,,,,,3547,CAH,
9,"BLUE DART EXPRESS LTD.,",31-08-23,4506,DAYANAND VITTHAL KALWALE,22,4,,1,,,1,,,,,,,,,,,,,,,,PCH,
9,"BLUE DART EXPRESS LTD.,",31-08-23,4028,DEEPAK GANPAT AGALE,16,4,3,3,,,1,3,,,,,,,,,,,,,,3682,PUB/OB,
9,"BLUE DART EXPRESS LTD.,",31-08-23,2525,GANESH ANNA CHOBHE,25,4,,,,,1,,,,,,,,,,,,,,,2179,VIMANNAGAR,
9,"BLUE DART EXPRESS LTD.,",31-08-23,4162,GANESH BALU KENDALE,24,4,1,,,,1,,,,,,,,,,,,,,,3816,TWH,
9,"BLUE DART EXPRESS LTD.,",31-08-23,2476,GANESH CHANDRAKANT TILEKAR,23,4,,2,,,1,,,,,,,,,,,,,,,2130,SATARA,
9,"BLUE DART EXPRESS LTD.,",31-08-23,4310,GANESH SANJAY KATE,14,2,13,,,,1,,,,,,,,,,,,,,,4410,BRN,
9,"BLUE DART EXPRESS LTD.,",31-08-23,3836,GANESH TANAJI GORE,25,4,,,,,1,,,,,,,,,,,,,,,3490,SAA,
9,"BLUE DART EXPRESS LTD.,",31-08-23,4528,GAURAV  MAHENDRA MALI,25,4,,,,,1,,,,,,,,,,,,,,,,SGV,
9,"BLUE DART EXPRESS LTD.,",31-08-23,4173,GORAKSHNATH DILIP SATHE,23,4,2,,,,1,,,,,,,,,,,,,,,3827,BANER,
9,"BLUE DART EXPRESS LTD.,",31-08-23,4529,GURUDAS BHARAT CHANDANSHIVE ,20,4,5,,,,1,,,,,,,,,,,,,,,,PMC,
9,"BLUE DART EXPRESS LTD.,",31-08-23,4440,HIMANSHU SHAILESH GARSUND,25,4,,,,,1,,,,,,,,,,,,,,,4440,BRN,
9,"BLUE DART EXPRESS LTD.,",31-08-23,2448,HITESH LALASO KHARADE,25,4,,,,,1,,,,,,,,,,,,,,,2102,SATARA,
9,"BLUE DART EXPRESS LTD.,",31-08-23,4361,HRUSHIKESH  DEVIDAS  KULKARNI,20,4,1,4,,,1,,,,,,,,,,,,,,,4421,TWH,
9,"BLUE DART EXPRESS LTD.,",31-08-23,4376,JAY  GANESH  CHAVAN,23,4,,1,,,1,1,,,,,,,,,,,,,,4432,TWH,
9,"BLUE DART EXPRESS LTD.,",31-08-23,3097,KALPESH BHIKU CHAVAN,25,4,,,,,1,,,,,,,,,,,,,,,2751,PIMPRI,
9,"BLUE DART EXPRESS LTD.,",31-08-23,4238,KARAN  PRAKASH  KAVADE,25,4,,,,,1,,,,,,,,,,,,,,,4392,HDP,
9,"BLUE DART EXPRESS LTD.,",31-08-23,4302,KARAN  RAMESH CHAVAN,24,4,,1,,,1,,,,,,,,,,,,,,,4405,BRN,
9,"BLUE DART EXPRESS LTD.,",31-08-23,3906,KARAN SHIVAJI KUCHEKAR,23,4,2,,,,1,,,,,,,,,,,,,,,3560,SANGVI,
9,"BLUE DART EXPRESS LTD.,",31-08-23,1254,KISAN BABAN SHELAR,20,4,,5,,,1,,,,,,,,,,,,,,,908,APEX/SFC,
9,"BLUE DART EXPRESS LTD.,",31-08-23,2812,KISHOR BABAN GAWADE,23,4,,1,,,1,1,,,,,,,,,,,,,,2466,PUB/HUB,
9,"BLUE DART EXPRESS LTD.,",31-08-23,3227,KISHOR RAJU CHOUGULE,24,4,,,,,1,1,,,,,,,,,,,,,,2881,PUB/OB,
9,"BLUE DART EXPRESS LTD.,",31-08-23,4240,KRISHNA  ASHOK GAIKWAD,25,4,,,,,1,,,,,,,,,,,,,,,,HNW,
9,"BLUE DART EXPRESS LTD.,",31-08-23,4174,KRISHNA ASHOK SURYAWANSHI,23,4,2,,,,1,,,,,,,,,,,,,,,3828,HADAPSAR,
9,"BLUE DART EXPRESS LTD.,",31-08-23,4471,KUNAL  NITIN  KUMBHAR,18,4,7,,,,1,,,,,,,,,,,,,,,4451,HNW,
9,"BLUE DART EXPRESS LTD.,",31-08-23,4158,KUNAL SUNIL  PILLAY,24,4,,,,,1,,,,,,,,,,,,,,,3812,BUND GARDEN,
9,"BLUE DART EXPRESS LTD.,",31-08-23,3115,LAXMAN DHULAPPA HARLAYYA,24,4,,,,,1,1,,,,,,,,,,,,,,2769,PUB/OB,
9,"BLUE DART EXPRESS LTD.,",31-08-23,2710,MACHINDRA VITTHAL WEHALE,,,,,,,,,,,,,,,,,,,,,,2364,LORREL CHAKAN,
9,"BLUE DART EXPRESS LTD.,",31-08-23,4314,MAHADEV  NANA SHINGATE,25,4,,,,,1,,,,,,,,,,,,,,,4414,BRN,
9,"BLUE DART EXPRESS LTD.,",31-08-23,4507,MAHARUDRA SHIVAJI GAVATE,25,4,,,,,1,,,,,,,,,,,,,,,,PCH,
9,"BLUE DART EXPRESS LTD.,",31-08-23,4058,MANOJ DNYANESHWAR SHINDE,25,4,,,,,1,,,,,,,,,,,,,,,3712,TWH,
9,"BLUE DART EXPRESS LTD.,",31-08-23,3249,MARUTI BABULAL MUNGASE,25,4,,,,,1,,,,,,,,,,,,,,,2903,SKODA-VW CHAKAN,
9,"BLUE DART EXPRESS LTD.,",31-08-23,3666,MATRUSHWAR BASAVRAJ DODMANI,24,4,,1,,,1,,,,,,,,,,,,,,,3320,VIMANNAGAR,
9,"BLUE DART EXPRESS LTD.,",31-08-23,4508,MUKESH PRABHU JADHAV,11,1,,,,,,,,,,,,,,,,,,,,,PMC,
9,"BLUE DART EXPRESS LTD.,",31-08-23,3318,MUKINDA DATTU PATOLE,20,4,,5,,,1,,,,,,,,,,,,,,,2972,VEC,
9,"BLUE DART EXPRESS LTD.,",31-08-23,3060,NAVNATH ANANDA DHORE,23,4,,2,,,1,,,,,,,,,,,,,,,2714,TWH,
9,"BLUE DART EXPRESS LTD.,",31-08-23,2833,NAVNATH BAJRANG KURELEKAR,23,4,,2,,,1,,,,,,,,,,,,,,,2487,SATARA,
9,"BLUE DART EXPRESS LTD.,",31-08-23,4467,NILESH  RAJU  DEGALMADI,,,,,,,,,,,,,,,,,,,,,,4447,PMC,
9,"BLUE DART EXPRESS LTD.,",31-08-23,1770,NILESH KALURAM DUMBARE,25,4,,,,,1,,,,,,,,,,,,,,,1424,LORREL CHAKAN,
9,"BLUE DART EXPRESS LTD.,",31-08-23,3121,NILESH NARAYAN KAJALE,25,4,,,,,1,,,,,,,,,,,,,,,2775,GENRAL MOTORS,
9,"BLUE DART EXPRESS LTD.,",31-08-23,4482,NILESH SHARAD KAMBLE,2,,,,,,,,,,,,,,,,,,,,,,HDP,
9,"BLUE DART EXPRESS LTD.,",31-08-23,2810,NILESH VASANTRAO JAGDALE,24,4,,1,,,1,,,,,,,,,,,,,,,2464,KHW,
9,"BLUE DART EXPRESS LTD.,",31-08-23,4294,NITESH  NISHANT  MANDLIK,24,4,,1,,,1,,,,,,,,,,,,,,,4397,KHW,
9,"BLUE DART EXPRESS LTD.,",31-08-23,3505,NITESH DIPAK AWAGHADE,25,4,,,,,1,,,,,,,,,,,,,,,3159,SATARA,
9,"BLUE DART EXPRESS LTD.,",31-08-23,4161,NITIN GOPINATH KADAM,23,4,1,,,,1,1,,,,,,,,,,,,,,3815,PUB/OB,
9,"BLUE DART EXPRESS LTD.,",31-08-23,4319,OMKAR  DEEPAK  SALUNKE,25,4,,,,,1,,,,,,,,,,,,,,,4418,HDP,
9,"BLUE DART EXPRESS LTD.,",31-08-23,4374,OMKAR  UTTAM SHINDE,,,,,,,,,,,,,,,,,,,,,,4431,SID,
9,"BLUE DART EXPRESS LTD.,",31-08-23,4337,OMKAR DATTATRAYA SHINDE,3,,,,,,,,,,,,,,,,,,,,,4420,SID,
9,"BLUE DART EXPRESS LTD.,",31-08-23,4311,OMKAR SAMPAT  INGWALE,25,4,,,,,1,,,,,,,,,,,,,,,4411,BRN,
9,"BLUE DART EXPRESS LTD.,",31-08-23,4299,ONKAR  RAJENDRA  POWAR,24,4,,1,,,1,,,,,,,,,,,,,,,4402,KHW,
9,"BLUE DART EXPRESS LTD.,",31-08-23,4061,PANKAJ SURYAKANT NANGARE,7,0,23,,,,0,,,,,,,,,,,,,,,3715,TWH,
9,"BLUE DART EXPRESS LTD.,",31-08-23,4050,PIRSAB SALIM SHAIKH,24,4,,1,,,1,,,,,,,,,,,,,,,3704,IT SAGAR,
9,"BLUE DART EXPRESS LTD.,",31-08-23,4134,PRABHAKAR SURESH  SAREGAON,24,4,,,,,1,1,,,,,,,,,,,,,,3788,KHP,
9,"BLUE DART EXPRESS LTD.,",31-08-23,3368,PRADIP DHONDIRAM PATIL,1,,,,,,,,,,,,,,,,,,,,,3022,KHW,
9,"BLUE DART EXPRESS LTD.,",31-08-23,3869,PRADIP TANAJI YEWALE,24,4,,1,,,1,,,,,,,,,,,,,,,3523,GENRAL MOTORS,
9,"BLUE DART EXPRESS LTD.,",31-08-23,2723,PRAKASH SHIVAJI GAIKWAD,25,4,,,,,1,,,,,,,,,,,,,,,2377,LORREL CHAKAN,
9,"BLUE DART EXPRESS LTD.,",31-08-23,4059,PRASANNA NAVNATH SHINDE,23,4,,2,,,1,,,,,,,,,,,,,,,3713,TWH,
9,"BLUE DART EXPRESS LTD.,",31-08-23,4295,PRASHANT  PRALHAD  PATIL ,25,4,,,,,1,,,,,,,,,,,,,,,4398,BRN,
9,"BLUE DART EXPRESS LTD.,",31-08-23,2830,PRASHANT YUVRAJ SALUNKHE,24,4,,1,,,1,,,,,,,,,,,,,,,2484,KHW,
9,"BLUE DART EXPRESS LTD.,",31-08-23,3457,PREMKUMAR ANIL PAWAR,25,4,,,,,1,,,,,,,,,,,,,,,3111,PUB/OB,
9,"BLUE DART EXPRESS LTD.,",31-08-23,4316,PRIYANKA DEEPAK KUMBHAR,24,4,,1,,,1,,,,,,,,,,,,,,,4416,BRN,
9,"BLUE DART EXPRESS LTD.,",31-08-23,3902,PUNAJI HONAJI SHINGADE,25,4,,,,,1,,,,,,,,,,,,,,,3556,LORREL CHAKAN,
9,"BLUE DART EXPRESS LTD.,",31-08-23,4366,RAHUL  NATHA  MAZIRE,23,4,,1,,,1,1,,,,,,,,,,,,,,4425,TWH,
9,"BLUE DART EXPRESS LTD.,",31-08-23,4241,RAHUL  VITTHAL  LANDAGE,7,,23,,,,,,,,,,,,,,,,,,,4394,TWH,
9,"BLUE DART EXPRESS LTD.,",31-08-23,2703,RAHUL DHONDIBHAU THOMBARE,25,4,,,,,1,,,,,,,,,,,,,,,2357,LORREL CHAKAN,
9,"BLUE DART EXPRESS LTD.,",31-08-23,4132,RAJESH SUBHASH SHIVALE,25,4,,,,,1,,,,,,,,,,,,,,,3786,TALEGAON DABHADE,
9,"BLUE DART EXPRESS LTD.,",31-08-23,4296,RAKESH BHIVAJI MAGDUM,24,4,,1,,,1,,,,,,,,,,,,,,,4399,BRN,
9,"BLUE DART EXPRESS LTD.,",31-08-23,3381,RAKESH SHARAD KAMBLE,25,4,,,,,1,,,,,,,,,,,,,,,3035,HDP,
9,"BLUE DART EXPRESS LTD.,",31-08-23,4491,RAM SURESH JADHAV,22,4,3,,,,1,,,,,,,,,,,,,,,,PMC,
9,"BLUE DART EXPRESS LTD.,",31-08-23,3245,RAMDAS VILAS RALE,25,4,,,,,1,,,,,,,,,,,,,,,2899,LORREL CHAKAN,
9,"BLUE DART EXPRESS LTD.,",31-08-23,4312,RAMESH BABURAO BANSODE,25,4,,,,,1,,,,,,,,,,,,,,,4412,BRN,
9,"BLUE DART EXPRESS LTD.,",31-08-23,4483,RANJEET  SANJAY  KANASE,24,4,,1,,,1,,,,,,,,,,,,,,,,SAA,
9,"BLUE DART EXPRESS LTD.,",31-08-23,3782,RAVI BHAUSAHWB JADHAV,24,4,,1,,,1,,,,,,,,,,,,,,,3436,GENRAL MOTORS,
9,"BLUE DART EXPRESS LTD.,",31-08-23,3429,RAVI NATHU SAPRE,24,4,,1,,,1,,,,,,,,,,,,,,,3083,PUB/HUB,
9,"BLUE DART EXPRESS LTD.,",31-08-23,4002,RAVIKIRAN RAGHUNATH PATIL,24,4,,1,,,1,,,,,,,,,,,,,,,3656,KHW,
9,"BLUE DART EXPRESS LTD.,",31-08-23,2738,RAVINDRA KHEMA DHARADE,25,4,,,,,1,,,,,,,,,,,,,,,2392,LORREL CHAKAN,
9,"BLUE DART EXPRESS LTD.,",31-08-23,4509,ROHIT PURSHOTTAM POOJARI,7,1,,,,,,,,,,,,,,,,,,,,,TGR,
9,"BLUE DART EXPRESS LTD.,",31-08-23,3924,RUSHIKESH SAMBHAJI AGATE,25,4,,,,,1,,,,,,,,,,,,,,,3578,TWH,
9,"BLUE DART EXPRESS LTD.,",31-08-23,4530,RUTURAJ  SANTOSH  SONAWANE,24,4,1,,,,1,,,,,,,,,,,,,,,,PMC,
9,"BLUE DART EXPRESS LTD.,",31-08-23,3372,SACHIN SUBHASH BOIWAR,23,4,,2,,,1,,,,,,,,,,,,,,,3026,PUB/HUB,
9,"BLUE DART EXPRESS LTD.,",31-08-23,3631,SAGAR MADHUKAR THORAT,21,4,4,,,,1,,,,,,,,,,,,,,,3285,VEC,
9,"BLUE DART EXPRESS LTD.,",31-08-23,3416,SAGAR SANJAY KANASE,25,4,,,,,1,,,,,,,,,,,,,,,3070,SATARA,
9,"BLUE DART EXPRESS LTD.,",31-08-23,3308,SAGAR SANJAY MAHAJAN,24,4,,,,,1,1,,,,,,,,,,,,,,2962,TWH,
9,"BLUE DART EXPRESS LTD.,",31-08-23,3524,SAHIL GANGARAM ANKUSH,23,4,,2,,,1,,,,,,,,,,,,,,,3178,PUB/OB,
9,"BLUE DART EXPRESS LTD.,",31-08-23,3753,SAIRAJ BHAGWAN GIRI,25,4,,,,,1,,,,,,,,,,,,,,,3407,KHW,
9,"BLUE DART EXPRESS LTD.,",31-08-23,4159,SAMIR JAMIL SHAIKH,20,4,4,1,,,1,,,,,,,,,,,,,,,3813,MARKETYARD,
9,"BLUE DART EXPRESS LTD.,",31-08-23,2708,SAMIT LALASO PHADATARE,24,4,1,,,,1,,,,,,,,,,,,,,,2362,SATARA,
9,"BLUE DART EXPRESS LTD.,",31-08-23,4300,SAMPAT  MOHAN  KAMBLE,20,4,,1,,,1,4,,,,,,,,,,,,,,4403,BRN,
9,"BLUE DART EXPRESS LTD.,",31-08-23,3932,SANDEEP DATTATRAYA KUDALE,24,4,,1,,,1,,,,,,,,,,,,,,,3586,TWH,
9,"BLUE DART EXPRESS LTD.,",31-08-23,2049,SANDEEP GANESH CHINCHANE,25,4,,,,,1,,,,,,,,,,,,,,,1703,BUND GARDEN,
9,"BLUE DART EXPRESS LTD.,",31-08-23,3909,SANDEEP NAMDEV RAIKAR,25,4,,,,,1,,,,,,,,,,,,,,,3563,SANGVI,
9,"BLUE DART EXPRESS LTD.,",31-08-23,4242,SANDESH  SANJAY PINATE,23,4,,2,,,1,,,,,,,,,,,,,,,4395,HNW,
9,"BLUE DART EXPRESS LTD.,",31-08-23,4013,SANDESH BHIMSEN UDHANE,25,4,,,,,1,,,,,,,,,,,,,,,3667,TWH,
9,"BLUE DART EXPRESS LTD.,",31-08-23,4303,SANJAY  KUNDLIK  RAJGE,,,,,,,,,,,,,,,,,,,,,,4406,PUB,
9,"BLUE DART EXPRESS LTD.,",31-08-23,3527,SANTONI PRAKASH JAGTAP,25,4,,,,,1,,,,,,,,,,,,,,,3181,PUB/HUB,
9,"BLUE DART EXPRESS LTD.,",31-08-23,2226,SANTOSH KAMLAKAR BHISE,24,4,1,,,,1,,,,,,,,,,,,,,,1880,SATARA,
9,"BLUE DART EXPRESS LTD.,",31-08-23,4168,SATYJEET SURESH DABHADE,25,4,,,,,1,,,,,,,,,,,,,,,3822,KHW,
9,"BLUE DART EXPRESS LTD.,",31-08-23,4531,SHASHIKANT  VIJAY LOYARE,25,4,,,,,1,,,,,,,,,,,,,,,,PVT,
9,"BLUE DART EXPRESS LTD.,",31-08-23,4187,SHEKHAR BHASKAR  ANDHALE,20,4,4,,,,1,1,,,,,,,,,,,,,,4385,TWH,
9,"BLUE DART EXPRESS LTD.,",31-08-23,4370,SHUBHAM  RAVJI  BHOIR,24,4,,1,,,1,,,,,,,,,,,,,,,4428,HNW,
9,"BLUE DART EXPRESS LTD.,",31-08-23,4468,SHUBHAM  SAMPAT  BHALERAO,22,4,3,,,,1,,,,,,,,,,,,,,,4448,PMC,
9,"BLUE DART EXPRESS LTD.,",31-08-23,4176,SHUBHAM DNYANESHWAR CHANDANE,20,3,3,3,,,1,,,,,,,,,,,,,,,3830,MARKETYARD,
9,"BLUE DART EXPRESS LTD.,",31-08-23,3991,SHUBHAM MOHAN  MALI,21,4,,,,,1,4,,,,,,,,,,,,,,3645,KHW,
9,"BLUE DART EXPRESS LTD.,",31-08-23,4239,SHUBHAM RAJESH VAKUDE,24,4,1,,,,1,,,,,,,,,,,,,,,4393,HDP,
9,"BLUE DART EXPRESS LTD.,",31-08-23,4510,SHUBHAM RAMCHANDRA SHINDE,25,4,,,,,1,,,,,,,,,,,,,,,,VIN,
9,"BLUE DART EXPRESS LTD.,",31-08-23,4313,SIBENDRANATH  JAGDISH  MAJHI,24,4,,1,,,1,,,,,,,,,,,,,,,4413,BRN,
9,"BLUE DART EXPRESS LTD.,",31-08-23,3737,SIDDHESHWAR BALIRAM THORAT,20,4,,3,,,1,2,,,,,,,,,,,,,,3391,TWH,
9,"BLUE DART EXPRESS LTD.,",31-08-23,4057,SOMNATH DEVIDAS KULKARNI,23,4,,2,,,1,,,,,,,,,,,,,,,3711,PWH,
9,"BLUE DART EXPRESS LTD.,",31-08-23,4043,SRINIVAS VILAS POWAR,22,4,,1,,,1,2,,,,,,,,,,,,,,3697,KHW,
9,"BLUE DART EXPRESS LTD.,",31-08-23,2616,SUDHIR GOVIND NAIKARE,25,4,,,,,1,,,,,,,,,,,,,,,2270,SKODA-VW CHAKAN,
9,"BLUE DART EXPRESS LTD.,",31-08-23,3621,SUHAS SAKHARAM KADAM,25,4,,,,,1,,,,,,,,,,,,,,,3275,PUB/OB,
9,"BLUE DART EXPRESS LTD.,",31-08-23,4329,SUNIL  BABAN PARDHI,25,4,,,,,1,,,,,,,,,,,,,,,,TWH,
9,"BLUE DART EXPRESS LTD.,",31-08-23,4492,SUNIL CHANDRABHAN BIRADAR,25,4,,,,,1,,,,,,,,,,,,,,,,HNW,
9,"BLUE DART EXPRESS LTD.,",31-08-23,3969,SURAJ PRAKASH PAWAR,23,4,,2,,,1,,,,,,,,,,,,,,,3623,SATARA,
9,"BLUE DART EXPRESS LTD.,",31-08-23,4511,SWAPNIL  SANJAY MALWADKAR,22,4,1,2,,,1,,,,,,,,,,,,,,,,BRG,
9,"BLUE DART EXPRESS LTD.,",31-08-23,4315,TEJAS JAYVANT BORKAR,24,4,,1,,,1,,,,,,,,,,,,,,,4415,BRN,
9,"BLUE DART EXPRESS LTD.,",31-08-23,2977,TUKARAM RAGHUNATH MEMANE,25,4,,,,,1,,,,,,,,,,,,,,,2631,LORREL CHAKAN,
9,"BLUE DART EXPRESS LTD.,",31-08-23,4235,TUSHAR RAJARAM RANAWARE,25,4,,,,,1,,,,,,,,,,,,,,,4390,BRN,
9,"BLUE DART EXPRESS LTD.,",31-08-23,4532,UMESH DATTATRAY  KALE,,,,,,,,,,,,,,,,,,,,,,,TWH,
9,"BLUE DART EXPRESS LTD.,",31-08-23,4297,UMESH HINDURAO GADAVE,25,4,,,,,1,,,,,,,,,,,,,,,4400,BRN,
9,"BLUE DART EXPRESS LTD.,",31-08-23,4198,VAIBHAV  VIJAY  KODOLKAR,24,4,,1,,,1,,,,,,,,,,,,,,,4388,BRN,
9,"BLUE DART EXPRESS LTD.,",31-08-23,4493,VAIBHAV BALU THORAT,,,,,,,,,,,,,,,,,,,,,,,PMC,
9,"BLUE DART EXPRESS LTD.,",31-08-23,4051,VAIBHAV RAMDAS MADVI,25,4,,,,,1,,,,,,,,,,,,,,,3705,IT SAGAR,
9,"BLUE DART EXPRESS LTD.,",31-08-23,4194,VAMAN  VIJAY  BHUJBAL,25,4,,,,,1,,,,,,,,,,,,,,,4387,TWH,
9,"BLUE DART EXPRESS LTD.,",31-08-23,4146,VIJAY MAHADEV PAWAR,25,4,,,,,1,,,,,,,,,,,,,,,3800,TWH,
9,"BLUE DART EXPRESS LTD.,",31-08-23,4033,VIJAY SARJERAO PATIL,25,4,,,,,1,,,,,,,,,,,,,,,3687,TWH,
9,"BLUE DART EXPRESS LTD.,",31-08-23,3670,VIKAS RAJU BHOR,25,4,,,,,1,,,,,,,,,,,,,,,3324,LORREL CHAKAN,
9,"BLUE DART EXPRESS LTD.,",31-08-23,4188,VIKAS VAMAN BHALERAO,25,4,,,,,1,,,,,,,,,,,,,,,4386,SGB,
9,"BLUE DART EXPRESS LTD.,",31-08-23,3332,VINAY YASHWANT RAJHUNS,16,4,2,7,,,1,,,,,,,,,,,,,,,2986,KHW,
9,"BLUE DART EXPRESS LTD.,",31-08-23,3630,VINOD HARI PAWAR,24,4,,1,,,1,,,,,,,,,,,,,,,3284,PIMPRI,
9,"BLUE DART EXPRESS LTD.,",31-08-23,4533,VISHAL  MOHAN SAKAT,25,4,,,,,1,,,,,,,,,,,,,,,,HNW,
9,"BLUE DART EXPRESS LTD.,",31-08-23,4181,VISHAL AADHIK  JAMADAR,25,4,,,,,1,,,,,,,,,,,,,,,3835,SATARA,
9,"BLUE DART EXPRESS LTD.,",31-08-23,2813,VISHAL WALKU PARDHI,24,4,,,,,1,1,,,,,,,,,,,,,,2467,TWH,
9,"BLUE DART EXPRESS LTD.,",31-08-23,4534,YASH  SACHIN CHAVAN,24,4,1,,,,1,,,,,,,,,,,,,,,,PMC,
9,"BLUE DART EXPRESS LTD.,",31-08-23,4298,YOGESH  VILAS  KANDGAVKAR,24,4,,1,,,1,,,,,,,,,,,,,,,4401,BRN,
9,"BLUE DART EXPRESS LTD.,",31-08-23,2211,YOGESH MOHAN PAKHALE,20,4,,5,,,1,,,,,,,,,,,,,,,1865,TWH,
9,"BLUE DART EXPRESS LTD.,",31-08-23,4062,YOGITA SUDHIR KAMBLE,22,4,3,,,,1,,,,,,,,,,,,,,,3716,PMC,
