 Client_id ,Client_name,Sal_month, Emp_id,Employee_NAME,present,weeklyoff,  absent, pl,cl,sl , paidholiday,additional, othours, nightshifts,incometax,canteen,extra_inc1, extra_inc2,leave_encash,extra_ded1,extra_ded2, wagediff,Allow_arrears, Ot_arrears,invalid,Client_id ,Client_name,Sal_month, Emp_id,Employee_NAME,Present,Weeklyoff,  Absent, Pl,Cl,Sl , Paidholiday,Additional, Othours, Nightshifts,Incometax,Canteen,Extra_inc1, Extra_inc2,Leave_encash,Extra_ded1,Extra_ded2, Wagediff,Allow_arrears, Ot_arrears,Invalid
9,"BLUE DART EXPRESS LTD.,",31-01-2023,2502,ABHIJEET NANDAKUMAR GAWARE,23,5,,1,,,1,,,,,,,,,,,,,,,2156,TWH,,,,,,,,,,,,,,,,,,,,,,,,
9,"BLUE DART EXPRESS LTD.,",31-01-2023,4165,ABHIJIT JAGANNATH PISAL,24,5,,,,,1,,,,,,,,,,,,,,,3819,SATARA,,,,,,,,,,,,,,,,,,,,,,,,
9,"BLUE DART EXPRESS LTD.,",31-01-2023,4169,ABHISHEK GANESH SAKAT,24,5,,,,,1,,,,,,,,,,,,,,,3823,WGH,,,,,,,,,,,,,,,,,,,,,,,,
9,"BLUE DART EXPRESS LTD.,",31-01-2023,4040,ADITYA ASHOK PATOLE,23,5,1,,,,1,1,,,,,,,,,,,,,,3694,SHRIGONDA,,,,,,,,,,,,,,,,,,,,,,,,
9,"BLUE DART EXPRESS LTD.,",31-01-2023,4301,AKASH  BHAGWAT CHATE,19,4,6,,,,1,,,,,,,,,,,,,,,,BRN,,,,,,,,,,,,,,,,,,,,,,,,
9,"BLUE DART EXPRESS LTD.,",31-01-2023,4177,AKASH DATTATRAY CHANDANE,22,5,2,,,,1,,,,,,,,,,,,,,,3831,MARKETYARD,,,,,,,,,,,,,,,,,,,,,,,,
9,"BLUE DART EXPRESS LTD.,",31-01-2023,4027,AKASH GANPAT THAKAR,18,4,7,,,,1,,,,,,,,,,,,,,,3681,PUB/OB,,,,,,,,,,,,,,,,,,,,,,,,
9,"BLUE DART EXPRESS LTD.,",31-01-2023,4171,AKASH P PARADHI,24,5,,,,,1,,,,,,,,,,,,,,,3825,TWH,,,,,,,,,,,,,,,,,,,,,,,,
9,"BLUE DART EXPRESS LTD.,",31-01-2023,3667,AKIB ABDUL SALIM SHAIKH,22,5,,2,,,1,,,,,,,,,,,,,,,3321,MARKETYARD,,,,,,,,,,,,,,,,,,,,,,,,
9,"BLUE DART EXPRESS LTD.,",31-01-2023,3461,AKSHAY MANSARAM SAHARE,18,4,7,,,,1,,,,,,,,,,,,,,,3115,GENRAL MOTORS,,,,,,,,,,,,,,,,,,,,,,,,
9,"BLUE DART EXPRESS LTD.,",31-01-2023,4234,ALTAF ASIF SHAIKH,22,4,3,,,,1,,,,,,,,,,,,,,,,BRG,,,,,,,,,,,,,,,,,,,,,,,,
9,"BLUE DART EXPRESS LTD.,",31-01-2023,4317,AMBIKA  RAGUNATH  JOGDHANKAR,24,5,,,,,1,,,,,,,,,,,,,,,,BRN,,,,,,,,,,,,,,,,,,,,,,,,
9,"BLUE DART EXPRESS LTD.,",31-01-2023,3491,AMIR FIROJ KILLEDAR,22,5,2,,,,1,2,,,,,,,,,,,,,,3145,KHW,,,,,,,,,,,,,,,,,,,,,,,,
9,"BLUE DART EXPRESS LTD.,",31-01-2023,3898,AMIT  JAGDALE,24,5,,,,,1,,,,,,,,,,,,,,,3552,TWH,,,,,,,,,,,,,,,,,,,,,,,,
9,"BLUE DART EXPRESS LTD.,",31-01-2023,4078,AMIT A SAWALE,23,5,1,,,,1,,,,,,,,,,,,,,,3732,TWH,,,,,,,,,,,,,,,,,,,,,,,,
9,"BLUE DART EXPRESS LTD.,",31-01-2023,4293,AMOL  ANNAPPA  TELVEKAR,24,5,,,,,1,,,,,,,,,,,,,,,,BRN,,,,,,,,,,,,,,,,,,,,,,,,
9,"BLUE DART EXPRESS LTD.,",31-01-2023,4237,AMOL  SANJAY  JADHAV,19,5,5,,,,1,,,,,,,,,,,,,,,,HDP,,,,,,,,,,,,,,,,,,,,,,,,
9,"BLUE DART EXPRESS LTD.,",31-01-2023,3796,AMOL KAILAS JANGADE,24,5,,,,,1,,,,,,,,,,,,,,,3450,EDP,,,,,,,,,,,,,,,,,,,,,,,,
9,"BLUE DART EXPRESS LTD.,",31-01-2023,2836,AMOL RAJENDRA KADAM,24,5,,,,,1,,,,,,,,,,,,,,,2490,SATARA,,,,,,,,,,,,,,,,,,,,,,,,
9,"BLUE DART EXPRESS LTD.,",31-01-2023,3523,ANANDA RUKMAJI WAGHMARE,22,5,1,1,,,1,,,,,,,,,,,,,,,3177,PUB/OB,,,,,,,,,,,,,,,,,,,,,,,,
9,"BLUE DART EXPRESS LTD.,",31-01-2023,3458,ANANTA CHINDHU DHORE,19,5,3,2,,,1,,,,,,,,,,,,,,,3112,TWH,,,,,,,,,,,,,,,,,,,,,,,,
9,"BLUE DART EXPRESS LTD.,",31-01-2023,4308,ANIL  MADHUKAR CHAVAN,23,5,1,,,,1,,,,,,,,,,,,,,,,SAA,,,,,,,,,,,,,,,,,,,,,,,,
9,"BLUE DART EXPRESS LTD.,",31-01-2023,3000,ANIL GORAKHNATH KEMSE,24,5,,,,,1,,,,,,,,,,,,,,,2654,EDP,,,,,,,,,,,,,,,,,,,,,,,,
9,"BLUE DART EXPRESS LTD.,",31-01-2023,3649,ANIL MOHAN DUMBARE,24,5,,,,,1,,,,,,,,,,,,,,,3303,SKODA-VW CHAKAN,,,,,,,,,,,,,,,,,,,,,,,,
9,"BLUE DART EXPRESS LTD.,",31-01-2023,4175,ARJUN  UMAP,21,5,2,1,,,1,,,,,,,,,,,,,,,3829,TALEGAON DABHADE,,,,,,,,,,,,,,,,,,,,,,,,
9,"BLUE DART EXPRESS LTD.,",31-01-2023,3793,ASHISH SINGH MAHINDRAPAL BHATTI,23,5,1,,,,1,,,,,,,,,,,,,,,3447,SANGVI,,,,,,,,,,,,,,,,,,,,,,,,
9,"BLUE DART EXPRESS LTD.,",31-01-2023,3328,ASHOK VAIJINATH LONDHE,24,5,,,,,1,,,,,,,,,,,,,,,2982,LORREL CHAKAN,,,,,,,,,,,,,,,,,,,,,,,,
9,"BLUE DART EXPRESS LTD.,",31-01-2023,4309,ATUL  DILIP  DHONDAWAD,23,5,1,,,,1,,,,,,,,,,,,,,,,BRN,,,,,,,,,,,,,,,,,,,,,,,,
9,"BLUE DART EXPRESS LTD.,",31-01-2023,4178,AVINASH DATTATRAY CHANDANE,24,5,,,,,1,,,,,,,,,,,,,,,3832,MARKETYARD,,,,,,,,,,,,,,,,,,,,,,,,
9,"BLUE DART EXPRESS LTD.,",31-01-2023,2887,BAPU KALYAN THORAT,24,5,,,,,1,,,,,,,,,,,,,,,2541,PUB/OB,,,,,,,,,,,,,,,,,,,,,,,,
9,"BLUE DART EXPRESS LTD.,",31-01-2023,2654,BHARAT CHANDRAKANT SHINDE,24,5,,,,,1,,,,,,,,,,,,,,,2308,LORREL CHAKAN,,,,,,,,,,,,,,,,,,,,,,,,
9,"BLUE DART EXPRESS LTD.,",31-01-2023,2686,BHARAT RAGHU KOTWAL,24,5,,,,,1,,,,,,,,,,,,,,,2340,LORREL CHAKAN,,,,,,,,,,,,,,,,,,,,,,,,
9,"BLUE DART EXPRESS LTD.,",31-01-2023,4131,BHARATI A PANDIT,23,5,,1,,,1,,,,,,,,,,,,,,,3785,HDP,,,,,,,,,,,,,,,,,,,,,,,,
9,"BLUE DART EXPRESS LTD.,",31-01-2023,3893,DAMINI KISAN KAD,0,0,,0,,,0,,,,,,,,,,,,,,,3547,CHAKAN,,,,,,,,,,,,,,,,,,,,,,,,
9,"BLUE DART EXPRESS LTD.,",31-01-2023,4179,DEEPAK  KADAM,22,5,2,,,,1,,,,,,,,,,,,,,,3833,TINGARE NAGAR,,,,,,,,,,,,,,,,,,,,,,,,
9,"BLUE DART EXPRESS LTD.,",31-01-2023,4005,DEEPAK  PAWAR,22,5,,2,,,1,,,,,,,,,,,,,,,3659,LORREL CHAKAN,,,,,,,,,,,,,,,,,,,,,,,,
9,"BLUE DART EXPRESS LTD.,",31-01-2023,4028,DEEPAK GANPAT AGALE,21,5,3,,,,1,,,,,,,,,,,,,,,3682,PUB/OB,,,,,,,,,,,,,,,,,,,,,,,,
9,"BLUE DART EXPRESS LTD.,",31-01-2023,3354,DEEPAK MANBHADUR CHAUDHARY,1,,26,3,,,,,,,,,,,,,,,,,,3008,TWH,,,,,,,,,,,,,,,,,,,,,,,,
9,"BLUE DART EXPRESS LTD.,",31-01-2023,3002,DEEPAK SUBHASH KARPE,,,,,,,,,,,,,,,,,,,,,,2656,SATARA,,,,,,,,,,,,,,,,,,,,,,,,
9,"BLUE DART EXPRESS LTD.,",31-01-2023,4162,GANESH  KENDALE,21,5,1,2,,,1,,,,,,,,,,,,,,,3816,PUB/OB,,,,,,,,,,,,,,,,,,,,,,,,
9,"BLUE DART EXPRESS LTD.,",31-01-2023,2525,GANESH ANNA CHOBHE,24,5,,,,,1,,,,,,,,,,,,,,,2179,VIMANNAGAR,,,,,,,,,,,,,,,,,,,,,,,,
9,"BLUE DART EXPRESS LTD.,",31-01-2023,2476,GANESH CHANDRAKANT TILEKAR,22,5,,2,,,1,,,,,,,,,,,,,,,2130,SATARA,,,,,,,,,,,,,,,,,,,,,,,,
9,"BLUE DART EXPRESS LTD.,",31-01-2023,4310,GANESH SANJAY KATE,24,5,,,,,1,,,,,,,,,,,,,,,,BRN,,,,,,,,,,,,,,,,,,,,,,,,
9,"BLUE DART EXPRESS LTD.,",31-01-2023,3836,GANESH TANAJI GORE,24,5,,,,,1,,,,,,,,,,,,,,,3490,SAA,,,,,,,,,,,,,,,,,,,,,,,,
9,"BLUE DART EXPRESS LTD.,",31-01-2023,4021,GAURAV  CHAUDHARI,,,,,,,,,,,,,,,,,,,,,,3675,TWH,,,,,,,,,,,,,,,,,,,,,,,,
9,"BLUE DART EXPRESS LTD.,",31-01-2023,4160,GOKUL  PAWAR,22,5,,2,,,1,,,,,,,,,,,,,,,3814,TWH,,,,,,,,,,,,,,,,,,,,,,,,
9,"BLUE DART EXPRESS LTD.,",31-01-2023,3089,GOKUL NARAYAN BATHE,24,5,,,,,1,,,,,,,,,,,,,,,2743,SINHGAD ROAD,,,,,,,,,,,,,,,,,,,,,,,,
9,"BLUE DART EXPRESS LTD.,",31-01-2023,4173,GORAKSHNATH  SATHE,19,5,5,,,,1,,,,,,,,,,,,,,,3827,BANER,,,,,,,,,,,,,,,,,,,,,,,,
9,"BLUE DART EXPRESS LTD.,",31-01-2023,2448,HITESH LALASO KHARADE,24,5,,,,,1,,,,,,,,,,,,,,,2102,SATARA,,,,,,,,,,,,,,,,,,,,,,,,
9,"BLUE DART EXPRESS LTD.,",31-01-2023,3097,KALPESH BHIKU CHAVAN,23,5,,1,,,1,,,,,,,,,,,,,,,2751,PIMPRI,,,,,,,,,,,,,,,,,,,,,,,,
9,"BLUE DART EXPRESS LTD.,",31-01-2023,3906,KARAN  KUCHEKAR,23,5,1,,,,1,,,,,,,,,,,,,,,3560,SANGVI,,,,,,,,,,,,,,,,,,,,,,,,
9,"BLUE DART EXPRESS LTD.,",31-01-2023,4238,KARAN  PRAKASH  KAVADE,23,5,1,,,,1,,,,,,,,,,,,,,,,HDP,,,,,,,,,,,,,,,,,,,,,,,,
9,"BLUE DART EXPRESS LTD.,",31-01-2023,4302,KARAN  RAMESH CHAVAN,21,5,3,,,,1,,,,,,,,,,,,,,,,BRN,,,,,,,,,,,,,,,,,,,,,,,,
9,"BLUE DART EXPRESS LTD.,",31-01-2023,3407,KETAN MANOHAR GAIKWAD,,,,,,,,,,,,,,,,,,,,,,3061,LORREL CHAKAN,,,,,,,,,,,,,,,,,,,,,,,,
9,"BLUE DART EXPRESS LTD.,",31-01-2023,1254,KISAN BABAN SHELAR,21,5,,3,,,1,,,,,,,,,,,,,,,908,APEX/SFC,,,,,,,,,,,,,,,,,,,,,,,,
9,"BLUE DART EXPRESS LTD.,",31-01-2023,2812,KISHOR BABAN GAWADE,22,5,2,,,,1,,,,,,,,,,,,,,,2466,PUB/HUB,,,,,,,,,,,,,,,,,,,,,,,,
9,"BLUE DART EXPRESS LTD.,",31-01-2023,3227,KISHOR RAJU CHOUGULE,23,5,1,,,,1,,,,,,,,,,,,,,,2881,PUB/OB,,,,,,,,,,,,,,,,,,,,,,,,
9,"BLUE DART EXPRESS LTD.,",31-01-2023,4241,KRISHNA  ASHOK GAIKWAD,22,5,2,,,,1,,,,,,,,,,,,,,,,HNW,,,,,,,,,,,,,,,,,,,,,,,,
9,"BLUE DART EXPRESS LTD.,",31-01-2023,4174,KRISHNA ASHOK SURYAWANSHI,21,5,1,2,,,1,,,,,,,,,,,,,,,3828,HADAPSAR,,,,,,,,,,,,,,,,,,,,,,,,
9,"BLUE DART EXPRESS LTD.,",31-01-2023,4197,KUMAR  RAJENDRA  YADAV,,,,,,,,,,,,,,,,,,,,,,,BRN,,,,,,,,,,,,,,,,,,,,,,,,
9,"BLUE DART EXPRESS LTD.,",31-01-2023,4158,KUNAL  PILLAY,24,5,,,,,1,,,,,,,,,,,,,,,3812,BUND GARDEN,,,,,,,,,,,,,,,,,,,,,,,,
9,"BLUE DART EXPRESS LTD.,",31-01-2023,3115,LAXMAN DHULAPPA HARLAYYA,22,5,1,1,,,1,1,,,,,,,,,,,,,,2769,PUB/OB,,,,,,,,,,,,,,,,,,,,,,,,
9,"BLUE DART EXPRESS LTD.,",31-01-2023,2710,MACHINDRA VITTHAL WEHALE,24,5,,,,,1,,,,,,,,,,,,,,,2364,LORREL CHAKAN,,,,,,,,,,,,,,,,,,,,,,,,
9,"BLUE DART EXPRESS LTD.,",31-01-2023,4314,MAHADEV  NANA SHINGATE,24,5,,,,,1,,,,,,,,,,,,,,,,BRN,,,,,,,,,,,,,,,,,,,,,,,,
9,"BLUE DART EXPRESS LTD.,",31-01-2023,4058,MANOJ DNYANESHWAR SHINDE,24,5,,,,,1,,,,,,,,,,,,,,,3712,TWH,,,,,,,,,,,,,,,,,,,,,,,,
9,"BLUE DART EXPRESS LTD.,",31-01-2023,3249,MARUTI BABULAL MUNGASE,23,5,,1,,,1,,,,,,,,,,,,,,,2903,SKODA-VW CHAKAN,,,,,,,,,,,,,,,,,,,,,,,,
9,"BLUE DART EXPRESS LTD.,",31-01-2023,3666,MATRUSHWAR BASAVRAJ DODMANI,23,5,1,,,,1,,,,,,,,,,,,,,,3320,VIMANNAGAR,,,,,,,,,,,,,,,,,,,,,,,,
9,"BLUE DART EXPRESS LTD.,",31-01-2023,4060,MAYUR  GAIKWAD,21,5,3,,,,1,,,,,,,,,,,,,,,3714,VIMANNAGAR,,,,,,,,,,,,,,,,,,,,,,,,
9,"BLUE DART EXPRESS LTD.,",31-01-2023,3318,MUKINDA DATTU PATOLE,23,5,,1,,,1,,,,,,,,,,,,,,,2972,VEC,,,,,,,,,,,,,,,,,,,,,,,,
9,"BLUE DART EXPRESS LTD.,",31-01-2023,3060,NAVNATH ANANDA DHORE,22,5,,2,,,1,,,,,,,,,,,,,,,2714,SCHINDLER,,,,,,,,,,,,,,,,,,,,,,,,
9,"BLUE DART EXPRESS LTD.,",31-01-2023,2833,NAVNATH BAJRANG KURELEKAR,23,5,,1,,,1,,,,,,,,,,,,,,,2487,SATARA,,,,,,,,,,,,,,,,,,,,,,,,
9,"BLUE DART EXPRESS LTD.,",31-01-2023,2810,NILESH  JAGDALE,21,4,4,2,,,1,2,,,,,,,,,,,,,,2464,KHW,,,,,,,,,,,,,,,,,,,,,,,,
9,"BLUE DART EXPRESS LTD.,",31-01-2023,1770,NILESH KALURAM DUMBARE,19,5,,5,,,1,,,,,,,,,,,,,,,1424,LORREL CHAKAN,,,,,,,,,,,,,,,,,,,,,,,,
9,"BLUE DART EXPRESS LTD.,",31-01-2023,3121,NILESH NARAYAN KAJALE,24,5,,,,,1,,,,,,,,,,,,,,,2775,GENRAL MOTORS,,,,,,,,,,,,,,,,,,,,,,,,
9,"BLUE DART EXPRESS LTD.,",31-01-2023,4294,NITESH  NISHANT  MANDLIK,24,5,,,,,1,,,,,,,,,,,,,,,,KHW,,,,,,,,,,,,,,,,,,,,,,,,
9,"BLUE DART EXPRESS LTD.,",31-01-2023,3505,NITESH DIPAK AWAGHADE,19,5,,5,,,1,,,,,,,,,,,,,,,3159,SATARA,,,,,,,,,,,,,,,,,,,,,,,,
9,"BLUE DART EXPRESS LTD.,",31-01-2023,4161,NITIN  KADAM,23,5,,1,,,1,,,,,,,,,,,,,,,3815,PUB/OB,,,,,,,,,,,,,,,,,,,,,,,,
9,"BLUE DART EXPRESS LTD.,",31-01-2023,4319,OMKAR  DEEPAK  SALUNKE,24,5,,,,,1,,,,,,,,,,,,,,,,HDP,,,,,,,,,,,,,,,,,,,,,,,,
9,"BLUE DART EXPRESS LTD.,",31-01-2023,4311,OMKAR SAMPAT  INGWALE,23,5,,1,,,1,,,,,,,,,,,,,,,,BRN,,,,,,,,,,,,,,,,,,,,,,,,
9,"BLUE DART EXPRESS LTD.,",31-01-2023,4304,OMKAR SATISH KAKADE,25,4,,,,,1,,,,,,,,,,,,,,,,BRN,,,,,,,,,,,,,,,,,,,,,,,,
9,"BLUE DART EXPRESS LTD.,",31-01-2023,4299,ONKAR  RAJENDRA  POWAR,19,5,3,2,,,1,2,,,,,,,,,,,,,,,BRN,,,,,,,,,,,,,,,,,,,,,,,,
9,"BLUE DART EXPRESS LTD.,",31-01-2023,4061,PANKAJ SURYAKANT NANGARE,22,5,2,,,,1,,,,,,,,,,,,,,,3715,TWH,,,,,,,,,,,,,,,,,,,,,,,,
9,"BLUE DART EXPRESS LTD.,",31-01-2023,4050,PIRSAB SALIM SHAIKH,24,5,,,,,1,,,,,,,,,,,,,,,3704,IT SAGAR,,,,,,,,,,,,,,,,,,,,,,,,
9,"BLUE DART EXPRESS LTD.,",31-01-2023,4134,PRABHAKAR  SAREGAON,24,5,,,,,1,,,,,,,,,,,,,,,3788,KHP,,,,,,,,,,,,,,,,,,,,,,,,
9,"BLUE DART EXPRESS LTD.,",31-01-2023,3368,PRADIP DHONDIRAM PATIL,24,5,,,,,1,,,,,,,,,,,,,,,3022,KHW,,,,,,,,,,,,,,,,,,,,,,,,
9,"BLUE DART EXPRESS LTD.,",31-01-2023,3869,PRADIP TANAJI YEWALE,22,4,,3,,,1,,,,,,,,,,,,,,,3523,GENRAL MOTORS,,,,,,,,,,,,,,,,,,,,,,,,
9,"BLUE DART EXPRESS LTD.,",31-01-2023,2723,PRAKASH SHIVAJI GAIKWAD,24,5,,,,,1,,,,,,,,,,,,,,,2377,LORREL CHAKAN,,,,,,,,,,,,,,,,,,,,,,,,
9,"BLUE DART EXPRESS LTD.,",31-01-2023,4059,PRASANNA NAVNATH SHINDE,23,5,1,,,,1,,,,,,,,,,,,,,,3713,TWH,,,,,,,,,,,,,,,,,,,,,,,,
9,"BLUE DART EXPRESS LTD.,",31-01-2023,4295,PRASHANT  PRALHAD  PATIL ,22,5,2,,,,1,,,,,,,,,,,,,,,,BRN,,,,,,,,,,,,,,,,,,,,,,,,
9,"BLUE DART EXPRESS LTD.,",31-01-2023,2830,PRASHANT YUVRAJ SALUNKHE,22,5,2,,,,1,2,,,,,,,,,,,,,,2484,KHW,,,,,,,,,,,,,,,,,,,,,,,,
9,"BLUE DART EXPRESS LTD.,",31-01-2023,4183,PRATIK MILIND ANGIR,,,,,,,,,,,,,,,,,,,,,,,SGB,,,,,,,,,,,,,,,,,,,,,,,,
9,"BLUE DART EXPRESS LTD.,",31-01-2023,3457,PREMKUMAR ANIL PAWAR,18,5,5,1,,,1,1,,,,,,,,,,,,,,3111,PUB/OB,,,,,,,,,,,,,,,,,,,,,,,,
9,"BLUE DART EXPRESS LTD.,",31-01-2023,4316,PRIYANKA DEEPAK KUMBHAR,24,5,,,,,1,,,,,,,,,,,,,,,,BRN,,,,,,,,,,,,,,,,,,,,,,,,
9,"BLUE DART EXPRESS LTD.,",31-01-2023,3902,PUNAJI HONAJI SHINGADE,22,4,,3,,,1,,,,,,,,,,,,,,,3556,LORREL CHAKAN,,,,,,,,,,,,,,,,,,,,,,,,
9,"BLUE DART EXPRESS LTD.,",31-01-2023,2703,RAHUL DHONDIBHAU THOMBARE,23,5,,1,,,1,,,,,,,,,,,,,,,2357,LORREL CHAKAN,,,,,,,,,,,,,,,,,,,,,,,,
9,"BLUE DART EXPRESS LTD.,",31-01-2023,4015,RAHUL KAILASH DHAWALE,24,5,,,,,1,,,,,,,,,,,,,,,3669,TWH,,,,,,,,,,,,,,,,,,,,,,,,
9,"BLUE DART EXPRESS LTD.,",31-01-2023,4132,RAJESH  SHIVALE,23,5,,1,,,1,,,,,,,,,,,,,,,3786,TALEGAON DABHADE,,,,,,,,,,,,,,,,,,,,,,,,
9,"BLUE DART EXPRESS LTD.,",31-01-2023,4296,RAKESH BHIVAJI MAGDUM,22,5,2,,,,1,,,,,,,,,,,,,,,,BRN,,,,,,,,,,,,,,,,,,,,,,,,
9,"BLUE DART EXPRESS LTD.,",31-01-2023,3381,RAKESH SHARAD KAMBLE,24,5,,,,,1,,,,,,,,,,,,,,,3035,HADAPSAR,,,,,,,,,,,,,,,,,,,,,,,,
9,"BLUE DART EXPRESS LTD.,",31-01-2023,3245,RAMDAS VILAS RALE,24,5,,,,,1,,,,,,,,,,,,,,,2899,LORREL CHAKAN,,,,,,,,,,,,,,,,,,,,,,,,
9,"BLUE DART EXPRESS LTD.,",31-01-2023,4312,RAMESH BABURAO BANSODE,23,5,1,,,,1,,,,,,,,,,,,,,,,BRN,,,,,,,,,,,,,,,,,,,,,,,,
9,"BLUE DART EXPRESS LTD.,",31-01-2023,3782,RAVI BHAUSAHWB JADHAV,24,5,,,,,1,,,,,,,,,,,,,,,3436,GENRAL MOTORS,,,,,,,,,,,,,,,,,,,,,,,,
9,"BLUE DART EXPRESS LTD.,",31-01-2023,3429,RAVI NATHU SAPRE,22,5,,2,,,1,,,,,,,,,,,,,,,3083,PUB/HUB,,,,,,,,,,,,,,,,,,,,,,,,
9,"BLUE DART EXPRESS LTD.,",31-01-2023,4002,RAVIKIRAN  PATIL,24,5,,,,,1,,,,,,,,,,,,,,,3656,KHW,,,,,,,,,,,,,,,,,,,,,,,,
9,"BLUE DART EXPRESS LTD.,",31-01-2023,2738,RAVINDRA KHEMA DHARADE,24,5,,,,,1,,,,,,,,,,,,,,,2392,LORREL CHAKAN,,,,,,,,,,,,,,,,,,,,,,,,
9,"BLUE DART EXPRESS LTD.,",31-01-2023,3905,RITESH  GAJARMAL,16,4,9,,,,1,,,,,,,,,,,,,,,3559,SANGVI,,,,,,,,,,,,,,,,,,,,,,,,
9,"BLUE DART EXPRESS LTD.,",31-01-2023,3924,RUSHIKESH  AGATE,23,5,,1,,,1,,,,,,,,,,,,,,,3578,TWH,,,,,,,,,,,,,,,,,,,,,,,,
9,"BLUE DART EXPRESS LTD.,",31-01-2023,3986,RUSHIKESH  SHENDGE,24,5,,,,,1,,,,,,,,,,,,,,,3640,GENRAL MOTORS,,,,,,,,,,,,,,,,,,,,,,,,
9,"BLUE DART EXPRESS LTD.,",31-01-2023,3372,SACHIN SUBHASH BOIWAR,24,5,,,,,1,,,,,,,,,,,,,,,3026,PUB/HUB,,,,,,,,,,,,,,,,,,,,,,,,
9,"BLUE DART EXPRESS LTD.,",31-01-2023,3631,SAGAR MADHUKAR THORAT,23,5,,1,,,1,,,,,,,,,,,,,,,3285,VEC,,,,,,,,,,,,,,,,,,,,,,,,
9,"BLUE DART EXPRESS LTD.,",31-01-2023,3416,SAGAR SANJAY KANASE,24,5,,,,,1,,,,,,,,,,,,,,,3070,SATARA,,,,,,,,,,,,,,,,,,,,,,,,
9,"BLUE DART EXPRESS LTD.,",31-01-2023,3308,SAGAR SANJAY MAHAJAN,23,5,1,,,,1,,,,,,,,,,,,,,,2962,TWH,,,,,,,,,,,,,,,,,,,,,,,,
9,"BLUE DART EXPRESS LTD.,",31-01-2023,3846,SAGAR SANJAY PATIL,,,,,,,,,,,,,,,,,,,,,,3500,KHP,,,,,,,,,,,,,,,,,,,,,,,,
9,"BLUE DART EXPRESS LTD.,",31-01-2023,3524,SAHIL GANGARAM ANKUSH,24,5,,,,,1,,,,,,,,,,,,,,,3178,PUB/OB,,,,,,,,,,,,,,,,,,,,,,,,
9,"BLUE DART EXPRESS LTD.,",31-01-2023,4159,SAMIR JAMIL SHAIKH,16,3,11,,,,,,,,,,,,,,,,,,,3813,MARKETYARD,,,,,,,,,,,,,,,,,,,,,,,,
9,"BLUE DART EXPRESS LTD.,",31-01-2023,2708,SAMIT LALASO PHADATARE,24,5,,,,,1,,,,,,,,,,,,,,,2362,SATARA,,,,,,,,,,,,,,,,,,,,,,,,
9,"BLUE DART EXPRESS LTD.,",31-01-2023,4300,SAMPAT  MOHAN  KAMBLE,15,5,9,,,,1,4,,,,,,,,,,,,,,,BRN,,,,,,,,,,,,,,,,,,,,,,,,
9,"BLUE DART EXPRESS LTD.,",31-01-2023,3909,SANDEEP  RAIKAR,24,5,,,,,1,,,,,,,,,,,,,,,3563,SANGVI,,,,,,,,,,,,,,,,,,,,,,,,
9,"BLUE DART EXPRESS LTD.,",31-01-2023,3932,SANDEEP DATTATRAYA KUDALE,24,5,,,,,1,,,,,,,,,,,,,,,3586,TWH,,,,,,,,,,,,,,,,,,,,,,,,
9,"BLUE DART EXPRESS LTD.,",31-01-2023,2049,SANDEEP GANESH CHINCHANE,24,5,,,,,1,,,,,,,,,,,,,,,1703,BUND GARDEN,,,,,,,,,,,,,,,,,,,,,,,,
9,"BLUE DART EXPRESS LTD.,",31-01-2023,4242,SANDESH  SANJAY PINATE,21,5,3,,,,1,,,,,,,,,,,,,,,,HNW,,,,,,,,,,,,,,,,,,,,,,,,
9,"BLUE DART EXPRESS LTD.,",31-01-2023,4013,SANDESH  UDHANE,22,5,,2,,,1,,,,,,,,,,,,,,,3667,TWH,,,,,,,,,,,,,,,,,,,,,,,,
9,"BLUE DART EXPRESS LTD.,",31-01-2023,4080,SANDIP VASANT SHINDE,,,,,,,,,,,,,,,,,,,,,,3734,TWH,,,,,,,,,,,,,,,,,,,,,,,,
9,"BLUE DART EXPRESS LTD.,",31-01-2023,4303,SANJAY  KUNDLIK  RAJGE,23,5,1,,,,1,1,,,,,,,,,,,,,,,PUB,,,,,,,,,,,,,,,,,,,,,,,,
9,"BLUE DART EXPRESS LTD.,",31-01-2023,3527,SANTONI PRAKASH JAGTAP,20,5,4,,,,1,1,,,,,,,,,,,,,,3181,PUB/HUB,,,,,,,,,,,,,,,,,,,,,,,,
9,"BLUE DART EXPRESS LTD.,",31-01-2023,2226,SANTOSH KAMLAKAR BHISE,24,5,,,,,1,,,,,,,,,,,,,,,1880,SATARA,,,,,,,,,,,,,,,,,,,,,,,,
9,"BLUE DART EXPRESS LTD.,",31-01-2023,4168,SATYJEET  DABHADE,15,5,,9,,,1,,,,,,,,,,,,,,,3822,KHW,,,,,,,,,,,,,,,,,,,,,,,,
9,"BLUE DART EXPRESS LTD.,",31-01-2023,4236,SAYALI  MURALIDHAR  ASAWALE,24,5,,,,,1,,,,,,,,,,,,,,,,CAH,,,,,,,,,,,,,,,,,,,,,,,,
9,"BLUE DART EXPRESS LTD.,",31-01-2023,4187,SHEKHAR BHASKAR  ANDHALE,22,5,,2,,,1,,,,,,,,,,,,,,,,TWH,,,,,,,,,,,,,,,,,,,,,,,,
9,"BLUE DART EXPRESS LTD.,",31-01-2023,4320,SHUBHAM  A ETHAPE,22,5,2,,,,1,,,,,,,,,,,,,,,,PCH,,,,,,,,,,,,,,,,,,,,,,,,
9,"BLUE DART EXPRESS LTD.,",31-01-2023,4305,SHUBHAM  VINOD LONARE,20,4,5,,,,1,,,,,,,,,,,,,,,,PBT,,,,,,,,,,,,,,,,,,,,,,,,
9,"BLUE DART EXPRESS LTD.,",31-01-2023,4176,SHUBHAM DNYANESHWAR CHANDANE,23,5,,1,,,1,,,,,,,,,,,,,,,3830,MARKETYARD,,,,,,,,,,,,,,,,,,,,,,,,
9,"BLUE DART EXPRESS LTD.,",31-01-2023,4239,SHUBHAM RAJESH VAKUDE,24,5,,,,,1,,,,,,,,,,,,,,,,HDP,,,,,,,,,,,,,,,,,,,,,,,,
9,"BLUE DART EXPRESS LTD.,",31-01-2023,4313,SIBENDRANATH  JAGDISH  MAJHI,24,5,,,,,1,,,,,,,,,,,,,,,,BRN,,,,,,,,,,,,,,,,,,,,,,,,
9,"BLUE DART EXPRESS LTD.,",31-01-2023,3737,SIDDHESHWAR BALIRAM THORAT,24,5,,,,,1,,,,,,,,,,,,,,,3391,TWH,,,,,,,,,,,,,,,,,,,,,,,,
9,"BLUE DART EXPRESS LTD.,",31-01-2023,4057,SOMNATH DEVIDAS KULKARNI,24,5,,,,,1,,,,,,,,,,,,,,,3711,PWH,,,,,,,,,,,,,,,,,,,,,,,,
9,"BLUE DART EXPRESS LTD.,",31-01-2023,4043,SRINIVAS VILAS PAWAR,21,5,3,,,,1,2,,,,,,,,,,,,,,3697,KHW,,,,,,,,,,,,,,,,,,,,,,,,
9,"BLUE DART EXPRESS LTD.,",31-01-2023,2616,SUDHIR GOVIND NAIKARE,22,5,,2,,,1,,,,,,,,,,,,,,,2270,SKODA-VW CHAKAN,,,,,,,,,,,,,,,,,,,,,,,,
9,"BLUE DART EXPRESS LTD.,",31-01-2023,3621,SUHAS SAKHARAM KADAM,20,5,4,,,,1,,,,,,,,,,,,,,,3275,PUB/OB,,,,,,,,,,,,,,,,,,,,,,,,
9,"BLUE DART EXPRESS LTD.,",31-01-2023,4321,SUJAL  SANTOSH RAJOLIA,13,3,14,,,,,,,,,,,,,,,,,,,,PMC,,,,,,,,,,,,,,,,,,,,,,,,
9,"BLUE DART EXPRESS LTD.,",31-01-2023,3969,SURAJ  PAWAR,23,5,,1,,,1,,,,,,,,,,,,,,,3623,SATARA,,,,,,,,,,,,,,,,,,,,,,,,
9,"BLUE DART EXPRESS LTD.,",31-01-2023,4306,SURAJ VITTHAL DHUMAL,14,2,14,,,,,,,,,,,,,,,,,,,,PBT,,,,,,,,,,,,,,,,,,,,,,,,
9,"BLUE DART EXPRESS LTD.,",31-01-2023,4307,SWAPNIL  SANTOSH  ATKARI,11,2,17,,,,,,,,,,,,,,,,,,,,PBT,,,,,,,,,,,,,,,,,,,,,,,,
9,"BLUE DART EXPRESS LTD.,",31-01-2023,4315,TEJAS JAYVANT BORKAR,22,5,,2,,,1,,,,,,,,,,,,,,,,BRN,,,,,,,,,,,,,,,,,,,,,,,,
9,"BLUE DART EXPRESS LTD.,",31-01-2023,2977,TUKARAM RAGHUNATH MEMANE,24,5,,,,,1,,,,,,,,,,,,,,,2631,LORREL CHAKAN,,,,,,,,,,,,,,,,,,,,,,,,
9,"BLUE DART EXPRESS LTD.,",31-01-2023,4235,TUSHAR RAJARAM RANAWARE,23,5,1,,,,1,,,,,,,,,,,,,,,,BRN,,,,,,,,,,,,,,,,,,,,,,,,
9,"BLUE DART EXPRESS LTD.,",31-01-2023,4297,UMESH HINDURAO GADAVE,24,5,,,,,1,,,,,,,,,,,,,,,,BRN,,,,,,,,,,,,,,,,,,,,,,,,
9,"BLUE DART EXPRESS LTD.,",31-01-2023,4051,VAIBHAV  MADVI,24,5,,,,,1,,,,,,,,,,,,,,,3705,IT SAGAR,,,,,,,,,,,,,,,,,,,,,,,,
9,"BLUE DART EXPRESS LTD.,",31-01-2023,4198,VAIBHAV  VIJAY  KODOLKAR,24,5,,,,,1,,,,,,,,,,,,,,,,BRN,,,,,,,,,,,,,,,,,,,,,,,,
9,"BLUE DART EXPRESS LTD.,",31-01-2023,4146,VIJAY MAHADEV PAWAR,24,5,,,,,1,,,,,,,,,,,,,,,3800,TWH,,,,,,,,,,,,,,,,,,,,,,,,
9,"BLUE DART EXPRESS LTD.,",31-01-2023,4033,VIJAY SARJERAO PATIL,22,5,1,1,,,1,,,,,,,,,,,,,,,3687,TWH,,,,,,,,,,,,,,,,,,,,,,,,
9,"BLUE DART EXPRESS LTD.,",31-01-2023,3670,VIKAS RAJU BHOR,20,5,,4,,,1,,,,,,,,,,,,,,,3324,LORREL CHAKAN,,,,,,,,,,,,,,,,,,,,,,,,
9,"BLUE DART EXPRESS LTD.,",31-01-2023,4188,VIKAS VAMAN BHALERAO,21,4,5,,,,,,,,,,,,,,,,,,,,SGB,,,,,,,,,,,,,,,,,,,,,,,,
9,"BLUE DART EXPRESS LTD.,",31-01-2023,4318,VINAY NAVNATH JADHAV,,,,,,,,,,,,,,,,,,,,,,,HNW,,,,,,,,,,,,,,,,,,,,,,,,
9,"BLUE DART EXPRESS LTD.,",31-01-2023,3332,VINAY YASHWANT RAJHUNS,24,5,,,,,1,,,,,,,,,,,,,,,2986,KHW,,,,,,,,,,,,,,,,,,,,,,,,
9,"BLUE DART EXPRESS LTD.,",31-01-2023,3630,VINOD HARI PAWAR,20,5,,4,,,1,,,,,,,,,,,,,,,3284,PIMPRI,,,,,,,,,,,,,,,,,,,,,,,,
9,"BLUE DART EXPRESS LTD.,",31-01-2023,4181,VISHAL  JAMADAR,23,5,1,,,,1,,,,,,,,,,,,,,,3835,SATARA,,,,,,,,,,,,,,,,,,,,,,,,
9,"BLUE DART EXPRESS LTD.,",31-01-2023,2813,VISHAL WALKU PARDHI,18,5,5,1,,,1,1,,,,,,,,,,,,,,2467,TWH,,,,,,,,,,,,,,,,,,,,,,,,
9,"BLUE DART EXPRESS LTD.,",31-01-2023,4298,YOGESH  VILAS  KANDGAVKAR,23,5,1,,,,1,,,,,,,,,,,,,,,,BRN,,,,,,,,,,,,,,,,,,,,,,,,
9,"BLUE DART EXPRESS LTD.,",31-01-2023,2211,YOGESH MOHAN PAKHALE,24,5,,,,,1,,,,,,,,,,,,,,,1865,PUB/OB,,,,,,,,,,,,,,,,,,,,,,,,
9,"BLUE DART EXPRESS LTD.,",31-01-2023,4016,YOGESH POPAT OVHAL,13,2,15,,,,,,,,,,,,,,,,,,,3670,TWH,,,,,,,,,,,,,,,,,,,,,,,,
9,"BLUE DART EXPRESS LTD.,",31-01-2023,4062,YOGITA SUDHIR KAMBLE,21,5,,3,,,1,,,,,,,,,,,,,,,3716,PMC,,,,,,,,,,,,,,,,,,,,,,,,
