 Client_id ,Client_name,Sal_month, Emp_id,Employee_NAME,Present,Weeklyoff,  Absent,Pl,Cl,Sl, Paidholiday,Additional,Othours, Nightshifts,Incometax,Canteen,Extra_inc1, Extra_inc2,Leave_encash,Extra_ded1,Extra_ded2, Wagediff,Allow_arrears, Ot_arrears,Invalid,Ticket_no, Dept_Name, Comp_ticket_no
9,"BLUE DART EXPRESS LTD.,",30-06-23,2502,ABHIJEET NANDAKUMAR GAWARE,24,5,,1,,,,,,,,,,,,,,,,,,2156,TWH,
9,"BLUE DART EXPRESS LTD.,",30-06-23,4165,ABHIJIT JAGANNATH PISAL,24,5,,1,,,,,,,,,,,,,,,,,,3819,SATARA,
9,"BLUE DART EXPRESS LTD.,",30-06-23,4169,ABHISHEK GANESH SAKAT,24,5,,,,,,1,,,,,,,,,,,,,,3823,WGH,
9,"BLUE DART EXPRESS LTD.,",30-06-23,4040,ADITYA ASHOK PATOLE,24,5,,,,,1,,,,,,,,,,,,,,,3694,SHRIGONDA,
9,"BLUE DART EXPRESS LTD.,",30-06-23,4301,AKASH  BHAGWAT CHATE,20,5,4,1,,,,,,,,,,,,,,,,,,4404,BRN,
9,"BLUE DART EXPRESS LTD.,",30-06-23,4177,AKASH DATTATRAY CHANDANE,23,5,2,,,,,,,,,,,,,,,,,,,3831,MARKETYARD,
9,"BLUE DART EXPRESS LTD.,",30-06-23,4371,AKASH DILIP SURYAWANSHI,18,3,9,,,,,,,,,,,,,,,,,,,4429,PCH,
9,"BLUE DART EXPRESS LTD.,",30-06-23,4027,AKASH GANPAT THAKAR,20,5,4,,,,,1,,,,,,,,,,,,,,3681,PUB/OB,
9,"BLUE DART EXPRESS LTD.,",30-06-23,4171,AKASH PRAKASH PARADHI,25,5,,,,,,,,,,,,,,,,,,,,3825,TWH,
9,"BLUE DART EXPRESS LTD.,",30-06-23,4378,AKBAR SHARPPODIN SHAIKH,23,5,,2,,,,,,,,,,,,,,,,,,4434,ELECTRONICA,
9,"BLUE DART EXPRESS LTD.,",30-06-23,3667,AKIB ABDUL SALIM SHAIKH,25,5,,,,,,,,,,,,,,,,,,,,3321,MARKETYARD,
9,"BLUE DART EXPRESS LTD.,",30-06-23,4505,AKIF  ARIF KHAN,25,5,,,,,,,,,,,,,,,,,,,,,SID,
9,"BLUE DART EXPRESS LTD.,",30-06-23,4234,ALTAF ASIF SHAIKH,25,5,,,,,,,,,,,,,,,,,,,,4389,BRG,
9,"BLUE DART EXPRESS LTD.,",30-06-23,3491,AMIR FIROJ KILLEDAR,23,5,,1,,,,1,,,,,,,,,,,,,,3145,KHW,
9,"BLUE DART EXPRESS LTD.,",30-06-23,4078,AMIT RAMESH SAWALE,25,5,,,,,,,,,,,,,,,,,,,,3732,TWH,
9,"BLUE DART EXPRESS LTD.,",30-06-23,3898,AMIT VIJAY JAGDALE,25,5,,,,,,,,,,,,,,,,,,,,3552,TWH,
9,"BLUE DART EXPRESS LTD.,",30-06-23,4293,AMOL  ANNAPPA  TELVEKAR,23,5,,2,,,,,,,,,,,,,,,,,,4396,BRN,
9,"BLUE DART EXPRESS LTD.,",30-06-23,2836,AMOL RAJENDRA KADAM,25,5,,,,,,,,,,,,,,,,,,,,2490,SATARA,
9,"BLUE DART EXPRESS LTD.,",30-06-23,4490,ANAGHA ANISH SHERAMKAR,24,5,1,,,,,,,,,,,,,,,,,,,,SGV,
9,"BLUE DART EXPRESS LTD.,",30-06-23,3523,ANANDA RUKMAJI WAGHMARE,25,5,,,,,,,,,,,,,,,,,,,,3177,PUB/OB,
9,"BLUE DART EXPRESS LTD.,",30-06-23,3458,ANANTA CHINDHU DHORE,21,5,2,2,,,,,,,,,,,,,,,,,,3112,TWH,
9,"BLUE DART EXPRESS LTD.,",30-06-23,4466,ANIKET  DASHRATH  KSHIRSAGAR,16,4,10,,,,,,,,,,,,,,,,,,,4446,PMC,
9,"BLUE DART EXPRESS LTD.,",30-06-23,4438,ANIKET HARIDAS WAGH,25,5,,,,,,,,,,,,,,,,,,,,4438,TWH,
9,"BLUE DART EXPRESS LTD.,",30-06-23,4308,ANIL  MADHUKAR CHAVAN,25,5,,,,,,,,,,,,,,,,,,,,4408,SAA,
9,"BLUE DART EXPRESS LTD.,",30-06-23,3000,ANIL GORAKHNATH KEMSE,25,5,,,,,,,,,,,,,,,,,,,,2654,EDP,
9,"BLUE DART EXPRESS LTD.,",30-06-23,3649,ANIL MOHAN DUMBARE,25,5,,,,,,,,,,,,,,,,,,,,3303,SKODA-VW CHAKAN,
9,"BLUE DART EXPRESS LTD.,",30-06-23,4175,ARJUN BAPU UMAP,23,5,,2,,,,,,,,,,,,,,,,,,3829,TWH,
9,"BLUE DART EXPRESS LTD.,",30-06-23,4377,ARVIND  PANDURANG  KUMBHAR,21,3,2,4,,,,,,,,,,,,,,,,,,4433,TWH,
9,"BLUE DART EXPRESS LTD.,",30-06-23,4379,ARYAN BHANUDAS JAGTAP,18,4,5,3,,,,,,,,,,,,,,,,,,4435,ELECTRONICA,
9,"BLUE DART EXPRESS LTD.,",30-06-23,3793,ASHISH SINGH MAHINDRAPAL BHATTI,21,4,3,2,,,,,,,,,,,,,,,,,,3447,SANGVI,
9,"BLUE DART EXPRESS LTD.,",30-06-23,4439,ASHOK KISHOR SHINDE,24,5,,1,,,,,,,,,,,,,,,,,,4439,BRN,
9,"BLUE DART EXPRESS LTD.,",30-06-23,3328,ASHOK VAIJINATH LONDHE,25,5,,,,,,,,,,,,,,,,,,,,2982,LORREL CHAKAN,
9,"BLUE DART EXPRESS LTD.,",30-06-23,4309,ATUL  DILIP  DHONDAWAD,23,5,,2,,,,,,,,,,,,,,,,,,4409,BRN,
9,"BLUE DART EXPRESS LTD.,",30-06-23,4469,AVINASH  MAHADU  DHORE,,,,,,,,,,,,,,,,,,,,,,4449,TWH,
9,"BLUE DART EXPRESS LTD.,",30-06-23,4178,AVINASH DATTATRAY CHANDANE,20,5,1,4,,,,,,,,,,,,,,,,,,3832,MARKETYARD,
9,"BLUE DART EXPRESS LTD.,",30-06-23,2887,BAPU KALYAN THORAT,25,5,,,,,,,,,,,,,,,,,,,,2541,PUB/OB,
9,"BLUE DART EXPRESS LTD.,",30-06-23,2654,BHARAT CHANDRAKANT SHINDE,25,5,,,,,,,,,,,,,,,,,,,,2308,LORREL CHAKAN,
9,"BLUE DART EXPRESS LTD.,",30-06-23,2686,BHARAT RAGHU KOTWAL,25,5,,,,,,,,,,,,,,,,,,,,2340,LORREL CHAKAN,
9,"BLUE DART EXPRESS LTD.,",30-06-23,4131,BHARATI CHANDRAKANT PANDIT,25,5,,,,,,,,,,,,,,,,,,,,3785,HDP,
9,"BLUE DART EXPRESS LTD.,",30-06-23,3893,DAMINI KISAN KAD,16,1,13,,,,,,,,,,,,,,,,,,,3547,CAH,
9,"BLUE DART EXPRESS LTD.,",30-06-23,4506,DAYANAND VITTHAL KALWALE,24,5,1,,,,,,,,,,,,,,,,,,,,PCH,
9,"BLUE DART EXPRESS LTD.,",30-06-23,4028,DEEPAK GANPAT AGALE,21,5,2,2,,,,,,,,,,,,,,,,,,3682,PUB/OB,
9,"BLUE DART EXPRESS LTD.,",30-06-23,4005,DEEPAK RAMESH PAWAR,,,,,,,,,,,,,,,,,,,,,,3659,LORREL CHAKAN,
9,"BLUE DART EXPRESS LTD.,",30-06-23,2525,GANESH ANNA CHOBHE,25,5,,,,,,,,,,,,,,,,,,,,2179,VIMANNAGAR,
9,"BLUE DART EXPRESS LTD.,",30-06-23,2476,GANESH CHANDRAKANT TILEKAR,24,5,,1,,,,,,,,,,,,,,,,,,2130,SATARA,
9,"BLUE DART EXPRESS LTD.,",30-06-23,4310,GANESH SANJAY KATE,22,5,1,2,,,,,,,,,,,,,,,,,,4410,BRN,
9,"BLUE DART EXPRESS LTD.,",30-06-23,3836,GANESH TANAJI GORE,24,5,,1,,,,,,,,,,,,,,,,,,3490,SAA,
9,"BLUE DART EXPRESS LTD.,",30-06-23,3089,GOKUL NARAYAN BATHE,,,,,,,,,,,,,,,,,,,,,,2743,SINHGAD ROAD,
9,"BLUE DART EXPRESS LTD.,",30-06-23,4173,GORAKSHNATH DILIP SATHE,25,5,,,,,,,,,,,,,,,,,,,,3827,BANER,
9,"BLUE DART EXPRESS LTD.,",30-06-23,4440,HIMANSHU SHAILESH GARSUND,25,5,,,,,,,,,,,,,,,,,,,,4440,BRN,
9,"BLUE DART EXPRESS LTD.,",30-06-23,2448,HITESH LALASO KHARADE,24,5,,1,,,,,,,,,,,,,,,,,,2102,SATARA,
9,"BLUE DART EXPRESS LTD.,",30-06-23,4361,HRUSHIKESH  DEVIDAS  KULKARNI,24,5,1,,,,,,,,,,,,,,,,,,,4421,TWH,
9,"BLUE DART EXPRESS LTD.,",30-06-23,4376,JAY  GANESH  CHAVAN,23,5,1,1,,,,,,,,,,,,,,,,,,4432,TWH,
9,"BLUE DART EXPRESS LTD.,",30-06-23,3097,KALPESH BHIKU CHAVAN,22,5,3,,,,,,,,,,,,,,,,,,,2751,PIMPRI,
9,"BLUE DART EXPRESS LTD.,",30-06-23,4238,KARAN  PRAKASH  KAVADE,25,5,,,,,,,,,,,,,,,,,,,,4392,HDP,
9,"BLUE DART EXPRESS LTD.,",30-06-23,4302,KARAN  RAMESH CHAVAN,19,4,1,6,,,,,,,,,,,,,,,,,,4405,BRN,
9,"BLUE DART EXPRESS LTD.,",30-06-23,3906,KARAN SHIVAJI KUCHEKAR,19,5,6,,,,,,,,,,,,,,,,,,,3560,SANGVI,
9,"BLUE DART EXPRESS LTD.,",30-06-23,1254,KISAN BABAN SHELAR,24,5,,1,,,,,,,,,,,,,,,,,,908,APEX/SFC,
9,"BLUE DART EXPRESS LTD.,",30-06-23,2812,KISHOR BABAN GAWADE,23,5,2,,,,,,,,,,,,,,,,,,,2466,PUB/HUB,
9,"BLUE DART EXPRESS LTD.,",30-06-23,3227,KISHOR RAJU CHOUGULE,24,5,,,,,,1,,,,,,,,,,,,,,2881,PUB/OB,
9,"BLUE DART EXPRESS LTD.,",30-06-23,4442,KOMAL HANMANT CHAVAN,,,,,,,,,,,,,,,,,,,,,,4442,BRN,
9,"BLUE DART EXPRESS LTD.,",30-06-23,4241,KRISHNA  ASHOK GAIKWAD,25,5,,,,,,,,,,,,,,,,,,,,4394,HNW,
9,"BLUE DART EXPRESS LTD.,",30-06-23,4174,KRISHNA ASHOK SURYAWANSHI,20,5,5,,,,,,,,,,,,,,,,,,,3828,HADAPSAR,
9,"BLUE DART EXPRESS LTD.,",30-06-23,4471,KUNAL  NITIN  KUMBHAR,24,5,,1,,,,,,,,,,,,,,,,,,4451,HNW,
9,"BLUE DART EXPRESS LTD.,",30-06-23,4158,KUNAL SUNIL  PILLAY,25,5,,,,,,,,,,,,,,,,,,,,3812,BUND GARDEN,
9,"BLUE DART EXPRESS LTD.,",30-06-23,3115,LAXMAN DHULAPPA HARLAYYA,20,5,,3,,,,2,,,,,,,,,,,,,,2769,PUB/OB,
9,"BLUE DART EXPRESS LTD.,",30-06-23,2710,MACHINDRA VITTHAL WEHALE,17,3,,10,,,,,,,,,,,,,,,,,,2364,LORREL CHAKAN,
9,"BLUE DART EXPRESS LTD.,",30-06-23,4314,MAHADEV  NANA SHINGATE,25,5,,,,,,,,,,,,,,,,,,,,4414,BRN,
9,"BLUE DART EXPRESS LTD.,",30-06-23,4507,MAHARUDRA SHIVAJI GAVATE,25,5,,,,,,,,,,,,,,,,,,,,,PCH,
9,"BLUE DART EXPRESS LTD.,",30-06-23,4058,MANOJ DNYANESHWAR SHINDE,25,5,,,,,,,,,,,,,,,,,,,,3712,TWH,
9,"BLUE DART EXPRESS LTD.,",30-06-23,3249,MARUTI BABULAL MUNGASE,24,5,,1,,,,,,,,,,,,,,,,,,2903,SKODA-VW CHAKAN,
9,"BLUE DART EXPRESS LTD.,",30-06-23,3666,MATRUSHWAR BASAVRAJ DODMANI,24,5,,1,,,,,,,,,,,,,,,,,,3320,VIMANNAGAR,
9,"BLUE DART EXPRESS LTD.,",30-06-23,4380,MOHD AZHAR ZAFAR AZHAR,25,5,,,,,,,,,,,,,,,,,,,,4436,PCH,
9,"BLUE DART EXPRESS LTD.,",30-06-23,4508,MUKESH PRABHU JADHAV,22,4,4,,,,,,,,,,,,,,,,,,,,PMC,
9,"BLUE DART EXPRESS LTD.,",30-06-23,3318,MUKINDA DATTU PATOLE,23,5,,2,,,,,,,,,,,,,,,,,,2972,VEC,
9,"BLUE DART EXPRESS LTD.,",30-06-23,3060,NAVNATH ANANDA DHORE,25,5,,,,,,,,,,,,,,,,,,,,2714,TWH,
9,"BLUE DART EXPRESS LTD.,",30-06-23,2833,NAVNATH BAJRANG KURELEKAR,25,5,,,,,,,,,,,,,,,,,,,,2487,SATARA,
9,"BLUE DART EXPRESS LTD.,",30-06-23,4467,NILESH  RAJU  DEGALMADI,19,4,7,,,,,,,,,,,,,,,,,,,4447,PMC,
9,"BLUE DART EXPRESS LTD.,",30-06-23,1770,NILESH KALURAM DUMBARE,25,5,,,,,,,,,,,,,,,,,,,,1424,LORREL CHAKAN,
9,"BLUE DART EXPRESS LTD.,",30-06-23,3121,NILESH NARAYAN KAJALE,23,4,,3,,,,,,,,,,,,,,,,,,2775,GENRAL MOTORS,
9,"BLUE DART EXPRESS LTD.,",30-06-23,4482,NILESH SHARAD KAMBLE,16,3,11,,,,,,,,,,,,,,,,,,,,HDP,
9,"BLUE DART EXPRESS LTD.,",30-06-23,2810,NILESH VASANTRAO JAGDALE,22,5,1,,,,,2,,,,,,,,,,,,,,2464,KHW,
9,"BLUE DART EXPRESS LTD.,",30-06-23,4294,NITESH  NISHANT  MANDLIK,24,5,,1,,,,,,,,,,,,,,,,,,4397,KHW,
9,"BLUE DART EXPRESS LTD.,",30-06-23,3505,NITESH DIPAK AWAGHADE,25,5,,,,,,,,,,,,,,,,,,,,3159,SATARA,
9,"BLUE DART EXPRESS LTD.,",30-06-23,4161,NITIN GOPINATH KADAM,20,4,4,2,,,,,,,,,,,,,,,,,,3815,PUB/OB,
9,"BLUE DART EXPRESS LTD.,",30-06-23,4319,OMKAR  DEEPAK  SALUNKE,25,5,,,,,,,,,,,,,,,,,,,,4418,HDP,
9,"BLUE DART EXPRESS LTD.,",30-06-23,4374,OMKAR  UTTAM SHINDE,21,5,4,,,,,,,,,,,,,,,,,,,4431,SID,
9,"BLUE DART EXPRESS LTD.,",30-06-23,4337,OMKAR DATTATRAYA SHINDE,24,4,2,,,,,,,,,,,,,,,,,,,4420,SID,
9,"BLUE DART EXPRESS LTD.,",30-06-23,4311,OMKAR SAMPAT  INGWALE,24,5,,1,,,,,,,,,,,,,,,,,,4411,BRN,
9,"BLUE DART EXPRESS LTD.,",30-06-23,4299,ONKAR  RAJENDRA  POWAR,24,5,,,,,,1,,,,,,,,,,,,,,4402,KHW,
9,"BLUE DART EXPRESS LTD.,",30-06-23,4061,PANKAJ SURYAKANT NANGARE,24,5,1,,,,,,,,,,,,,,,,,,,3715,TWH,
9,"BLUE DART EXPRESS LTD.,",30-06-23,4050,PIRSAB SALIM SHAIKH,25,5,,,,,,,,,,,,,,,,,,,,3704,IT SAGAR,
9,"BLUE DART EXPRESS LTD.,",30-06-23,4134,PRABHAKAR SURESH  SAREGAON,24,5,,,,,,1,,,,,,,,,,,,,,3788,KHP,
9,"BLUE DART EXPRESS LTD.,",30-06-23,3368,PRADIP DHONDIRAM PATIL,19,4,,7,,,,,,,,,,,,,,,,,,3022,KHW,
9,"BLUE DART EXPRESS LTD.,",30-06-23,3869,PRADIP TANAJI YEWALE,24,5,,1,,,,,,,,,,,,,,,,,,3523,GENRAL MOTORS,
9,"BLUE DART EXPRESS LTD.,",30-06-23,2723,PRAKASH SHIVAJI GAIKWAD,25,5,,,,,,,,,,,,,,,,,,,,2377,LORREL CHAKAN,
9,"BLUE DART EXPRESS LTD.,",30-06-23,4059,PRASANNA NAVNATH SHINDE,21,4,,5,,,,,,,,,,,,,,,,,,3713,TWH,
9,"BLUE DART EXPRESS LTD.,",30-06-23,4295,PRASHANT  PRALHAD  PATIL ,24,5,1,,,,,,,,,,,,,,,,,,,4398,BRN,
9,"BLUE DART EXPRESS LTD.,",30-06-23,2830,PRASHANT YUVRAJ SALUNKHE,23,5,,,,,,2,,,,,,,,,,,,,,2484,KHW,
9,"BLUE DART EXPRESS LTD.,",30-06-23,3457,PREMKUMAR ANIL PAWAR,20,4,3,3,,,,,,,,,,,,,,,,,,3111,PUB/OB,
9,"BLUE DART EXPRESS LTD.,",30-06-23,4316,PRIYANKA DEEPAK KUMBHAR,25,5,,,,,,,,,,,,,,,,,,,,4416,BRN,
9,"BLUE DART EXPRESS LTD.,",30-06-23,3902,PUNAJI HONAJI SHINGADE,25,5,,,,,,,,,,,,,,,,,,,,3556,LORREL CHAKAN,
9,"BLUE DART EXPRESS LTD.,",30-06-23,4366,RAHUL  NATHA  MAZIRE,25,5,,,,,,,,,,,,,,,,,,,,4425,TWH,
9,"BLUE DART EXPRESS LTD.,",30-06-23,2703,RAHUL DHONDIBHAU THOMBARE,24,5,,1,,,,,,,,,,,,,,,,,,2357,LORREL CHAKAN,
9,"BLUE DART EXPRESS LTD.,",30-06-23,4015,RAHUL KAILASH DHAWALE,,,,,,,,,,,,,,,,,,,,,,3669,TWH,
9,"BLUE DART EXPRESS LTD.,",30-06-23,4132,RAJESH SUBHASH SHIVALE,25,5,,,,,,,,,,,,,,,,,,,,3786,TALEGAON DABHADE,
9,"BLUE DART EXPRESS LTD.,",30-06-23,4296,RAKESH BHIVAJI MAGDUM,25,5,,,,,,,,,,,,,,,,,,,,4399,BRN,
9,"BLUE DART EXPRESS LTD.,",30-06-23,3381,RAKESH SHARAD KAMBLE,25,5,,,,,,,,,,,,,,,,,,,,3035,HDP,
9,"BLUE DART EXPRESS LTD.,",30-06-23,4491,RAM SURESH JADHAV,23,5,2,,,,,,,,,,,,,,,,,,,,PMC,
9,"BLUE DART EXPRESS LTD.,",30-06-23,3245,RAMDAS VILAS RALE,25,5,,,,,,,,,,,,,,,,,,,,2899,LORREL CHAKAN,
9,"BLUE DART EXPRESS LTD.,",30-06-23,4312,RAMESH BABURAO BANSODE,18,4,3,,,,,,,,,,,,,,,,,,,4412,BRN,
9,"BLUE DART EXPRESS LTD.,",30-06-23,4483,RANJEET  SANJAY  KANASE,24,5,,1,,,,,,,,,,,,,,,,,,,SAA,
9,"BLUE DART EXPRESS LTD.,",30-06-23,3782,RAVI BHAUSAHWB JADHAV,25,5,,,,,,,,,,,,,,,,,,,,3436,GENRAL MOTORS,
9,"BLUE DART EXPRESS LTD.,",30-06-23,3429,RAVI NATHU SAPRE,22,5,2,,,,,1,,,,,,,,,,,,,,3083,PUB/HUB,
9,"BLUE DART EXPRESS LTD.,",30-06-23,4002,RAVIKIRAN RAGHUNATH PATIL,24,5,,1,,,,,,,,,,,,,,,,,,3656,KHW,
9,"BLUE DART EXPRESS LTD.,",30-06-23,2738,RAVINDRA KHEMA DHARADE,25,5,,,,,,,,,,,,,,,,,,,,2392,LORREL CHAKAN,
9,"BLUE DART EXPRESS LTD.,",30-06-23,4509,ROHIT PURSHOTTAM POOJARI,22,5,3,,,,,,,,,,,,,,,,,,,,TGR,
9,"BLUE DART EXPRESS LTD.,",30-06-23,3986,RUSHIKESH SAMBHAJI  SHENDGE,,,,,,,,,,,,,,,,,,,,,,3640,GENRAL MOTORS,
9,"BLUE DART EXPRESS LTD.,",30-06-23,3924,RUSHIKESH SAMBHAJI AGATE,25,5,,,,,,,,,,,,,,,,,,,,3578,TWH,
9,"BLUE DART EXPRESS LTD.,",30-06-23,3372,SACHIN SUBHASH BOIWAR,23,5,,2,,,,,,,,,,,,,,,,,,3026,PUB/HUB,
9,"BLUE DART EXPRESS LTD.,",30-06-23,3631,SAGAR MADHUKAR THORAT,23,5,2,,,,,,,,,,,,,,,,,,,3285,VEC,
9,"BLUE DART EXPRESS LTD.,",30-06-23,3416,SAGAR SANJAY KANASE,25,5,,,,,,,,,,,,,,,,,,,,3070,SATARA,
9,"BLUE DART EXPRESS LTD.,",30-06-23,3308,SAGAR SANJAY MAHAJAN,24,4,,1,,,,1,,,,,,,,,,,,,,2962,TWH,
9,"BLUE DART EXPRESS LTD.,",30-06-23,3524,SAHIL GANGARAM ANKUSH,24,5,,1,,,,,,,,,,,,,,,,,,3178,PUB/OB,
9,"BLUE DART EXPRESS LTD.,",30-06-23,3753,SAIRAJ BHAGWAN GIRI,25,5,,,,,,,,,,,,,,,,,,,,3407,KHW,
9,"BLUE DART EXPRESS LTD.,",30-06-23,4159,SAMIR JAMIL SHAIKH,25,5,,,,,,,,,,,,,,,,,,,,3813,MARKETYARD,
9,"BLUE DART EXPRESS LTD.,",30-06-23,2708,SAMIT LALASO PHADATARE,24,5,,1,,,,,,,,,,,,,,,,,,2362,SATARA,
9,"BLUE DART EXPRESS LTD.,",30-06-23,4300,SAMPAT  MOHAN  KAMBLE,7,0,,,,,,,,,,,,,,,,,,,,4403,BRN,
9,"BLUE DART EXPRESS LTD.,",30-06-23,3932,SANDEEP DATTATRAYA KUDALE,25,5,,,,,,,,,,,,,,,,,,,,3586,TWH,
9,"BLUE DART EXPRESS LTD.,",30-06-23,2049,SANDEEP GANESH CHINCHANE,22,5,,3,,,,,,,,,,,,,,,,,,1703,BUND GARDEN,
9,"BLUE DART EXPRESS LTD.,",30-06-23,3909,SANDEEP NAMDEV RAIKAR,22,5,,3,,,,,,,,,,,,,,,,,,3563,SANGVI,
9,"BLUE DART EXPRESS LTD.,",30-06-23,4242,SANDESH  SANJAY PINATE,25,5,,,,,,,,,,,,,,,,,,,,4395,HNW,
9,"BLUE DART EXPRESS LTD.,",30-06-23,4013,SANDESH BHIMSEN UDHANE,25,5,,,,,,,,,,,,,,,,,,,,3667,TWH,
9,"BLUE DART EXPRESS LTD.,",30-06-23,4303,SANJAY  KUNDLIK  RAJGE,21,5,3,1,,,,,,,,,,,,,,,,,,4406,PUB,
9,"BLUE DART EXPRESS LTD.,",30-06-23,4446,SANJEEV SHESHMANI SHARMA,,,,,,,,,,,,,,,,,,,,,,4444,BRN,
9,"BLUE DART EXPRESS LTD.,",30-06-23,3527,SANTONI PRAKASH JAGTAP,21,5,4,,,,,,,,,,,,,,,,,,,3181,PUB/HUB,
9,"BLUE DART EXPRESS LTD.,",30-06-23,2226,SANTOSH KAMLAKAR BHISE,24,5,,1,,,,,,,,,,,,,,,,,,1880,SATARA,
9,"BLUE DART EXPRESS LTD.,",30-06-23,4168,SATYJEET SURESH DABHADE,23,5,,,,,,2,,,,,,,,,,,,,,3822,KHW,
9,"BLUE DART EXPRESS LTD.,",30-06-23,4187,SHEKHAR BHASKAR  ANDHALE,25,5,,,,,,,,,,,,,,,,,,,,4385,TWH,
9,"BLUE DART EXPRESS LTD.,",30-06-23,4370,SHUBHAM  RAVJI  BHOIR,25,5,,,,,,,,,,,,,,,,,,,,4428,HNW,
9,"BLUE DART EXPRESS LTD.,",30-06-23,4468,SHUBHAM  SAMPAT  BHALERAO,20,4,6,,,,,,,,,,,,,,,,,,,4448,PMC,
9,"BLUE DART EXPRESS LTD.,",30-06-23,4176,SHUBHAM DNYANESHWAR CHANDANE,25,5,,,,,,,,,,,,,,,,,,,,3830,MARKETYARD,
9,"BLUE DART EXPRESS LTD.,",30-06-23,3991,SHUBHAM MOHAN  MALI,22,5,,1,,,,2,,,,,,,,,,,,,,3645,KHW,
9,"BLUE DART EXPRESS LTD.,",30-06-23,4239,SHUBHAM RAJESH VAKUDE,25,5,,,,,,,,,,,,,,,,,,,,4393,HDP,
9,"BLUE DART EXPRESS LTD.,",30-06-23,4510,SHUBHAM RAMCHANDRA SHINDE,25,5,,,,,,,,,,,,,,,,,,,,,VIN,
9,"BLUE DART EXPRESS LTD.,",30-06-23,4313,SIBENDRANATH  JAGDISH  MAJHI,25,5,,,,,,,,,,,,,,,,,,,,4413,BRN,
9,"BLUE DART EXPRESS LTD.,",30-06-23,3737,SIDDHESHWAR BALIRAM THORAT,24,5,,1,,,,,,,,,,,,,,,,,,3391,TWH,
9,"BLUE DART EXPRESS LTD.,",30-06-23,4057,SOMNATH DEVIDAS KULKARNI,25,5,,,,,,,,,,,,,,,,,,,,3711,PWH,
9,"BLUE DART EXPRESS LTD.,",30-06-23,4449,SOPAN  ASHOK YEDMAL,,,,,,,,,,,,,,,,,,,,,,4445,BRN,
9,"BLUE DART EXPRESS LTD.,",30-06-23,4043,SRINIVAS VILAS POWAR,21,5,,2,,,,2,,,,,,,,,,,,,,3697,KHW,
9,"BLUE DART EXPRESS LTD.,",30-06-23,2616,SUDHIR GOVIND NAIKARE,25,5,,,,,,,,,,,,,,,,,,,,2270,SKODA-VW CHAKAN,
9,"BLUE DART EXPRESS LTD.,",30-06-23,3621,SUHAS SAKHARAM KADAM,25,5,,,,,,,,,,,,,,,,,,,,3275,PUB/OB,
9,"BLUE DART EXPRESS LTD.,",30-06-23,4492,SUNIL CHANDRABHAN BIRADAR,25,5,,,,,,,,,,,,,,,,,,,,,HNW,
9,"BLUE DART EXPRESS LTD.,",30-06-23,3969,SURAJ PRAKASH PAWAR,24,5,,1,,,,,,,,,,,,,,,,,,3623,SATARA,
9,"BLUE DART EXPRESS LTD.,",30-06-23,4511,SWAPNIL  SANJAY MALWADKAR,24,5,1,,,,,,,,,,,,,,,,,,,,BRG,
9,"BLUE DART EXPRESS LTD.,",30-06-23,4315,TEJAS JAYVANT BORKAR,25,5,,,,,,,,,,,,,,,,,,,,4415,BRN,
9,"BLUE DART EXPRESS LTD.,",30-06-23,2977,TUKARAM RAGHUNATH MEMANE,25,5,,,,,,,,,,,,,,,,,,,,2631,LORREL CHAKAN,
9,"BLUE DART EXPRESS LTD.,",30-06-23,4235,TUSHAR RAJARAM RANAWARE,25,5,,,,,,,,,,,,,,,,,,,,4390,BRN,
9,"BLUE DART EXPRESS LTD.,",30-06-23,4297,UMESH HINDURAO GADAVE,24,5,,1,,,,,,,,,,,,,,,,,,4400,BRN,
9,"BLUE DART EXPRESS LTD.,",30-06-23,4198,VAIBHAV  VIJAY  KODOLKAR,25,5,,,,,,,,,,,,,,,,,,,,4388,BRN,
9,"BLUE DART EXPRESS LTD.,",30-06-23,4493,VAIBHAV BALU THORAT,4,1,,,,,,,,,,,,,,,,,,,,,PMC,
9,"BLUE DART EXPRESS LTD.,",30-06-23,4051,VAIBHAV RAMDAS MADVI,24,5,,1,,,,,,,,,,,,,,,,,,3705,IT SAGAR,
9,"BLUE DART EXPRESS LTD.,",30-06-23,4194,VAMAN  VIJAY  BHUJBAL,25,5,,,,,,,,,,,,,,,,,,,,4387,TWH,
9,"BLUE DART EXPRESS LTD.,",30-06-23,4146,VIJAY MAHADEV PAWAR,25,5,,,,,,,,,,,,,,,,,,,,3800,TWH,
9,"BLUE DART EXPRESS LTD.,",30-06-23,4033,VIJAY SARJERAO PATIL,21,5,4,,,,,,,,,,,,,,,,,,,3687,TWH,
9,"BLUE DART EXPRESS LTD.,",30-06-23,3670,VIKAS RAJU BHOR,25,5,,,,,,,,,,,,,,,,,,,,3324,LORREL CHAKAN,
9,"BLUE DART EXPRESS LTD.,",30-06-23,4188,VIKAS VAMAN BHALERAO,25,5,,,,,,,,,,,,,,,,,,,,4386,SGB,
9,"BLUE DART EXPRESS LTD.,",30-06-23,3332,VINAY YASHWANT RAJHUNS,23,4,3,,,,,,,,,,,,,,,,,,,2986,KHW,
9,"BLUE DART EXPRESS LTD.,",30-06-23,3630,VINOD HARI PAWAR,24,5,,1,,,,,,,,,,,,,,,,,,3284,PIMPRI,
9,"BLUE DART EXPRESS LTD.,",30-06-23,4181,VISHAL AADHIK  JAMADAR,23,5,,2,,,,,,,,,,,,,,,,,,3835,SATARA,
9,"BLUE DART EXPRESS LTD.,",30-06-23,2813,VISHAL WALKU PARDHI,23,5,2,,,,,,,,,,,,,,,,,,,2467,TWH,
9,"BLUE DART EXPRESS LTD.,",30-06-23,4298,YOGESH  VILAS  KANDGAVKAR,25,5,,,,,,,,,,,,,,,,,,,,4401,BRN,
9,"BLUE DART EXPRESS LTD.,",30-06-23,2211,YOGESH MOHAN PAKHALE,23,5,,2,,,,,,,,,,,,,,,,,,1865,TWH,
9,"BLUE DART EXPRESS LTD.,",30-06-23,4062,YOGITA SUDHIR KAMBLE,18,4,8,,,,,,,,,,,,,,,,,,,3716,PMC,
