 Client_id ,Client_name,Sal_month, Emp_id,Employee_NAME,present,weeklyoff,  absent, pl,cl,sl , paidholiday,additional, othours, nightshifts,incometax,canteen,extra_inc1, extra_inc2,leave_encash,extra_ded1,extra_ded2, wagediff,Allow_arrears, Ot_arrears,invalid,Client_id ,Client_name,Sal_month, Emp_id,Employee_NAME,Present,Weeklyoff,  Absent, Pl,Cl,Sl , Paidholiday,Additional, Othours, Nightshifts,Incometax,Canteen,Extra_inc1, Extra_inc2,Leave_encash,Extra_ded1,Extra_ded2, Wagediff,Allow_arrears, Ot_arrears,Invalid
9,"BLUE DART EXPRESS LTD.,",31-05-2023,2502,ABHIJEET NANDAKUMAR GAWARE,25,4,,,,,1,,,,,,,,,,,,,,,2156,TWH,,,,,,,,,,,,,,,,,,,,,,,,
9,"BLUE DART EXPRESS LTD.,",31-05-2023,4165,ABHIJIT JAGANNATH PISAL,25,4,,,,,1,,,,,,,,,,,,,,,3819,SATARA,,,,,,,,,,,,,,,,,,,,,,,,
9,"BLUE DART EXPRESS LTD.,",31-05-2023,4437,ABHIJIT SIDRAM VANDAGUNDE,,,,,,,,,,,,,,,,,,,,,,4437,BRN,,,,,,,,,,,,,,,,,,,,,,,,
9,"BLUE DART EXPRESS LTD.,",31-05-2023,4169,ABHISHEK GANESH SAKAT,21,4,,4,,,1,,,,,,,,,,,,,,,3823,WGH,,,,,,,,,,,,,,,,,,,,,,,,
9,"BLUE DART EXPRESS LTD.,",31-05-2023,4040,ADITYA ASHOK PATOLE,17,3,,8,,,1,1,,,,,,,,,,,,,,3694,SHRIGONDA,,,,,,,,,,,,,,,,,,,,,,,,
9,"BLUE DART EXPRESS LTD.,",31-05-2023,4301,AKASH  BHAGWAT CHATE,25,4,,,,,1,,,,,,,,,,,,,,,4404,BRN,,,,,,,,,,,,,,,,,,,,,,,,
9,"BLUE DART EXPRESS LTD.,",31-05-2023,4363,AKASH  MANIK  KAMBLE,18,3,8,,,,1,,,,,,,,,,,,,,,4423,PCH,,,,,,,,,,,,,,,,,,,,,,,,
9,"BLUE DART EXPRESS LTD.,",31-05-2023,4177,AKASH DATTATRAY CHANDANE,22,4,,3,,,1,,,,,,,,,,,,,,,3831,MARKETYARD,,,,,,,,,,,,,,,,,,,,,,,,
9,"BLUE DART EXPRESS LTD.,",31-05-2023,4371,AKASH DILIP SURYAWANSHI,,,,,,,,,,,,,,,,,,,,,,4429,PCH,,,,,,,,,,,,,,,,,,,,,,,,
9,"BLUE DART EXPRESS LTD.,",31-05-2023,4027,AKASH GANPAT THAKAR,20,4,,3,,,1,2,,,,,,,,,,,,,,3681,PUB/OB,,,,,,,,,,,,,,,,,,,,,,,,
9,"BLUE DART EXPRESS LTD.,",31-05-2023,4171,AKASH PRAKASH PARADHI,22,4,,3,,,1,,,,,,,,,,,,,,,3825,TWH,,,,,,,,,,,,,,,,,,,,,,,,
9,"BLUE DART EXPRESS LTD.,",31-05-2023,4378,AKBAR SHARPPODIN SHAIKH,24,4,,1,,,1,,,,,,,,,,,,,,,4434,ELECTRONICA,,,,,,,,,,,,,,,,,,,,,,,,
9,"BLUE DART EXPRESS LTD.,",31-05-2023,3667,AKIB ABDUL SALIM SHAIKH,25,4,,,,,1,,,,,,,,,,,,,,,3321,MARKETYARD,,,,,,,,,,,,,,,,,,,,,,,,
9,"BLUE DART EXPRESS LTD.,",31-05-2023,3461,AKSHAY MANSARAM SAHARE,,,,,,,,,,,,,,,,,,,,,,3115,GENRAL MOTORS,,,,,,,,,,,,,,,,,,,,,,,,
9,"BLUE DART EXPRESS LTD.,",31-05-2023,4234,ALTAF ASIF SHAIKH,18,3,5,3,,,1,,,,,,,,,,,,,,,4389,BRG,,,,,,,,,,,,,,,,,,,,,,,,
9,"BLUE DART EXPRESS LTD.,",31-05-2023,4317,AMBIKA  RAGUNATH  JOGDHANKAR,,,,,,,,,,,,,,,,,,,,,,4417,BRN,,,,,,,,,,,,,,,,,,,,,,,,
9,"BLUE DART EXPRESS LTD.,",31-05-2023,3491,AMIR FIROJ KILLEDAR,22,4,,,,,1,3,,,,,,,,,,,,,,3145,KHW,,,,,,,,,,,,,,,,,,,,,,,,
9,"BLUE DART EXPRESS LTD.,",31-05-2023,4078,AMIT RAMESH SAWALE,25,4,,,,,1,,,,,,,,,,,,,,,3732,TWH,,,,,,,,,,,,,,,,,,,,,,,,
9,"BLUE DART EXPRESS LTD.,",31-05-2023,3898,AMIT VIJAY JAGDALE,25,4,,,,,1,,,,,,,,,,,,,,,3552,TWH,,,,,,,,,,,,,,,,,,,,,,,,
9,"BLUE DART EXPRESS LTD.,",31-05-2023,4293,AMOL  ANNAPPA  TELVEKAR,24,4,,1,,,1,,,,,,,,,,,,,,,4396,BRN,,,,,,,,,,,,,,,,,,,,,,,,
9,"BLUE DART EXPRESS LTD.,",31-05-2023,3796,AMOL KAILAS JANGADE,11,2,,16,,,1,,,,,,,,,,,,,,,3450,EDP,,,,,,,,,,,,,,,,,,,,,,,,
9,"BLUE DART EXPRESS LTD.,",31-05-2023,2836,AMOL RAJENDRA KADAM,25,4,,,,,1,,,,,,,,,,,,,,,2490,SATARA,,,,,,,,,,,,,,,,,,,,,,,,
9,"BLUE DART EXPRESS LTD.,",31-05-2023,3523,ANANDA RUKMAJI WAGHMARE,15,2,4,8,,,1,,,,,,,,,,,,,,,3177,PUB/OB,,,,,,,,,,,,,,,,,,,,,,,,
9,"BLUE DART EXPRESS LTD.,",31-05-2023,3458,ANANTA CHINDHU DHORE,22,4,,2,,,1,1,,,,,,,,,,,,,,3112,TWH,,,,,,,,,,,,,,,,,,,,,,,,
9,"BLUE DART EXPRESS LTD.,",31-05-2023,4466,ANIKET  DASHRATH  KSHIRSAGAR,14,2,14,,,,,,,,,,,,,,,,,,,4446,PMC,,,,,,,,,,,,,,,,,,,,,,,,
9,"BLUE DART EXPRESS LTD.,",31-05-2023,4438,ANIKET HARIDAS WAGH,25,4,,,,,1,,,,,,,,,,,,,,,4438,TWH,,,,,,,,,,,,,,,,,,,,,,,,
9,"BLUE DART EXPRESS LTD.,",31-05-2023,4362,ANIKET NITIN GAIKWAD,21,4,4,,,,1,,,,,,,,,,,,,,,4422,SID,,,,,,,,,,,,,,,,,,,,,,,,
9,"BLUE DART EXPRESS LTD.,",31-05-2023,4308,ANIL  MADHUKAR CHAVAN,25,4,,1,,,1,,,,,,,,,,,,,,,4408,SAA,,,,,,,,,,,,,,,,,,,,,,,,
9,"BLUE DART EXPRESS LTD.,",31-05-2023,3000,ANIL GORAKHNATH KEMSE,25,4,,,,,1,,,,,,,,,,,,,,,2654,EDP,,,,,,,,,,,,,,,,,,,,,,,,
9,"BLUE DART EXPRESS LTD.,",31-05-2023,3649,ANIL MOHAN DUMBARE,25,4,,,,,1,,,,,,,,,,,,,,,3303,SKODA-VW CHAKAN,,,,,,,,,,,,,,,,,,,,,,,,
9,"BLUE DART EXPRESS LTD.,",31-05-2023,4175,ARJUN BAPU UMAP,25,4,,,,,1,,,,,,,,,,,,,,,3829,TWH,,,,,,,,,,,,,,,,,,,,,,,,
9,"BLUE DART EXPRESS LTD.,",31-05-2023,4377,ARVIND  PANDURANG  KUMBHAR,25,4,,,,,1,,,,,,,,,,,,,,,4433,TWH,,,,,,,,,,,,,,,,,,,,,,,,
9,"BLUE DART EXPRESS LTD.,",31-05-2023,4379,ARYAN BHANUDAS JAGTAP,23,4,,2,,,1,,,,,,,,,,,,,,,4435,ELECTRONICA,,,,,,,,,,,,,,,,,,,,,,,,
9,"BLUE DART EXPRESS LTD.,",31-05-2023,3793,ASHISH SINGH MAHINDRAPAL BHATTI,22,4,,3,,,1,,,,,,,,,,,,,,,3447,SANGVI,,,,,,,,,,,,,,,,,,,,,,,,
9,"BLUE DART EXPRESS LTD.,",31-05-2023,4439,ASHOK KISHOR SHINDE,24,4,,1,,,1,,,,,,,,,,,,,,,4439,BRN,,,,,,,,,,,,,,,,,,,,,,,,
9,"BLUE DART EXPRESS LTD.,",31-05-2023,3328,ASHOK VAIJINATH LONDHE,21,4,,4,,,1,,,,,,,,,,,,,,,2982,LORREL CHAKAN,,,,,,,,,,,,,,,,,,,,,,,,
9,"BLUE DART EXPRESS LTD.,",31-05-2023,4309,ATUL  DILIP  DHONDAWAD,25,4,,1,,,1,,,,,,,,,,,,,,,4409,BRN,,,,,,,,,,,,,,,,,,,,,,,,
9,"BLUE DART EXPRESS LTD.,",31-05-2023,4469,AVINASH  MAHADU  DHORE,24,4,,1,,,1,,,,,,,,,,,,,,,4449,TWH,,,,,,,,,,,,,,,,,,,,,,,,
9,"BLUE DART EXPRESS LTD.,",31-05-2023,4178,AVINASH DATTATRAY CHANDANE,25,4,,,,,1,,,,,,,,,,,,,,,3832,MARKETYARD,,,,,,,,,,,,,,,,,,,,,,,,
9,"BLUE DART EXPRESS LTD.,",31-05-2023,2887,BAPU KALYAN THORAT,19,3,,7,,,1,,,,,,,,,,,,,,,2541,PUB/OB,,,,,,,,,,,,,,,,,,,,,,,,
9,"BLUE DART EXPRESS LTD.,",31-05-2023,2654,BHARAT CHANDRAKANT SHINDE,24,4,,1,,,1,,,,,,,,,,,,,,,2308,LORREL CHAKAN,,,,,,,,,,,,,,,,,,,,,,,,
9,"BLUE DART EXPRESS LTD.,",31-05-2023,2686,BHARAT RAGHU KOTWAL,25,4,,,,,1,,,,,,,,,,,,,,,2340,LORREL CHAKAN,,,,,,,,,,,,,,,,,,,,,,,,
9,"BLUE DART EXPRESS LTD.,",31-05-2023,4131,BHARATI CHANDRAKANT PANDIT,25,4,,,,,1,,,,,,,,,,,,,,,3785,HDP,,,,,,,,,,,,,,,,,,,,,,,,
9,"BLUE DART EXPRESS LTD.,",31-05-2023,4028,DEEPAK GANPAT AGALE,24,4,,,,,1,1,,,,,,,,,,,,,,3682,PUB/OB,,,,,,,,,,,,,,,,,,,,,,,,
9,"BLUE DART EXPRESS LTD.,",31-05-2023,4005,DEEPAK RAMESH PAWAR,24,4,,1,,,1,,,,,,,,,,,,,,,3659,LORREL CHAKAN,,,,,,,,,,,,,,,,,,,,,,,,
9,"BLUE DART EXPRESS LTD.,",31-05-2023,2525,GANESH ANNA CHOBHE,22,4,,3,,,1,,,,,,,,,,,,,,,2179,VIMANNAGAR,,,,,,,,,,,,,,,,,,,,,,,,
9,"BLUE DART EXPRESS LTD.,",31-05-2023,4162,GANESH BALU KENDALE,,,,,,,,,,,,,,,,,,,,,,3816,PUB/OB,,,,,,,,,,,,,,,,,,,,,,,,
9,"BLUE DART EXPRESS LTD.,",31-05-2023,2476,GANESH CHANDRAKANT TILEKAR,22,4,,3,,,1,,,,,,,,,,,,,,,2130,SATARA,,,,,,,,,,,,,,,,,,,,,,,,
9,"BLUE DART EXPRESS LTD.,",31-05-2023,4310,GANESH SANJAY KATE,24,4,,,,,1,1,,,,,,,,,,,,,,4410,BRN,,,,,,,,,,,,,,,,,,,,,,,,
9,"BLUE DART EXPRESS LTD.,",31-05-2023,3836,GANESH TANAJI GORE,24,4,,,,,1,1,,,,,,,,,,,,,,3490,SAA,,,,,,,,,,,,,,,,,,,,,,,,
9,"BLUE DART EXPRESS LTD.,",31-05-2023,3089,GOKUL NARAYAN BATHE,24,4,,1,,,1,,,,,,,,,,,,,,,2743,SINHGAD ROAD,,,,,,,,,,,,,,,,,,,,,,,,
9,"BLUE DART EXPRESS LTD.,",31-05-2023,4160,GOKUL SANTOSH PAWAR,11,2,,,,,,,,,,,,,,,,,,,,3814,TWH,,,,,,,,,,,,,,,,,,,,,,,,
9,"BLUE DART EXPRESS LTD.,",31-05-2023,4173,GORAKSHNATH DILIP SATHE,23,4,2,,,,1,,,,,,,,,,,,,,,3827,BANER,,,,,,,,,,,,,,,,,,,,,,,,
9,"BLUE DART EXPRESS LTD.,",31-05-2023,4440,HIMANSHU SHAILESH GARSUND,25,4,,,,,1,,,,,,,,,,,,,,,4440,BRN,,,,,,,,,,,,,,,,,,,,,,,,
9,"BLUE DART EXPRESS LTD.,",31-05-2023,2448,HITESH LALASO KHARADE,24,4,,,,,1,1,,,,,,,,,,,,,,2102,SATARA,,,,,,,,,,,,,,,,,,,,,,,,
9,"BLUE DART EXPRESS LTD.,",31-05-2023,4361,HRUSHIKESH  DEVIDAS  KULKARNI,25,4,,,,,1,,,,,,,,,,,,,,,4421,TWH,,,,,,,,,,,,,,,,,,,,,,,,
9,"BLUE DART EXPRESS LTD.,",31-05-2023,4441,IRFAN HIMMAT MULLA,14,3,12,,,,1,,,,,,,,,,,,,,,4441,BRN,,,,,,,,,,,,,,,,,,,,,,,,
9,"BLUE DART EXPRESS LTD.,",31-05-2023,4376,JAY  GANESH  CHAVAN,25,4,,,,,1,,,,,,,,,,,,,,,4432,TWH,,,,,,,,,,,,,,,,,,,,,,,,
9,"BLUE DART EXPRESS LTD.,",31-05-2023,3097,KALPESH BHIKU CHAVAN,10,2,4,13,,,1,,,,,,,,,,,,,,,2751,PIMPRI,,,,,,,,,,,,,,,,,,,,,,,,
9,"BLUE DART EXPRESS LTD.,",31-05-2023,4238,KARAN  PRAKASH  KAVADE,25,4,,,,,1,,,,,,,,,,,,,,,4392,HDP,,,,,,,,,,,,,,,,,,,,,,,,
9,"BLUE DART EXPRESS LTD.,",31-05-2023,4302,KARAN  RAMESH CHAVAN,25,4,,,,,1,,,,,,,,,,,,,,,4405,BRN,,,,,,,,,,,,,,,,,,,,,,,,
9,"BLUE DART EXPRESS LTD.,",31-05-2023,3906,KARAN SHIVAJI KUCHEKAR,23,4,2,,,,1,,,,,,,,,,,,,,,3560,SANGVI,,,,,,,,,,,,,,,,,,,,,,,,
9,"BLUE DART EXPRESS LTD.,",31-05-2023,1254,KISAN BABAN SHELAR,25,4,,,,,1,,,,,,,,,,,,,,,908,APEX/SFC,,,,,,,,,,,,,,,,,,,,,,,,
9,"BLUE DART EXPRESS LTD.,",31-05-2023,2812,KISHOR BABAN GAWADE,19,4,,4,,,1,2,,,,,,,,,,,,,,2466,PUB/HUB,,,,,,,,,,,,,,,,,,,,,,,,
9,"BLUE DART EXPRESS LTD.,",31-05-2023,3227,KISHOR RAJU CHOUGULE,24,4,1,,,,1,,,,,,,,,,,,,,,2881,PUB/OB,,,,,,,,,,,,,,,,,,,,,,,,
9,"BLUE DART EXPRESS LTD.,",31-05-2023,4442,KOMAL HANMANT CHAVAN,24,4,1,,,,1,,,,,,,,,,,,,,,4442,BRN,,,,,,,,,,,,,,,,,,,,,,,,
9,"BLUE DART EXPRESS LTD.,",31-05-2023,4241,KRISHNA  ASHOK GAIKWAD,24,4,,1,,,1,,,,,,,,,,,,,,,4394,HNW,,,,,,,,,,,,,,,,,,,,,,,,
9,"BLUE DART EXPRESS LTD.,",31-05-2023,4174,KRISHNA ASHOK SURYAWANSHI,22,4,1,2,,,1,,,,,,,,,,,,,,,3828,HADAPSAR,,,,,,,,,,,,,,,,,,,,,,,,
9,"BLUE DART EXPRESS LTD.,",31-05-2023,4471,KUNAL  NITIN  KUMBHAR,23,4,1,1,,,1,,,,,,,,,,,,,,,4451,HNW,,,,,,,,,,,,,,,,,,,,,,,,
9,"BLUE DART EXPRESS LTD.,",31-05-2023,4158,KUNAL SUNIL  PILLAY,25,4,6,,,,1,,,,,,,,,,,,,,,3812,BUND GARDEN,,,,,,,,,,,,,,,,,,,,,,,,
9,"BLUE DART EXPRESS LTD.,",31-05-2023,3115,LAXMAN DHULAPPA HARLAYYA,25,4,,,,,1,,,,,,,,,,,,,,,2769,PUB/OB,,,,,,,,,,,,,,,,,,,,,,,,
9,"BLUE DART EXPRESS LTD.,",31-05-2023,4368,LUKEY TARASING GILL,,,,,,,,,,,,,,,,,,,,,,4427,PCH,,,,,,,,,,,,,,,,,,,,,,,,
9,"BLUE DART EXPRESS LTD.,",31-05-2023,2710,MACHINDRA VITTHAL WEHALE,23,4,,2,,,1,,,,,,,,,,,,,,,2364,LORREL CHAKAN,,,,,,,,,,,,,,,,,,,,,,,,
9,"BLUE DART EXPRESS LTD.,",31-05-2023,4314,MAHADEV  NANA SHINGATE,25,4,,,,,,1,,,,,,,,,,,,,,4414,BRN,,,,,,,,,,,,,,,,,,,,,,,,
9,"BLUE DART EXPRESS LTD.,",31-05-2023,4373,MANISH  MADAN  JADHAV,3,,,,,,,,,,,,,,,,,,,,,4430,BRG,,,,,,,,,,,,,,,,,,,,,,,,
9,"BLUE DART EXPRESS LTD.,",31-05-2023,4058,MANOJ DNYANESHWAR SHINDE,22,4,,3,,,1,,,,,,,,,,,,,,,3712,TWH,,,,,,,,,,,,,,,,,,,,,,,,
9,"BLUE DART EXPRESS LTD.,",31-05-2023,3249,MARUTI BABULAL MUNGASE,20,4,,5,,,1,,,,,,,,,,,,,,,2903,SKODA-VW CHAKAN,,,,,,,,,,,,,,,,,,,,,,,,
9,"BLUE DART EXPRESS LTD.,",31-05-2023,3666,MATRUSHWAR BASAVRAJ DODMANI,24,4,,1,,,1,,,,,,,,,,,,,,,3320,VIMANNAGAR,,,,,,,,,,,,,,,,,,,,,,,,
9,"BLUE DART EXPRESS LTD.,",31-05-2023,4380,MOHD AZHAR ZAFAR AZHAR,24,4,1,,,,1,,,,,,,,,,,,,,,4436,PCH,,,,,,,,,,,,,,,,,,,,,,,,
9,"BLUE DART EXPRESS LTD.,",31-05-2023,3318,MUKINDA DATTU PATOLE,22,4,,3,,,1,,,,,,,,,,,,,,,2972,VEC,,,,,,,,,,,,,,,,,,,,,,,,
9,"BLUE DART EXPRESS LTD.,",31-05-2023,3060,NAVNATH ANANDA DHORE,25,4,,,,,1,,,,,,,,,,,,,,,2714,TWH,,,,,,,,,,,,,,,,,,,,,,,,
9,"BLUE DART EXPRESS LTD.,",31-05-2023,2833,NAVNATH BAJRANG KURELEKAR,25,4,,,,,1,,,,,,,,,,,,,,,2487,SATARA,,,,,,,,,,,,,,,,,,,,,,,,
9,"BLUE DART EXPRESS LTD.,",31-05-2023,4467,NILESH  RAJU  DEGALMADI,18,3,8,,,,1,,,,,,,,,,,,,,,4447,PMC,,,,,,,,,,,,,,,,,,,,,,,,
9,"BLUE DART EXPRESS LTD.,",31-05-2023,1770,NILESH KALURAM DUMBARE,25,4,,,,,1,,,,,,,,,,,,,,,1424,LORREL CHAKAN,,,,,,,,,,,,,,,,,,,,,,,,
9,"BLUE DART EXPRESS LTD.,",31-05-2023,3121,NILESH NARAYAN KAJALE,25,4,,,,,1,,,,,,,,,,,,,,,2775,GENRAL MOTORS,,,,,,,,,,,,,,,,,,,,,,,,
9,"BLUE DART EXPRESS LTD.,",31-05-2023,4482,NILESH SHARAD KAMBLE,19,2,8,,,,1,,,,,,,,,,,,,,,,HDP,,,,,,,,,,,,,,,,,,,,,,,,
9,"BLUE DART EXPRESS LTD.,",31-05-2023,2810,NILESH VASANTRAO JAGDALE,17,4,,7,,,1,1,,,,,,,,,,,,,,2464,KHW,,,,,,,,,,,,,,,,,,,,,,,,
9,"BLUE DART EXPRESS LTD.,",31-05-2023,4294,NITESH  NISHANT  MANDLIK,19,4,,6,,,1,,,,,,,,,,,,,,,4397,KHW,,,,,,,,,,,,,,,,,,,,,,,,
9,"BLUE DART EXPRESS LTD.,",31-05-2023,3505,NITESH DIPAK AWAGHADE,25,4,,,,,1,1,,,,,,,,,,,,,,3159,SATARA,,,,,,,,,,,,,,,,,,,,,,,,
9,"BLUE DART EXPRESS LTD.,",31-05-2023,4161,NITIN GOPINATH KADAM,24,4,,,,,1,1,,,,,,,,,,,,,,3815,PUB/OB,,,,,,,,,,,,,,,,,,,,,,,,
9,"BLUE DART EXPRESS LTD.,",31-05-2023,4319,OMKAR  DEEPAK  SALUNKE,14,3,2,10,,,1,,,,,,,,,,,,,,,4418,HDP,,,,,,,,,,,,,,,,,,,,,,,,
9,"BLUE DART EXPRESS LTD.,",31-05-2023,4374,OMKAR  UTTAM SHINDE,25,4,,,,,1,,,,,,,,,,,,,,,4431,SID,,,,,,,,,,,,,,,,,,,,,,,,
9,"BLUE DART EXPRESS LTD.,",31-05-2023,4337,OMKAR DATTATRAYA SHINDE,25,4,,,,,1,,,,,,,,,,,,,,,4420,SID,,,,,,,,,,,,,,,,,,,,,,,,
9,"BLUE DART EXPRESS LTD.,",31-05-2023,4311,OMKAR SAMPAT  INGWALE,24,4,,1,,,1,,,,,,,,,,,,,,,4411,BRN,,,,,,,,,,,,,,,,,,,,,,,,
9,"BLUE DART EXPRESS LTD.,",31-05-2023,4299,ONKAR  RAJENDRA  POWAR,23,4,,,,,1,2,,,,,,,,,,,,,,4402,KHW,,,,,,,,,,,,,,,,,,,,,,,,
9,"BLUE DART EXPRESS LTD.,",31-05-2023,4061,PANKAJ SURYAKANT NANGARE,23,4,,1,,,1,1,,,,,,,,,,,,,,3715,TWH,,,,,,,,,,,,,,,,,,,,,,,,
9,"BLUE DART EXPRESS LTD.,",31-05-2023,4050,PIRSAB SALIM SHAIKH,25,4,,,,,1,,,,,,,,,,,,,,,3704,IT SAGAR,,,,,,,,,,,,,,,,,,,,,,,,
9,"BLUE DART EXPRESS LTD.,",31-05-2023,4134,PRABHAKAR SURESH  SAREGAON,25,4,,1,,,1,,,,,,,,,,,,,,,3788,KHP,,,,,,,,,,,,,,,,,,,,,,,,
9,"BLUE DART EXPRESS LTD.,",31-05-2023,3368,PRADIP DHONDIRAM PATIL,22,4,,2,,,1,1,,,,,,,,,,,,,,3022,KHW,,,,,,,,,,,,,,,,,,,,,,,,
9,"BLUE DART EXPRESS LTD.,",31-05-2023,3869,PRADIP TANAJI YEWALE,24,4,,1,,,1,,,,,,,,,,,,,,,3523,GENRAL MOTORS,,,,,,,,,,,,,,,,,,,,,,,,
9,"BLUE DART EXPRESS LTD.,",31-05-2023,2723,PRAKASH SHIVAJI GAIKWAD,23,4,1,,,,1,1,,,,,,,,,,,,,,2377,LORREL CHAKAN,,,,,,,,,,,,,,,,,,,,,,,,
9,"BLUE DART EXPRESS LTD.,",31-05-2023,4059,PRASANNA NAVNATH SHINDE,21,4,,3,,,1,1,,,,,,,,,,,,,,3713,TWH,,,,,,,,,,,,,,,,,,,,,,,,
9,"BLUE DART EXPRESS LTD.,",31-05-2023,4295,PRASHANT  PRALHAD  PATIL ,25,4,,,,,1,3,,,,,,,,,,,,,,4398,BRN,,,,,,,,,,,,,,,,,,,,,,,,
9,"BLUE DART EXPRESS LTD.,",31-05-2023,2830,PRASHANT YUVRAJ SALUNKHE,22,4,,,,,1,3,,,,,,,,,,,,,,2484,KHW,,,,,,,,,,,,,,,,,,,,,,,,
9,"BLUE DART EXPRESS LTD.,",31-05-2023,3457,PREMKUMAR ANIL PAWAR,22,4,1,2,,,1,,,,,,,,,,,,,,,3111,PUB/OB,,,,,,,,,,,,,,,,,,,,,,,,
9,"BLUE DART EXPRESS LTD.,",31-05-2023,4316,PRIYANKA DEEPAK KUMBHAR,25,4,,,,,1,,,,,,,,,,,,,,,4416,BRN,,,,,,,,,,,,,,,,,,,,,,,,
9,"BLUE DART EXPRESS LTD.,",31-05-2023,3902,PUNAJI HONAJI SHINGADE,21,4,,4,,,1,,,,,,,,,,,,,,,3556,LORREL CHAKAN,,,,,,,,,,,,,,,,,,,,,,,,
9,"BLUE DART EXPRESS LTD.,",31-05-2023,4366,RAHUL  NATHA  MAZIRE,25,4,,,,,1,,,,,,,,,,,,,,,4425,TWH,,,,,,,,,,,,,,,,,,,,,,,,
9,"BLUE DART EXPRESS LTD.,",31-05-2023,2703,RAHUL DHONDIBHAU THOMBARE,24,4,,1,,,1,,,,,,,,,,,,,,,2357,LORREL CHAKAN,,,,,,,,,,,,,,,,,,,,,,,,
9,"BLUE DART EXPRESS LTD.,",31-05-2023,4015,RAHUL KAILASH DHAWALE,24,4,1,,,,1,,,,,,,,,,,,,,,3669,TWH,,,,,,,,,,,,,,,,,,,,,,,,
9,"BLUE DART EXPRESS LTD.,",31-05-2023,4132,RAJESH SUBHASH SHIVALE,25,4,,,,,1,,,,,,,,,,,,,,,3786,TALEGAON DABHADE,,,,,,,,,,,,,,,,,,,,,,,,
9,"BLUE DART EXPRESS LTD.,",31-05-2023,4296,RAKESH BHIVAJI MAGDUM,25,4,,,,,1,,,,,,,,,,,,,,,4399,BRN,,,,,,,,,,,,,,,,,,,,,,,,
9,"BLUE DART EXPRESS LTD.,",31-05-2023,3381,RAKESH SHARAD KAMBLE,25,4,,,,,1,,,,,,,,,,,,,,,3035,HDP,,,,,,,,,,,,,,,,,,,,,,,,
9,"BLUE DART EXPRESS LTD.,",31-05-2023,3245,RAMDAS VILAS RALE,25,4,,,,,1,,,,,,,,,,,,,,,2899,LORREL CHAKAN,,,,,,,,,,,,,,,,,,,,,,,,
9,"BLUE DART EXPRESS LTD.,",31-05-2023,4312,RAMESH BABURAO BANSODE,25,4,,,,,1,,,,,,,,,,,,,,,4412,BRN,,,,,,,,,,,,,,,,,,,,,,,,
9,"BLUE DART EXPRESS LTD.,",31-05-2023,4483,RANJEET  SANJAY  KANASE,25,4,,,,,1,,,,,,,,,,,,,,,,SAA,,,,,,,,,,,,,,,,,,,,,,,,
9,"BLUE DART EXPRESS LTD.,",31-05-2023,3782,RAVI BHAUSAHWB JADHAV,15,2,8,5,,,,,,,,,,,,,,,,,,3436,GENRAL MOTORS,,,,,,,,,,,,,,,,,,,,,,,,
9,"BLUE DART EXPRESS LTD.,",31-05-2023,3429,RAVI NATHU SAPRE,24,4,,,,,1,1,,,,,,,,,,,,,,3083,PUB/HUB,,,,,,,,,,,,,,,,,,,,,,,,
9,"BLUE DART EXPRESS LTD.,",31-05-2023,4002,RAVIKIRAN RAGHUNATH PATIL,23,4,,,,,1,2,,,,,,,,,,,,,,3656,KHW,,,,,,,,,,,,,,,,,,,,,,,,
9,"BLUE DART EXPRESS LTD.,",31-05-2023,2738,RAVINDRA KHEMA DHARADE,25,4,,,,,1,,,,,,,,,,,,,,,2392,LORREL CHAKAN,,,,,,,,,,,,,,,,,,,,,,,,
9,"BLUE DART EXPRESS LTD.,",31-05-2023,3905,RITESH RAMESH GAJARMAL,,,,,,,,,,,,,,,,,,,,,,3559,SANGVI,,,,,,,,,,,,,,,,,,,,,,,,
9,"BLUE DART EXPRESS LTD.,",31-05-2023,3986,RUSHIKESH SAMBHAJI  SHENDGE,25,4,,,,,1,,,,,,,,,,,,,,,3640,GENRAL MOTORS,,,,,,,,,,,,,,,,,,,,,,,,
9,"BLUE DART EXPRESS LTD.,",31-05-2023,3924,RUSHIKESH SAMBHAJI AGATE,23,4,,2,,,1,,,,,,,,,,,,,,,3578,TWH,,,,,,,,,,,,,,,,,,,,,,,,
9,"BLUE DART EXPRESS LTD.,",31-05-2023,3372,SACHIN SUBHASH BOIWAR,24,4,,,,,1,1,,,,,,,,,,,,,,3026,PUB/HUB,,,,,,,,,,,,,,,,,,,,,,,,
9,"BLUE DART EXPRESS LTD.,",31-05-2023,3631,SAGAR MADHUKAR THORAT,24,4,,2,,,,,,,,,,,,,,,,,,3285,VEC,,,,,,,,,,,,,,,,,,,,,,,,
9,"BLUE DART EXPRESS LTD.,",31-05-2023,3416,SAGAR SANJAY KANASE,25,4,,,,,1,,,,,,,,,,,,,,,3070,SATARA,,,,,,,,,,,,,,,,,,,,,,,,
9,"BLUE DART EXPRESS LTD.,",31-05-2023,3308,SAGAR SANJAY MAHAJAN,23,4,,,,,1,2,,,,,,,,,,,,,,2962,TWH,,,,,,,,,,,,,,,,,,,,,,,,
9,"BLUE DART EXPRESS LTD.,",31-05-2023,3524,SAHIL GANGARAM ANKUSH,23,4,,1,,,1,1,,,,,,,,,,,,,,3178,PUB/OB,,,,,,,,,,,,,,,,,,,,,,,,
9,"BLUE DART EXPRESS LTD.,",31-05-2023,3753,SAIRAJ BHAGWAN GIRI,23,3,3,,,,1,,,,,,,,,,,,,,,3407,KHW,,,,,,,,,,,,,,,,,,,,,,,,
9,"BLUE DART EXPRESS LTD.,",31-05-2023,4159,SAMIR JAMIL SHAIKH,16,3,10,1,,,,,,,,,,,,,,,,,,3813,MARKETYARD,,,,,,,,,,,,,,,,,,,,,,,,
9,"BLUE DART EXPRESS LTD.,",31-05-2023,2708,SAMIT LALASO PHADATARE,24,4,,1,,,1,,,,,,,,,,,,,,,2362,SATARA,,,,,,,,,,,,,,,,,,,,,,,,
9,"BLUE DART EXPRESS LTD.,",31-05-2023,4300,SAMPAT  MOHAN  KAMBLE,17,3,,6,,,1,3,,,,,,,,,,,,,,4403,BRN,,,,,,,,,,,,,,,,,,,,,,,,
9,"BLUE DART EXPRESS LTD.,",31-05-2023,3932,SANDEEP DATTATRAYA KUDALE,24,4,,1,,,1,,,,,,,,,,,,,,,3586,TWH,,,,,,,,,,,,,,,,,,,,,,,,
9,"BLUE DART EXPRESS LTD.,",31-05-2023,2049,SANDEEP GANESH CHINCHANE,25,4,,,,,1,,,,,,,,,,,,,,,1703,BUND GARDEN,,,,,,,,,,,,,,,,,,,,,,,,
9,"BLUE DART EXPRESS LTD.,",31-05-2023,3909,SANDEEP NAMDEV RAIKAR,23,4,,2,,,1,,,,,,,,,,,,,,,3563,SANGVI,,,,,,,,,,,,,,,,,,,,,,,,
9,"BLUE DART EXPRESS LTD.,",31-05-2023,4242,SANDESH  SANJAY PINATE,22,4,,3,,,1,,,,,,,,,,,,,,,4395,HNW,,,,,,,,,,,,,,,,,,,,,,,,
9,"BLUE DART EXPRESS LTD.,",31-05-2023,4013,SANDESH BHIMSEN UDHANE,25,4,,,,,1,,,,,,,,,,,,,,,3667,TWH,,,,,,,,,,,,,,,,,,,,,,,,
9,"BLUE DART EXPRESS LTD.,",31-05-2023,4470,SANDIP VASANT SHINDE,7,1,,,,,1,,,,,,,,,,,,,,,4450,TWH,,,,,,,,,,,,,,,,,,,,,,,,
9,"BLUE DART EXPRESS LTD.,",31-05-2023,4303,SANJAY  KUNDLIK  RAJGE,24,4,,1,,,1,,,,,,,,,,,,,,,4406,PUB,,,,,,,,,,,,,,,,,,,,,,,,
9,"BLUE DART EXPRESS LTD.,",31-05-2023,4446,SANJEEV SHESHMANI SHARMA,5,,,3,,,,,,,,,,,,,,,,,,4444,BRN,,,,,,,,,,,,,,,,,,,,,,,,
9,"BLUE DART EXPRESS LTD.,",31-05-2023,3527,SANTONI PRAKASH JAGTAP,13,3,3,5,,,1,5,,,,,,,,,,,,,,3181,PUB/HUB,,,,,,,,,,,,,,,,,,,,,,,,
9,"BLUE DART EXPRESS LTD.,",31-05-2023,2226,SANTOSH KAMLAKAR BHISE,25,4,,,,,1,,,,,,,,,,,,,,,1880,SATARA,,,,,,,,,,,,,,,,,,,,,,,,
9,"BLUE DART EXPRESS LTD.,",31-05-2023,4168,SATYJEET SURESH DABHADE,20,4,,2,,,1,3,,,,,,,,,,,,,,3822,KHW,,,,,,,,,,,,,,,,,,,,,,,,
9,"BLUE DART EXPRESS LTD.,",31-05-2023,4236,SAYALI  MURALIDHAR  ASAWALE,25,4,,,,,1,,,,,,,,,,,,,,,4391,CAH,,,,,,,,,,,,,,,,,,,,,,,,
9,"BLUE DART EXPRESS LTD.,",31-05-2023,4187,SHEKHAR BHASKAR  ANDHALE,20,4,5,,,,1,,,,,,,,,,,,,,,4385,TWH,,,,,,,,,,,,,,,,,,,,,,,,
9,"BLUE DART EXPRESS LTD.,",31-05-2023,4370,SHUBHAM  RAVJI  BHOIR,25,4,,,,,1,,,,,,,,,,,,,,,4428,HNW,,,,,,,,,,,,,,,,,,,,,,,,
9,"BLUE DART EXPRESS LTD.,",31-05-2023,4468,SHUBHAM  SAMPAT  BHALERAO,25,4,,,,,1,,,,,,,,,,,,,,,4448,PMC,,,,,,,,,,,,,,,,,,,,,,,,
9,"BLUE DART EXPRESS LTD.,",31-05-2023,4176,SHUBHAM DNYANESHWAR CHANDANE,25,4,,,,,1,1,,,,,,,,,,,,,,3830,MARKETYARD,,,,,,,,,,,,,,,,,,,,,,,,
9,"BLUE DART EXPRESS LTD.,",31-05-2023,3991,SHUBHAM MOHAN  MALI,21,4,,1,,,1,3,,,,,,,,,,,,,,3645,KHW,,,,,,,,,,,,,,,,,,,,,,,,
9,"BLUE DART EXPRESS LTD.,",31-05-2023,4239,SHUBHAM RAJESH VAKUDE,24,4,,1,,,1,,,,,,,,,,,,,,,4393,HDP,,,,,,,,,,,,,,,,,,,,,,,,
9,"BLUE DART EXPRESS LTD.,",31-05-2023,4313,SIBENDRANATH  JAGDISH  MAJHI,24,4,,1,,,1,,,,,,,,,,,,,,,4413,BRN,,,,,,,,,,,,,,,,,,,,,,,,
9,"BLUE DART EXPRESS LTD.,",31-05-2023,3737,SIDDHESHWAR BALIRAM THORAT,24,4,,1,,,1,,,,,,,,,,,,,,,3391,TWH,,,,,,,,,,,,,,,,,,,,,,,,
9,"BLUE DART EXPRESS LTD.,",31-05-2023,4057,SOMNATH DEVIDAS KULKARNI,18,3,,8,,,1,,,,,,,,,,,,,,,3711,PWH,,,,,,,,,,,,,,,,,,,,,,,,
9,"BLUE DART EXPRESS LTD.,",31-05-2023,4449,SOPAN  ASHOK YEDMAL,9,2,,,,,,,,,,,,,,,,,,,,4445,BRN,,,,,,,,,,,,,,,,,,,,,,,,
9,"BLUE DART EXPRESS LTD.,",31-05-2023,4043,SRINIVAS VILAS POWAR,22,4,,,,,1,3,,,,,,,,,,,,,,3697,KHW,,,,,,,,,,,,,,,,,,,,,,,,
9,"BLUE DART EXPRESS LTD.,",31-05-2023,2616,SUDHIR GOVIND NAIKARE,25,4,,,,,1,,,,,,,,,,,,,,,2270,SKODA-VW CHAKAN,,,,,,,,,,,,,,,,,,,,,,,,
9,"BLUE DART EXPRESS LTD.,",31-05-2023,3621,SUHAS SAKHARAM KADAM,25,4,,,,,1,,,,,,,,,,,,,,,3275,PUB/OB,,,,,,,,,,,,,,,,,,,,,,,,
9,"BLUE DART EXPRESS LTD.,",31-05-2023,3969,SURAJ PRAKASH PAWAR,25,4,,,,,1,,,,,,,,,,,,,,,3623,SATARA,,,,,,,,,,,,,,,,,,,,,,,,
9,"BLUE DART EXPRESS LTD.,",31-05-2023,4315,TEJAS JAYVANT BORKAR,25,4,,,,,1,,,,,,,,,,,,,,,4415,BRN,,,,,,,,,,,,,,,,,,,,,,,,
9,"BLUE DART EXPRESS LTD.,",31-05-2023,2977,TUKARAM RAGHUNATH MEMANE,23,4,,2,,,1,,,,,,,,,,,,,,,2631,LORREL CHAKAN,,,,,,,,,,,,,,,,,,,,,,,,
9,"BLUE DART EXPRESS LTD.,",31-05-2023,4235,TUSHAR RAJARAM RANAWARE,25,4,,,,,1,,,,,,,,,,,,,,,4390,BRN,,,,,,,,,,,,,,,,,,,,,,,,
9,"BLUE DART EXPRESS LTD.,",31-05-2023,4297,UMESH HINDURAO GADAVE,15,3,9,2,,,1,,,,,,,,,,,,,,,4400,BRN,,,,,,,,,,,,,,,,,,,,,,,,
9,"BLUE DART EXPRESS LTD.,",31-05-2023,4198,VAIBHAV  VIJAY  KODOLKAR,24,4,,,,,1,1,,,,,,,,,,,,,,4388,BRN,,,,,,,,,,,,,,,,,,,,,,,,
9,"BLUE DART EXPRESS LTD.,",31-05-2023,4051,VAIBHAV RAMDAS MADVI,24,4,,1,,,1,,,,,,,,,,,,,,,3705,IT SAGAR,,,,,,,,,,,,,,,,,,,,,,,,
9,"BLUE DART EXPRESS LTD.,",31-05-2023,4194,VAMAN  VIJAY  BHUJBAL,24,4,,,,,1,1,,,,,,,,,,,,,,4387,TWH,,,,,,,,,,,,,,,,,,,,,,,,
9,"BLUE DART EXPRESS LTD.,",31-05-2023,4451,VIGHNESH  RAJESH PAWAR,13,2,14,,,,1,,,,,,,,,,,,,,,4383,BRN,,,,,,,,,,,,,,,,,,,,,,,,
9,"BLUE DART EXPRESS LTD.,",31-05-2023,4146,VIJAY MAHADEV PAWAR,22,3,,4,,,1,,,,,,,,,,,,,,,3800,TWH,,,,,,,,,,,,,,,,,,,,,,,,
9,"BLUE DART EXPRESS LTD.,",31-05-2023,4033,VIJAY SARJERAO PATIL,15,3,6,6,,,,,,,,,,,,,,,,,,3687,TWH,,,,,,,,,,,,,,,,,,,,,,,,
9,"BLUE DART EXPRESS LTD.,",31-05-2023,3670,VIKAS RAJU BHOR,25,4,,,,,1,,,,,,,,,,,,,,,3324,LORREL CHAKAN,,,,,,,,,,,,,,,,,,,,,,,,
9,"BLUE DART EXPRESS LTD.,",31-05-2023,4188,VIKAS VAMAN BHALERAO,14,2,,,,,,,,,,,,,,,,,,,,4386,SGB,,,,,,,,,,,,,,,,,,,,,,,,
9,"BLUE DART EXPRESS LTD.,",31-05-2023,3332,VINAY YASHWANT RAJHUNS,24,4,,,,,1,1,,,,,,,,,,,,,,2986,KHW,,,,,,,,,,,,,,,,,,,,,,,,
9,"BLUE DART EXPRESS LTD.,",31-05-2023,3630,VINOD HARI PAWAR,18,3,,8,,,1,,,,,,,,,,,,,,,3284,PIMPRI,,,,,,,,,,,,,,,,,,,,,,,,
9,"BLUE DART EXPRESS LTD.,",31-05-2023,4181,VISHAL AADHIK  JAMADAR,24,4,,1,,,1,,,,,,,,,,,,,,,3835,SATARA,,,,,,,,,,,,,,,,,,,,,,,,
9,"BLUE DART EXPRESS LTD.,",31-05-2023,2813,VISHAL WALKU PARDHI,23,4,,1,,,1,1,,,,,,,,,,,,,,2467,TWH,,,,,,,,,,,,,,,,,,,,,,,,
9,"BLUE DART EXPRESS LTD.,",31-05-2023,4298,YOGESH  VILAS  KANDGAVKAR,25,4,,,,,1,,,,,,,,,,,,,,,4401,BRN,,,,,,,,,,,,,,,,,,,,,,,,
9,"BLUE DART EXPRESS LTD.,",31-05-2023,2211,YOGESH MOHAN PAKHALE,24,1,,4,,,1,,,,,,,,,,,,,,,1865,TWH,,,,,,,,,,,,,,,,,,,,,,,,
9,"BLUE DART EXPRESS LTD.,",31-05-2023,4062,YOGITA SUDHIR KAMBLE,13,2,9,6,,,,,,,,,,,,,,,,,,3716,PMC,,,,,,,,,,,,,,,,,,,,,,,,
