 Client_id ,Client_name,Sal_month, Emp_id,Employee_NAME,Present,Weeklyoff,  Absent,Pl,Cl,Sl, Paidholiday,Additional,Othours, Nightshifts,Incometax,Canteen,Extra_inc1, Extra_inc2,Leave_encash,Extra_ded1,Extra_ded2, Wagediff,Allow_arrears, Ot_arrears,Invalid,Ticket_no, Dept_Name, Comp_ticket_no
23,"BLUE DART EXPRESS LTD., FESTIVAL",31-10-23,4639,AADAM  - SHAIKH,20,4,,,,,1,,,,,,,,,,,,,,,,BRN,
23,"BLUE DART EXPRESS LTD., FESTIVAL",31-10-23,4606,ABHIJIT - JAGTAP,23,5,,,,,2,,,,,,,,,,,,,,,,KHW,
23,"BLUE DART EXPRESS LTD., FESTIVAL",31-10-23,4640,ABHISHEK  - DABHADE,10,3,,,,,1,,,,,,,,,,,,,,,,BRN,
23,"BLUE DART EXPRESS LTD., FESTIVAL",31-10-23,4603,ABHISHEK - LANDGE,5,1,,,,,1,,,,,,,,,,,,,,,,PMC,
23,"BLUE DART EXPRESS LTD., FESTIVAL",31-10-23,4641,ADITYA  - YADAV,17,3,,,,,1,,,,,,,,,,,,,,,,BRN,
23,"BLUE DART EXPRESS LTD., FESTIVAL",31-10-23,4554,ADITYA - NIKALAJE,22,5,,,,,2,1,,,,,,,,,,,,,,,TWH,
23,"BLUE DART EXPRESS LTD., FESTIVAL",31-10-23,4553,ADITYA - SONAWANE,22,5,,,,,2,1,,,,,,,,,,,,,,,TWH,
23,"BLUE DART EXPRESS LTD., FESTIVAL",31-10-23,4602,AMIT  RAJU PATIL,22,5,1,,,,2,,,,,,,,,,,,,,,,SGV,
23,"BLUE DART EXPRESS LTD., FESTIVAL",31-10-23,4642,AVINASH  - GABHALE,16,3,,,,,1,,,,,,,,,,,,,,,,BRN,
23,"BLUE DART EXPRESS LTD., FESTIVAL",31-10-23,4643,GAURAV  - KAMBLE,20,4,,,,,1,,,,,,,,,,,,,,,,BRN,
23,"BLUE DART EXPRESS LTD., FESTIVAL",31-10-23,4644,KAPILDEV  - LOHAR,22,5,1,,,,2,,,,,,,,,,,,,,,,BRN,
23,"BLUE DART EXPRESS LTD., FESTIVAL",31-10-23,4645,MANJUSHA  - TALELLU,13,2,,,,,1,,,,,,,,,,,,,,,,BRN,
23,"BLUE DART EXPRESS LTD., FESTIVAL",31-10-23,4646,MITHUN  - CHAVAN,20,4,,,,,1,,,,,,,,,,,,,,,,BRN,
23,"BLUE DART EXPRESS LTD., FESTIVAL",31-10-23,4647,NAGESH  - KAMBLE,21,4,1,,,,1,,,,,,,,,,,,,,,,BRN,
23,"BLUE DART EXPRESS LTD., FESTIVAL",31-10-23,4648,OMKAR  - SAWANT,12,2,,,,,1,,,,,,,,,,,,,,,,BRN,
23,"BLUE DART EXPRESS LTD., FESTIVAL",31-10-23,4600,PANKAJ - NANGARE,,,,,,,,,,,,,,,,,,,,,,,SGV,
23,"BLUE DART EXPRESS LTD., FESTIVAL",31-10-23,4601,PARESH - CHOUDHARI,22,5,1,,,,2,,,,,,,,,,,,,,,,SGV,
23,"BLUE DART EXPRESS LTD., FESTIVAL",31-10-23,4649,PRAMOD  - MAHAJAN,21,5,,,,,2,2,,,,,,,,,,,,,,,BRN,
23,"BLUE DART EXPRESS LTD., FESTIVAL",31-10-23,4604,PRANAV - KEDARI,23,5,,,,,2,,,,,,,,,,,,,,,,WGH,
23,"BLUE DART EXPRESS LTD., FESTIVAL",31-10-23,4552,RAHUL - GAWADE,,,,,,,,,,,,,,,,,,,,,,,TWH,
23,"BLUE DART EXPRESS LTD., FESTIVAL",31-10-23,4650,ROHAN  - DAHIBATE,17,3,,,,,1,,,,,,,,,,,,,,,,BRN,
23,"BLUE DART EXPRESS LTD., FESTIVAL",31-10-23,4651,ROHAN  - MORE,20,5,3,,,,2,,,,,,,,,,,,,,,,BRN,
23,"BLUE DART EXPRESS LTD., FESTIVAL",31-10-23,4652,ROSHAN  - GAIKWAD,23,5,,,,,2,,,,,,,,,,,,,,,,BRN,
23,"BLUE DART EXPRESS LTD., FESTIVAL",31-10-23,4653,SACHIN  - DURGE,21,4,,,,,1,,,,,,,,,,,,,,,,BRN,
23,"BLUE DART EXPRESS LTD., FESTIVAL",31-10-23,4654,SACHIN  - HARGILE,23,5,,,,,2,,,,,,,,,,,,,,,,BRN,
23,"BLUE DART EXPRESS LTD., FESTIVAL",31-10-23,4607,SANGRAM - GAIKWAD,13,2,,,,,2,,,,,,,,,,,,,,,,SAA,
23,"BLUE DART EXPRESS LTD., FESTIVAL",31-10-23,4655,SATISH  - HARGILE,21,4,,,,,1,,,,,,,,,,,,,,,,BRN,
23,"BLUE DART EXPRESS LTD., FESTIVAL",31-10-23,4605,SHAILESH - DHAMUNE,20,5,,,,,2,3,,,,,,,,,,,,,,,KHW,
23,"BLUE DART EXPRESS LTD., FESTIVAL",31-10-23,4656,TEJAS   - NISARGUNDE ,18,3,,,,,1,,,,,,,,,,,,,,,,BRN,
