 Client_id ,Client_name,Sal_month, Emp_id,Employee_NAME,present,weeklyoff,  absent, pl,cl,sl , paidholiday,additional, othours, nightshifts,incometax,canteen,extra_inc1, extra_inc2,leave_encash,extra_ded1,extra_ded2, wagediff,Allow_arrears, Ot_arrears,invalid,Client_id ,Client_name,Sal_month, Emp_id,Employee_NAME,Present,Weeklyoff,  Absent, Pl,Cl,Sl , Paidholiday,Additional, Othours, Nightshifts,Incometax,Canteen,Extra_inc1, Extra_inc2,Leave_encash,Extra_ded1,Extra_ded2, Wagediff,Allow_arrears, Ot_arrears,Invalid
9,"BLUE DART EXPRESS LTD.,",28-02-2023,4179,DEEPAK SHANTARAM KADAM,7,1,,,,,,,,,,,,,,,,,,,,3833,TINGARE NAGAR,,,,,,,,,,,,,,,,,,,,,,,,
9,"BLUE DART EXPRESS LTD.,",28-02-2023,4061,PANKAJ SURYAKANT NANGARE,16,2,,,,,,,,,,,,,,,,,,,,3715,TWH,,,,,,,,,,,,,,,,,,,,,,,,
9,"BLUE DART EXPRESS LTD.,",28-02-2023,4060,MAYUR SAHEBRAO GAIKWAD,17,4,3,6,,,,,,,,,,,,,,,,,,3714,VIMANNAGAR,,,,,,,,,,,,,,,,,,,,,,,,
9,"BLUE DART EXPRESS LTD.,",28-02-2023,4015,RAHUL KAILASH DHAWALE,18,4,1,7,,,,1,,,,,,,,,,,,,,3669,TWH,,,,,,,,,,,,,,,,,,,,,,,,
9,"BLUE DART EXPRESS LTD.,",28-02-2023,4159,SAMIR JAMIL SHAIKH,18,4,7,1,,,,,,,,,,,,,,,,,,3813,MARKETYARD,,,,,,,,,,,,,,,,,,,,,,,,
9,"BLUE DART EXPRESS LTD.,",28-02-2023,4312,RAMESH BABURAO BANSODE,19,4,7,,,,,,,,,,,,,,,,,,,,BRN,,,,,,,,,,,,,,,,,,,,,,,,
9,"BLUE DART EXPRESS LTD.,",28-02-2023,4320,SHUBHAM  RAJENDRA ITHAPE,19,3,,,,,,,,,,,,,,,,,,,,,PCH,,,,,,,,,,,,,,,,,,,,,,,,
9,"BLUE DART EXPRESS LTD.,",28-02-2023,3458,ANANTA CHINDHU DHORE,20,4,2,4,,,,1,,,,,,,,,,,,,,3112,TWH,,,,,,,,,,,,,,,,,,,,,,,,
9,"BLUE DART EXPRESS LTD.,",28-02-2023,1254,KISAN BABAN SHELAR,20,3,,7,,,,,,,,,,,,,,,,,,908,APEX/SFC,,,,,,,,,,,,,,,,,,,,,,,,
9,"BLUE DART EXPRESS LTD.,",28-02-2023,3621,SUHAS SAKHARAM KADAM,20,4,3,3,,,,,,,,,,,,,,,,,,3275,PUB/OB,,,,,,,,,,,,,,,,,,,,,,,,
9,"BLUE DART EXPRESS LTD.,",28-02-2023,4177,AKASH DATTATRAY CHANDANE,21,4,5,,,,,,,,,,,,,,,,,,,3831,MARKETYARD,,,,,,,,,,,,,,,,,,,,,,,,
9,"BLUE DART EXPRESS LTD.,",28-02-2023,4162,GANESH BALU KENDALE,21,4,2,3,,,,,,,,,,,,,,,,,,3816,PUB/OB,,,,,,,,,,,,,,,,,,,,,,,,
9,"BLUE DART EXPRESS LTD.,",28-02-2023,4365,OMKAR VINAYAK PENDNEKAR,21,4,3,2,,,,,,,,,,,,,,,,,,,PUC,,,,,,,,,,,,,,,,,,,,,,,,
9,"BLUE DART EXPRESS LTD.,",28-02-2023,2708,SAMIT LALASO PHADATARE,21,4,,5,,,,,,,,,,,,,,,,,,2362,SATARA,,,,,,,,,,,,,,,,,,,,,,,,
9,"BLUE DART EXPRESS LTD.,",28-02-2023,3991,SHUBHAM MOHAN  MALI,21,4,3,2,,,,3,,,,,,,,,,,,,,3645,KHW,,,,,,,,,,,,,,,,,,,,,,,,
9,"BLUE DART EXPRESS LTD.,",28-02-2023,4377,ARVIND  PANDURANG  KUMBHAR,22,4,2,2,,,,,,,,,,,,,,,,,,,TWH,,,,,,,,,,,,,,,,,,,,,,,,
9,"BLUE DART EXPRESS LTD.,",28-02-2023,4028,DEEPAK GANPAT AGALE,22,4,4,,,,,1,,,,,,,,,,,,,,3682,PUB/OB,,,,,,,,,,,,,,,,,,,,,,,,
9,"BLUE DART EXPRESS LTD.,",28-02-2023,4302,KARAN  RAMESH CHAVAN,22,4,4,,,,,,,,,,,,,,,,,,,,BRN,,,,,,,,,,,,,,,,,,,,,,,,
9,"BLUE DART EXPRESS LTD.,",28-02-2023,3666,MATRUSHWAR BASAVRAJ DODMANI,22,4,,4,,,,,,,,,,,,,,,,,,3320,VIMANNAGAR,,,,,,,,,,,,,,,,,,,,,,,,
9,"BLUE DART EXPRESS LTD.,",28-02-2023,3060,NAVNATH ANANDA DHORE,22,4,,4,,,,,,,,,,,,,,,,,,2714,TWH,,,,,,,,,,,,,,,,,,,,,,,,
9,"BLUE DART EXPRESS LTD.,",28-02-2023,4374,OMKAR  UTTAM SHINDE,22,4,4,,,,,,,,,,,,,,,,,,,,SID,,,,,,,,,,,,,,,,,,,,,,,,
9,"BLUE DART EXPRESS LTD.,",28-02-2023,4304,OMKAR SATISH KAKADE,22,4,3,1,,,,,,,,,,,,,,,,,,,BRN,,,,,,,,,,,,,,,,,,,,,,,,
9,"BLUE DART EXPRESS LTD.,",28-02-2023,3902,PUNAJI HONAJI SHINGADE,22,4,,4,,,,,,,,,,,,,,,,,,3556,LORREL CHAKAN,,,,,,,,,,,,,,,,,,,,,,,,
9,"BLUE DART EXPRESS LTD.,",28-02-2023,4187,SHEKHAR BHASKAR  ANDHALE,22,4,,4,,,,,,,,,,,,,,,,,,,TWH,,,,,,,,,,,,,,,,,,,,,,,,
9,"BLUE DART EXPRESS LTD.,",28-02-2023,4057,SOMNATH DEVIDAS KULKARNI,22,4,,4,,,,,,,,,,,,,,,,,,3711,PWH,,,,,,,,,,,,,,,,,,,,,,,,
9,"BLUE DART EXPRESS LTD.,",28-02-2023,4188,VIKAS VAMAN BHALERAO,22,4,4,,,,,,,,,,,,,,,,,,,,SGB,,,,,,,,,,,,,,,,,,,,,,,,
9,"BLUE DART EXPRESS LTD.,",28-02-2023,4160,GOKUL SANTOSH PAWAR,23,4,,3,,,,,,,,,,,,,,,,,,3814,TWH,,,,,,,,,,,,,,,,,,,,,,,,
9,"BLUE DART EXPRESS LTD.,",28-02-2023,4174,KRISHNA ASHOK SURYAWANSHI,23,4,,3,,,,,,,,,,,,,,,,,,3828,HADAPSAR,,,,,,,,,,,,,,,,,,,,,,,,
9,"BLUE DART EXPRESS LTD.,",28-02-2023,4161,NITIN GOPINATH KADAM,23,4,,3,,,,,,,,,,,,,,,,,,3815,PUB/OB,,,,,,,,,,,,,,,,,,,,,,,,
9,"BLUE DART EXPRESS LTD.,",28-02-2023,4299,ONKAR  RAJENDRA  POWAR,23,4,1,2,,,,1,,,,,,,,,,,,,,,BRN,,,,,,,,,,,,,,,,,,,,,,,,
9,"BLUE DART EXPRESS LTD.,",28-02-2023,4059,PRASANNA NAVNATH SHINDE,23,4,,3,,,,,,,,,,,,,,,,,,3713,TWH,,,,,,,,,,,,,,,,,,,,,,,,
9,"BLUE DART EXPRESS LTD.,",28-02-2023,3429,RAVI NATHU SAPRE,23,4,1,2,,,,1,,,,,,,,,,,,,,3083,PUB/HUB,,,,,,,,,,,,,,,,,,,,,,,,
9,"BLUE DART EXPRESS LTD.,",28-02-2023,3524,SAHIL GANGARAM ANKUSH,23,4,1,2,,,,1,,,,,,,,,,,,,,3178,PUB/OB,,,,,,,,,,,,,,,,,,,,,,,,
9,"BLUE DART EXPRESS LTD.,",28-02-2023,3909,SANDEEP NAMDEV RAIKAR,23,4,,3,,,,,,,,,,,,,,,,,,3563,SANGVI,,,,,,,,,,,,,,,,,,,,,,,,
9,"BLUE DART EXPRESS LTD.,",28-02-2023,4033,VIJAY SARJERAO PATIL,23,4,,3,,,,,,,,,,,,,,,,,,3687,TWH,,,,,,,,,,,,,,,,,,,,,,,,
9,"BLUE DART EXPRESS LTD.,",28-02-2023,4062,YOGITA SUDHIR KAMBLE,23,4,3,,,,,,,,,,,,,,,,,,,3716,PMC,,,,,,,,,,,,,,,,,,,,,,,,
9,"BLUE DART EXPRESS LTD.,",28-02-2023,4169,ABHISHEK GANESH SAKAT,24,4,,2,,,,,,,,,,,,,,,,,,3823,WGH,,,,,,,,,,,,,,,,,,,,,,,,
9,"BLUE DART EXPRESS LTD.,",28-02-2023,4333,AKASH  SARJERAO  DAGDE,24,4,,2,,,,,,,,,,,,,,,,,,,PUC,,,,,,,,,,,,,,,,,,,,,,,,
9,"BLUE DART EXPRESS LTD.,",28-02-2023,4371,AKASH DILIP SURYAWANSHI,24,4,2,,,,,,,,,,,,,,,,,,,,PCH,,,,,,,,,,,,,,,,,,,,,,,,
9,"BLUE DART EXPRESS LTD.,",28-02-2023,3491,AMIR FIROJ KILLEDAR,24,4,2,,,,,2,,,,,,,,,,,,,,3145,KHW,,,,,,,,,,,,,,,,,,,,,,,,
9,"BLUE DART EXPRESS LTD.,",28-02-2023,4078,AMIT  SAWALE,24,4,,2,,,,,,,,,,,,,,,,,,3732,TWH,,,,,,,,,,,,,,,,,,,,,,,,
9,"BLUE DART EXPRESS LTD.,",28-02-2023,4364,ANIKET KRISHNA TILEKAR,24,4,1,1,,,,,,,,,,,,,,,,,,,TWH,,,,,,,,,,,,,,,,,,,,,,,,
9,"BLUE DART EXPRESS LTD.,",28-02-2023,3000,ANIL GORAKHNATH KEMSE,24,4,1,1,,,,,,,,,,,,,,,,,,2654,EDP,,,,,,,,,,,,,,,,,,,,,,,,
9,"BLUE DART EXPRESS LTD.,",28-02-2023,2686,BHARAT RAGHU KOTWAL,24,4,,2,,,,,,,,,,,,,,,,,,2340,LORREL CHAKAN,,,,,,,,,,,,,,,,,,,,,,,,
9,"BLUE DART EXPRESS LTD.,",28-02-2023,4131,BHARATI  PANDIT,24,4,,2,,,,,,,,,,,,,,,,,,3785,HDP,,,,,,,,,,,,,,,,,,,,,,,,
9,"BLUE DART EXPRESS LTD.,",28-02-2023,4334,FARMAN  BADSHAH RAJE  DESHMUKH,24,4,,2,,,,,,,,,,,,,,,,,,,PUC,,,,,,,,,,,,,,,,,,,,,,,,
9,"BLUE DART EXPRESS LTD.,",28-02-2023,2476,GANESH CHANDRAKANT TILEKAR,24,4,,2,,,,,,,,,,,,,,,,,,2130,SATARA,,,,,,,,,,,,,,,,,,,,,,,,
9,"BLUE DART EXPRESS LTD.,",28-02-2023,2448,HITESH LALASO KHARADE,24,4,,2,,,,,,,,,,,,,,,,,,2102,SATARA,,,,,,,,,,,,,,,,,,,,,,,,
9,"BLUE DART EXPRESS LTD.,",28-02-2023,4361,HRUSHIKESH  DEVIDAS  KULKARNI,24,4,2,,,,,,,,,,,,,,,,,,,,TWH,,,,,,,,,,,,,,,,,,,,,,,,
9,"BLUE DART EXPRESS LTD.,",28-02-2023,3906,KARAN SHIVAJI KUCHEKAR,24,4,2,,,,,,,,,,,,,,,,,,,3560,SANGVI,,,,,,,,,,,,,,,,,,,,,,,,
9,"BLUE DART EXPRESS LTD.,",28-02-2023,4158,KUNAL SUNIL  PILLAY,24,4,,2,,,,,,,,,,,,,,,,,,3812,BUND GARDEN,,,,,,,,,,,,,,,,,,,,,,,,
9,"BLUE DART EXPRESS LTD.,",28-02-2023,2710,MACHINDRA VITTHAL WEHALE,24,4,1,1,,,,1,,,,,,,,,,,,,,2364,LORREL CHAKAN,,,,,,,,,,,,,,,,,,,,,,,,
9,"BLUE DART EXPRESS LTD.,",28-02-2023,4058,MANOJ DNYANESHWAR SHINDE,24,4,,2,,,,,,,,,,,,,,,,,,3712,TWH,,,,,,,,,,,,,,,,,,,,,,,,
9,"BLUE DART EXPRESS LTD.,",28-02-2023,3457,PREMKUMAR ANIL PAWAR,24,4,2,,,,,1,,,,,,,,,,,,,,3111,PUB/OB,,,,,,,,,,,,,,,,,,,,,,,,
9,"BLUE DART EXPRESS LTD.,",28-02-2023,3308,SAGAR SANJAY MAHAJAN,24,4,1,1,,,,1,,,,,,,,,,,,,,2962,TWH,,,,,,,,,,,,,,,,,,,,,,,,
9,"BLUE DART EXPRESS LTD.,",28-02-2023,4300,SAMPAT  MOHAN  KAMBLE,24,4,2,,,,,2,,,,,,,,,,,,,,,BRN,,,,,,,,,,,,,,,,,,,,,,,,
9,"BLUE DART EXPRESS LTD.,",28-02-2023,4168,SATYJEET SURESH DABHADE,24,4,2,,,,,2,,,,,,,,,,,,,,3822,KHW,,,,,,,,,,,,,,,,,,,,,,,,
9,"BLUE DART EXPRESS LTD.,",28-02-2023,4367,SHAILESH SHANKAR KHUDE,24,4,2,,,,,,,,,,,,,,,,,,,,PCH,,,,,,,,,,,,,,,,,,,,,,,,
9,"BLUE DART EXPRESS LTD.,",28-02-2023,4043,SRINIVAS VILAS POWAR,24,4,1,1,,,,1,,,,,,,,,,,,,,3697,KHW,,,,,,,,,,,,,,,,,,,,,,,,
9,"BLUE DART EXPRESS LTD.,",28-02-2023,4198,VAIBHAV  VIJAY  KODOLKAR,24,4,,2,,,,,,,,,,,,,,,,,,,BRN,,,,,,,,,,,,,,,,,,,,,,,,
9,"BLUE DART EXPRESS LTD.,",28-02-2023,2211,YOGESH MOHAN PAKHALE,24,4,,2,,,,,,,,,,,,,,,,,,1865,PUB/OB,,,,,,,,,,,,,,,,,,,,,,,,
9,"BLUE DART EXPRESS LTD.,",28-02-2023,2502,ABHIJEET NANDAKUMAR GAWARE,25,4,,1,,,,,,,,,,,,,,,,,,2156,TWH,,,,,,,,,,,,,,,,,,,,,,,,
9,"BLUE DART EXPRESS LTD.,",28-02-2023,4165,ABHIJIT JAGANNATH PISAL,25,4,,1,,,,,,,,,,,,,,,,,,3819,SATARA,,,,,,,,,,,,,,,,,,,,,,,,
9,"BLUE DART EXPRESS LTD.,",28-02-2023,4040,ADITYA ASHOK PATOLE,25,4,1,,,,,1,,,,,,,,,,,,,,3694,SHRIGONDA,,,,,,,,,,,,,,,,,,,,,,,,
9,"BLUE DART EXPRESS LTD.,",28-02-2023,4363,AKASH  MANIK  KAMBLE,25,4,1,,,,,,,,,,,,,,,,,,,,PCH,,,,,,,,,,,,,,,,,,,,,,,,
9,"BLUE DART EXPRESS LTD.,",28-02-2023,4027,AKASH GANPAT THAKAR,25,4,,1,,,,,,,,,,,,,,,,,,3681,PUB/OB,,,,,,,,,,,,,,,,,,,,,,,,
9,"BLUE DART EXPRESS LTD.,",28-02-2023,3461,AKSHAY MANSARAM SAHARE,25,4,1,,,,,1,,,,,,,,,,,,,,3115,GENRAL MOTORS,,,,,,,,,,,,,,,,,,,,,,,,
9,"BLUE DART EXPRESS LTD.,",28-02-2023,4234,ALTAF ASIF SHAIKH,25,4,,1,,,,,,,,,,,,,,,,,,,BRG,,,,,,,,,,,,,,,,,,,,,,,,
9,"BLUE DART EXPRESS LTD.,",28-02-2023,4317,AMBIKA  RAGUNATH  JOGDHANKAR,25,4,,1,,,,,,,,,,,,,,,,,,,BRN,,,,,,,,,,,,,,,,,,,,,,,,
9,"BLUE DART EXPRESS LTD.,",28-02-2023,3898,AMIT VIJAY JAGDALE,25,4,,1,,,,,,,,,,,,,,,,,,3552,TWH,,,,,,,,,,,,,,,,,,,,,,,,
9,"BLUE DART EXPRESS LTD.,",28-02-2023,4293,AMOL  ANNAPPA  TELVEKAR,25,4,,1,,,,,,,,,,,,,,,,,,,BRN,,,,,,,,,,,,,,,,,,,,,,,,
9,"BLUE DART EXPRESS LTD.,",28-02-2023,4362,ANIKET NITIN GAIKWAD,25,4,1,,,,,,,,,,,,,,,,,,,,SID,,,,,,,,,,,,,,,,,,,,,,,,
9,"BLUE DART EXPRESS LTD.,",28-02-2023,3649,ANIL MOHAN DUMBARE,25,4,,1,,,,,,,,,,,,,,,,,,3303,SKODA-VW CHAKAN,,,,,,,,,,,,,,,,,,,,,,,,
9,"BLUE DART EXPRESS LTD.,",28-02-2023,4309,ATUL  DILIP  DHONDAWAD,25,4,,1,,,,,,,,,,,,,,,,,,,BRN,,,,,,,,,,,,,,,,,,,,,,,,
9,"BLUE DART EXPRESS LTD.,",28-02-2023,4310,GANESH SANJAY KATE,25,4,1,,,,,,,,,,,,,,,,,,,,BRN,,,,,,,,,,,,,,,,,,,,,,,,
9,"BLUE DART EXPRESS LTD.,",28-02-2023,3089,GOKUL NARAYAN BATHE,25,4,,1,,,,,,,,,,,,,,,,,,2743,SINHGAD ROAD,,,,,,,,,,,,,,,,,,,,,,,,
9,"BLUE DART EXPRESS LTD.,",28-02-2023,4173,GORAKSHNATH DILIP SATHE,25,4,1,,,,,,,,,,,,,,,,,,,3827,BANER,,,,,,,,,,,,,,,,,,,,,,,,
9,"BLUE DART EXPRESS LTD.,",28-02-2023,4376,JAY  GANESH  CHAVAN,25,4,,1,,,,,,,,,,,,,,,,,,,TWH,,,,,,,,,,,,,,,,,,,,,,,,
9,"BLUE DART EXPRESS LTD.,",28-02-2023,3097,KALPESH BHIKU CHAVAN,25,4,,1,,,,,,,,,,,,,,,,,,2751,PIMPRI,,,,,,,,,,,,,,,,,,,,,,,,
9,"BLUE DART EXPRESS LTD.,",28-02-2023,2812,KISHOR BABAN GAWADE,25,4,1,,,,,,,,,,,,,,,,,,,2466,PUB/HUB,,,,,,,,,,,,,,,,,,,,,,,,
9,"BLUE DART EXPRESS LTD.,",28-02-2023,3227,KISHOR RAJU CHOUGULE,25,4,1,,,,,1,,,,,,,,,,,,,,2881,PUB/OB,,,,,,,,,,,,,,,,,,,,,,,,
9,"BLUE DART EXPRESS LTD.,",28-02-2023,4373,MANISH  MADAN  JADHAV,25,4,,1,,,,,,,,,,,,,,,,,,,BRG,,,,,,,,,,,,,,,,,,,,,,,,
9,"BLUE DART EXPRESS LTD.,",28-02-2023,3249,MARUTI BABULAL MUNGASE,25,4,,1,,,,,,,,,,,,,,,,,,2903,SKODA-VW CHAKAN,,,,,,,,,,,,,,,,,,,,,,,,
9,"BLUE DART EXPRESS LTD.,",28-02-2023,4380,MOHD AZHAR ZAFAR AZHAR,25,4,1,,,,,,,,,,,,,,,,,,,,PCH,,,,,,,,,,,,,,,,,,,,,,,,
9,"BLUE DART EXPRESS LTD.,",28-02-2023,2833,NAVNATH BAJRANG KURELEKAR,25,4,,1,,,,,,,,,,,,,,,,,,2487,SATARA,,,,,,,,,,,,,,,,,,,,,,,,
9,"BLUE DART EXPRESS LTD.,",28-02-2023,2810,NILESH  JAGDALE,25,4,1,,,,,1,,,,,,,,,,,,,,2464,KHW,,,,,,,,,,,,,,,,,,,,,,,,
9,"BLUE DART EXPRESS LTD.,",28-02-2023,3121,NILESH NARAYAN KAJALE,25,4,,1,,,,,,,,,,,,,,,,,,2775,GENRAL MOTORS,,,,,,,,,,,,,,,,,,,,,,,,
9,"BLUE DART EXPRESS LTD.,",28-02-2023,4319,OMKAR  DEEPAK  SALUNKE,25,4,,1,,,,,,,,,,,,,,,,,,,HDP,,,,,,,,,,,,,,,,,,,,,,,,
9,"BLUE DART EXPRESS LTD.,",28-02-2023,4311,OMKAR SAMPAT  INGWALE,25,4,,1,,,,,,,,,,,,,,,,,,,BRN,,,,,,,,,,,,,,,,,,,,,,,,
9,"BLUE DART EXPRESS LTD.,",28-02-2023,3368,PRADIP DHONDIRAM PATIL,25,4,1,,,,,1,,,,,,,,,,,,,,3022,KHW,,,,,,,,,,,,,,,,,,,,,,,,
9,"BLUE DART EXPRESS LTD.,",28-02-2023,3869,PRADIP TANAJI YEWALE,25,4,,1,,,,,,,,,,,,,,,,,,3523,GENRAL MOTORS,,,,,,,,,,,,,,,,,,,,,,,,
9,"BLUE DART EXPRESS LTD.,",28-02-2023,2723,PRAKASH SHIVAJI GAIKWAD,25,4,1,,,,,,,,,,,,,,,,,,,2377,LORREL CHAKAN,,,,,,,,,,,,,,,,,,,,,,,,
9,"BLUE DART EXPRESS LTD.,",28-02-2023,2830,PRASHANT YUVRAJ SALUNKHE,25,4,1,,,,,1,,,,,,,,,,,,,,2484,KHW,,,,,,,,,,,,,,,,,,,,,,,,
9,"BLUE DART EXPRESS LTD.,",28-02-2023,4366,RAHUL  NATHA  MAZIRE,25,4,1,,,,,,,,,,,,,,,,,,,,TWH,,,,,,,,,,,,,,,,,,,,,,,,
9,"BLUE DART EXPRESS LTD.,",28-02-2023,3245,RAMDAS VILAS RALE,25,4,,1,,,,,,,,,,,,,,,,,,2899,LORREL CHAKAN,,,,,,,,,,,,,,,,,,,,,,,,
9,"BLUE DART EXPRESS LTD.,",28-02-2023,3924,RUSHIKESH SAMBHAJI AGATE,25,4,,1,,,,,,,,,,,,,,,,,,3578,TWH,,,,,,,,,,,,,,,,,,,,,,,,
9,"BLUE DART EXPRESS LTD.,",28-02-2023,3372,SACHIN SUBHASH BOIWAR,25,4,,1,,,,1,,,,,,,,,,,,,,3026,PUB/HUB,,,,,,,,,,,,,,,,,,,,,,,,
9,"BLUE DART EXPRESS LTD.,",28-02-2023,4369,SADANAND  VISHWANATH  MALPOTE,25,4,1,,,,,,,,,,,,,,,,,,,,HNW,,,,,,,,,,,,,,,,,,,,,,,,
9,"BLUE DART EXPRESS LTD.,",28-02-2023,3631,SAGAR MADHUKAR THORAT,25,4,1,,,,,,,,,,,,,,,,,,,3285,VEC,,,,,,,,,,,,,,,,,,,,,,,,
9,"BLUE DART EXPRESS LTD.,",28-02-2023,3416,SAGAR SANJAY KANASE,25,4,,1,,,,,,,,,,,,,,,,,,3070,SATARA,,,,,,,,,,,,,,,,,,,,,,,,
9,"BLUE DART EXPRESS LTD.,",28-02-2023,3932,SANDEEP DATTATRAYA KUDALE,25,4,1,,,,,1,,,,,,,,,,,,,,3586,TWH,,,,,,,,,,,,,,,,,,,,,,,,
9,"BLUE DART EXPRESS LTD.,",28-02-2023,2049,SANDEEP GANESH CHINCHANE,25,4,1,,,,,,,,,,,,,,,,,,,1703,BUND GARDEN,,,,,,,,,,,,,,,,,,,,,,,,
9,"BLUE DART EXPRESS LTD.,",28-02-2023,4013,SANDESH BHIMSEN UDHANE,25,4,,1,,,,,,,,,,,,,,,,,,3667,TWH,,,,,,,,,,,,,,,,,,,,,,,,
9,"BLUE DART EXPRESS LTD.,",28-02-2023,3527,SANTONI PRAKASH JAGTAP,25,4,1,,,,,1,,,,,,,,,,,,,,3181,PUB/HUB,,,,,,,,,,,,,,,,,,,,,,,,
9,"BLUE DART EXPRESS LTD.,",28-02-2023,4239,SHUBHAM RAJESH VAKUDE,25,4,1,,,,,,,,,,,,,,,,,,,,HDP,,,,,,,,,,,,,,,,,,,,,,,,
9,"BLUE DART EXPRESS LTD.,",28-02-2023,3737,SIDDHESHWAR BALIRAM THORAT,25,4,1,,,,,,,,,,,,,,,,,,,3391,TWH,,,,,,,,,,,,,,,,,,,,,,,,
9,"BLUE DART EXPRESS LTD.,",28-02-2023,4181,VISHAL AADHIK  JAMADAR,25,4,,1,,,,,,,,,,,,,,,,,,3835,SATARA,,,,,,,,,,,,,,,,,,,,,,,,
9,"BLUE DART EXPRESS LTD.,",28-02-2023,2813,VISHAL WALKU PARDHI,25,4,,1,,,,,,,,,,,,,,,,,,2467,TWH,,,,,,,,,,,,,,,,,,,,,,,,
9,"BLUE DART EXPRESS LTD.,",28-02-2023,4301,AKASH  BHAGWAT CHATE,26,4,,,,,,,,,,,,,,,,,,,,,BRN,,,,,,,,,,,,,,,,,,,,,,,,
9,"BLUE DART EXPRESS LTD.,",28-02-2023,4171,AKASH PRAKASH PARADHI,26,4,,,,,,,,,,,,,,,,,,,,3825,TWH,,,,,,,,,,,,,,,,,,,,,,,,
9,"BLUE DART EXPRESS LTD.,",28-02-2023,4378,AKBAR SHARPPODIN SHAIKH,26,4,,,,,,,,,,,,,,,,,,,,,ELECTRONICA,,,,,,,,,,,,,,,,,,,,,,,,
9,"BLUE DART EXPRESS LTD.,",28-02-2023,3667,AKIB ABDUL SALIM SHAIKH,26,4,,,,,,,,,,,,,,,,,,,,3321,MARKETYARD,,,,,,,,,,,,,,,,,,,,,,,,
9,"BLUE DART EXPRESS LTD.,",28-02-2023,3796,AMOL KAILAS JANGADE,26,4,,,,,,,,,,,,,,,,,,,,3450,EDP,,,,,,,,,,,,,,,,,,,,,,,,
9,"BLUE DART EXPRESS LTD.,",28-02-2023,2836,AMOL RAJENDRA KADAM,26,4,,,,,,,,,,,,,,,,,,,,2490,SATARA,,,,,,,,,,,,,,,,,,,,,,,,
9,"BLUE DART EXPRESS LTD.,",28-02-2023,3523,ANANDA RUKMAJI WAGHMARE,26,4,,,,,,,,,,,,,,,,,,,,3177,PUB/OB,,,,,,,,,,,,,,,,,,,,,,,,
9,"BLUE DART EXPRESS LTD.,",28-02-2023,4308,ANIL  MADHUKAR CHAVAN,26,4,,,,,,,,,,,,,,,,,,,,,SAA,,,,,,,,,,,,,,,,,,,,,,,,
9,"BLUE DART EXPRESS LTD.,",28-02-2023,4379,ARYAN BHANUDAS JAGTAP,26,4,,,,,,,,,,,,,,,,,,,,,ELECTRONICA,,,,,,,,,,,,,,,,,,,,,,,,
9,"BLUE DART EXPRESS LTD.,",28-02-2023,3793,ASHISH SINGH MAHINDRAPAL BHATTI,26,4,,,,,,,,,,,,,,,,,,,,3447,SANGVI,,,,,,,,,,,,,,,,,,,,,,,,
9,"BLUE DART EXPRESS LTD.,",28-02-2023,3328,ASHOK VAIJINATH LONDHE,26,4,,,,,,,,,,,,,,,,,,,,2982,LORREL CHAKAN,,,,,,,,,,,,,,,,,,,,,,,,
9,"BLUE DART EXPRESS LTD.,",28-02-2023,4178,AVINASH DATTATRAY CHANDANE,26,4,,,,,,,,,,,,,,,,,,,,3832,MARKETYARD,,,,,,,,,,,,,,,,,,,,,,,,
9,"BLUE DART EXPRESS LTD.,",28-02-2023,2887,BAPU KALYAN THORAT,26,4,,,,,,,,,,,,,,,,,,,,2541,PUB/OB,,,,,,,,,,,,,,,,,,,,,,,,
9,"BLUE DART EXPRESS LTD.,",28-02-2023,2654,BHARAT CHANDRAKANT SHINDE,26,4,,,,,,,,,,,,,,,,,,,,2308,LORREL CHAKAN,,,,,,,,,,,,,,,,,,,,,,,,
9,"BLUE DART EXPRESS LTD.,",28-02-2023,4005,DEEPAK RAMESH PAWAR,26,4,,,,,,,,,,,,,,,,,,,,3659,LORREL CHAKAN,,,,,,,,,,,,,,,,,,,,,,,,
9,"BLUE DART EXPRESS LTD.,",28-02-2023,2525,GANESH ANNA CHOBHE,26,4,,,,,,,,,,,,,,,,,,,,2179,VIMANNAGAR,,,,,,,,,,,,,,,,,,,,,,,,
9,"BLUE DART EXPRESS LTD.,",28-02-2023,3836,GANESH TANAJI GORE,26,4,,,,,,,,,,,,,,,,,,,,3490,SAA,,,,,,,,,,,,,,,,,,,,,,,,
9,"BLUE DART EXPRESS LTD.,",28-02-2023,4238,KARAN  PRAKASH  KAVADE,26,4,,,,,,,,,,,,,,,,,,,,,HDP,,,,,,,,,,,,,,,,,,,,,,,,
9,"BLUE DART EXPRESS LTD.,",28-02-2023,4241,KRISHNA  ASHOK GAIKWAD,26,4,,,,,,,,,,,,,,,,,,,,,HNW,,,,,,,,,,,,,,,,,,,,,,,,
9,"BLUE DART EXPRESS LTD.,",28-02-2023,3115,LAXMAN DHULAPPA HARLAYYA,26,4,,,,,,,,,,,,,,,,,,,,2769,PUB/OB,,,,,,,,,,,,,,,,,,,,,,,,
9,"BLUE DART EXPRESS LTD.,",28-02-2023,4368,LUKEY TARASING GILL,26,4,,,,,,,,,,,,,,,,,,,,,PCH,,,,,,,,,,,,,,,,,,,,,,,,
9,"BLUE DART EXPRESS LTD.,",28-02-2023,4314,MAHADEV  NANA SHINGATE,26,4,,,,,,,,,,,,,,,,,,,,,BRN,,,,,,,,,,,,,,,,,,,,,,,,
9,"BLUE DART EXPRESS LTD.,",28-02-2023,3318,MUKINDA DATTU PATOLE,26,4,,,,,,,,,,,,,,,,,,,,2972,VEC,,,,,,,,,,,,,,,,,,,,,,,,
9,"BLUE DART EXPRESS LTD.,",28-02-2023,1770,NILESH KALURAM DUMBARE,26,4,,,,,,,,,,,,,,,,,,,,1424,LORREL CHAKAN,,,,,,,,,,,,,,,,,,,,,,,,
9,"BLUE DART EXPRESS LTD.,",28-02-2023,4294,NITESH  NISHANT  MANDLIK,26,4,,,,,,,,,,,,,,,,,,,,,KHW,,,,,,,,,,,,,,,,,,,,,,,,
9,"BLUE DART EXPRESS LTD.,",28-02-2023,3505,NITESH DIPAK AWAGHADE,26,4,,,,,,,,,,,,,,,,,,,,3159,SATARA,,,,,,,,,,,,,,,,,,,,,,,,
9,"BLUE DART EXPRESS LTD.,",28-02-2023,4050,PIRSAB SALIM SHAIKH,26,4,,,,,,,,,,,,,,,,,,,,3704,IT SAGAR,,,,,,,,,,,,,,,,,,,,,,,,
9,"BLUE DART EXPRESS LTD.,",28-02-2023,4134,PRABHAKAR SURESH  SAREGAON,26,4,,,,,,,,,,,,,,,,,,,,3788,KHP,,,,,,,,,,,,,,,,,,,,,,,,
9,"BLUE DART EXPRESS LTD.,",28-02-2023,4295,PRASHANT  PRALHAD  PATIL ,26,4,,,,,,,,,,,,,,,,,,,,,BRN,,,,,,,,,,,,,,,,,,,,,,,,
9,"BLUE DART EXPRESS LTD.,",28-02-2023,4316,PRIYANKA DEEPAK KUMBHAR,26,4,,,,,,,,,,,,,,,,,,,,,BRN,,,,,,,,,,,,,,,,,,,,,,,,
9,"BLUE DART EXPRESS LTD.,",28-02-2023,2703,RAHUL DHONDIBHAU THOMBARE,26,4,,,,,,,,,,,,,,,,,,,,2357,LORREL CHAKAN,,,,,,,,,,,,,,,,,,,,,,,,
9,"BLUE DART EXPRESS LTD.,",28-02-2023,4132,RAJESH SUBHASH SHIVALE,26,4,,,,,,,,,,,,,,,,,,,,3786,TALEGAON DABHADE,,,,,,,,,,,,,,,,,,,,,,,,
9,"BLUE DART EXPRESS LTD.,",28-02-2023,4296,RAKESH BHIVAJI MAGDUM,26,4,,,,,,,,,,,,,,,,,,,,,BRN,,,,,,,,,,,,,,,,,,,,,,,,
9,"BLUE DART EXPRESS LTD.,",28-02-2023,3381,RAKESH SHARAD KAMBLE,26,4,,,,,,,,,,,,,,,,,,,,3035,HADAPSAR,,,,,,,,,,,,,,,,,,,,,,,,
9,"BLUE DART EXPRESS LTD.,",28-02-2023,3782,RAVI BHAUSAHWB JADHAV,26,4,,,,,,,,,,,,,,,,,,,,3436,GENRAL MOTORS,,,,,,,,,,,,,,,,,,,,,,,,
9,"BLUE DART EXPRESS LTD.,",28-02-2023,4002,RAVIKIRAN RAGHUNATH PATIL,26,4,,,,,,,,,,,,,,,,,,,,3656,KHW,,,,,,,,,,,,,,,,,,,,,,,,
9,"BLUE DART EXPRESS LTD.,",28-02-2023,2738,RAVINDRA KHEMA DHARADE,26,4,,,,,,,,,,,,,,,,,,,,2392,LORREL CHAKAN,,,,,,,,,,,,,,,,,,,,,,,,
9,"BLUE DART EXPRESS LTD.,",28-02-2023,3905,RITESH RAMESH GAJARMAL,26,4,,,,,,,,,,,,,,,,,,,,3559,SANGVI,,,,,,,,,,,,,,,,,,,,,,,,
9,"BLUE DART EXPRESS LTD.,",28-02-2023,3986,RUSHIKESH SAMBHAJI  SHENDGE,26,4,,,,,,,,,,,,,,,,,,,,3640,GENRAL MOTORS,,,,,,,,,,,,,,,,,,,,,,,,
9,"BLUE DART EXPRESS LTD.,",28-02-2023,3753,SAIRAJ BHAGWAN GIRI,26,4,,,,,,,,,,,,,,,,,,,,3407,KHW,,,,,,,,,,,,,,,,,,,,,,,,
9,"BLUE DART EXPRESS LTD.,",28-02-2023,4242,SANDESH  SANJAY PINATE,26,4,,,,,,,,,,,,,,,,,,,,,HNW,,,,,,,,,,,,,,,,,,,,,,,,
9,"BLUE DART EXPRESS LTD.,",28-02-2023,4303,SANJAY  KUNDLIK  RAJGE,26,4,,,,,,,,,,,,,,,,,,,,,PUB,,,,,,,,,,,,,,,,,,,,,,,,
9,"BLUE DART EXPRESS LTD.,",28-02-2023,2226,SANTOSH KAMLAKAR BHISE,26,4,,,,,,,,,,,,,,,,,,,,1880,SATARA,,,,,,,,,,,,,,,,,,,,,,,,
9,"BLUE DART EXPRESS LTD.,",28-02-2023,4236,SAYALI  MURALIDHAR  ASAWALE,26,4,,,,,,,,,,,,,,,,,,,,,CAH,,,,,,,,,,,,,,,,,,,,,,,,
9,"BLUE DART EXPRESS LTD.,",28-02-2023,4370,SHUBHAM  RAVJI  BHOIR,26,4,,,,,,,,,,,,,,,,,,,,,HNW,,,,,,,,,,,,,,,,,,,,,,,,
9,"BLUE DART EXPRESS LTD.,",28-02-2023,4176,SHUBHAM DNYANESHWAR CHANDANE,26,4,,,,,,,,,,,,,,,,,,,,3830,MARKETYARD,,,,,,,,,,,,,,,,,,,,,,,,
9,"BLUE DART EXPRESS LTD.,",28-02-2023,4313,SIBENDRANATH  JAGDISH  MAJHI,26,4,,,,,,,,,,,,,,,,,,,,,BRN,,,,,,,,,,,,,,,,,,,,,,,,
9,"BLUE DART EXPRESS LTD.,",28-02-2023,2616,SUDHIR GOVIND NAIKARE,26,4,,,,,,,,,,,,,,,,,,,,2270,SKODA-VW CHAKAN,,,,,,,,,,,,,,,,,,,,,,,,
9,"BLUE DART EXPRESS LTD.,",28-02-2023,3969,SURAJ PRAKASH PAWAR,26,4,,,,,,,,,,,,,,,,,,,,3623,SATARA,,,,,,,,,,,,,,,,,,,,,,,,
9,"BLUE DART EXPRESS LTD.,",28-02-2023,4315,TEJAS JAYVANT BORKAR,26,4,,,,,,,,,,,,,,,,,,,,,BRN,,,,,,,,,,,,,,,,,,,,,,,,
9,"BLUE DART EXPRESS LTD.,",28-02-2023,2977,TUKARAM RAGHUNATH MEMANE,26,4,,,,,,,,,,,,,,,,,,,,2631,LORREL CHAKAN,,,,,,,,,,,,,,,,,,,,,,,,
9,"BLUE DART EXPRESS LTD.,",28-02-2023,4235,TUSHAR RAJARAM RANAWARE,26,4,,,,,,,,,,,,,,,,,,,,,BRN,,,,,,,,,,,,,,,,,,,,,,,,
9,"BLUE DART EXPRESS LTD.,",28-02-2023,4297,UMESH HINDURAO GADAVE,26,4,,,,,,,,,,,,,,,,,,,,,BRN,,,,,,,,,,,,,,,,,,,,,,,,
9,"BLUE DART EXPRESS LTD.,",28-02-2023,4051,VAIBHAV RAMDAS MADVI,26,4,,,,,,,,,,,,,,,,,,,,3705,IT SAGAR,,,,,,,,,,,,,,,,,,,,,,,,
9,"BLUE DART EXPRESS LTD.,",28-02-2023,4146,VIJAY MAHADEV PAWAR,26,4,,,,,,,,,,,,,,,,,,,,3800,TWH,,,,,,,,,,,,,,,,,,,,,,,,
9,"BLUE DART EXPRESS LTD.,",28-02-2023,3670,VIKAS RAJU BHOR,26,4,,,,,,,,,,,,,,,,,,,,3324,LORREL CHAKAN,,,,,,,,,,,,,,,,,,,,,,,,
9,"BLUE DART EXPRESS LTD.,",28-02-2023,3332,VINAY YASHWANT RAJHUNS,26,4,,,,,,,,,,,,,,,,,,,,2986,KHW,,,,,,,,,,,,,,,,,,,,,,,,
9,"BLUE DART EXPRESS LTD.,",28-02-2023,3630,VINOD HARI PAWAR,26,4,,,,,,,,,,,,,,,,,,,,3284,PIMPRI,,,,,,,,,,,,,,,,,,,,,,,,
9,"BLUE DART EXPRESS LTD.,",28-02-2023,4298,YOGESH  VILAS  KANDGAVKAR,26,4,,,,,,,,,,,,,,,,,,,,,BRN,,,,,,,,,,,,,,,,,,,,,,,,
9,"BLUE DART EXPRESS LTD.,",28-02-2023,4237,AMOL  SANJAY  JADHAV,,,,,,,,,,,,,,,,,,,,,,,HDP,,,,,,,,,,,,,,,,,,,,,,,,
9,"BLUE DART EXPRESS LTD.,",28-02-2023,4175,ARJUN BAPU UMAP,,,,,,,,,,,,,,,,,,,,,,3829,TALEGAON DABHADE,,,,,,,,,,,,,,,,,,,,,,,,
9,"BLUE DART EXPRESS LTD.,",28-02-2023,3354,DEEPAK MANBHADUR CHAUDHARY,,,,,,,,,,,,,,,,,,,,,,3008,TWH,,,,,,,,,,,,,,,,,,,,,,,,
9,"BLUE DART EXPRESS LTD.,",28-02-2023,4305,SHUBHAM  VINOD LONARE,,,,,,,,,,,,,,,,,,,,,,,PBT,,,,,,,,,,,,,,,,,,,,,,,,
9,"BLUE DART EXPRESS LTD.,",28-02-2023,4321,SUJAL  SANTOSH RAJOLIA,,,,,,,,,,,,,,,,,,,,,,,PMC,,,,,,,,,,,,,,,,,,,,,,,,
9,"BLUE DART EXPRESS LTD.,",28-02-2023,4306,SURAJ VITTHAL DHUMAL,,,,,,,,,,,,,,,,,,,,,,,PBT,,,,,,,,,,,,,,,,,,,,,,,,
9,"BLUE DART EXPRESS LTD.,",28-02-2023,4307,SWAPNIL  SANTOSH  ATKARI,,,,,,,,,,,,,,,,,,,,,,,PBT,,,,,,,,,,,,,,,,,,,,,,,,
9,"BLUE DART EXPRESS LTD.,",28-02-2023,4016,YOGESH POPAT OVHAL,,,,,,,,,,,,,,,,,,,,,,3670,TWH,,,,,,,,,,,,,,,,,,,,,,,,
