 Client_id ,Client_name,Sal_month, Emp_id,Employee_NAME,Present,Weeklyoff,  Absent,Pl,Cl,Sl, Paidholiday,Additional,Othours, Nightshifts,Incometax,Canteen,Extra_inc1, Extra_inc2,Leave_encash,Extra_ded1,Extra_ded2, Wagediff,Allow_arrears, Ot_arrears,Invalid,Ticket_no, Dept_Name, Comp_ticket_no
9,"BLUE DART EXPRESS LTD.,",31-01-24,4639,AADAM  - SHAIKH,23,4,,2,,,1,,,,,,,,,,,,,,,,BRN,
9,"BLUE DART EXPRESS LTD.,",31-01-24,2502,ABHIJEET NANDAKUMAR GAWARE,25,4,,,,,1,,,,,,,,,,,,,,,2156,TWH,
9,"BLUE DART EXPRESS LTD.,",31-01-24,4141,ABHIJIT - BHADANE,23,4,,2,,,1,,,,,,,,,,,,,,,3795,TSG,
9,"BLUE DART EXPRESS LTD.,",31-01-24,4606,ABHIJIT - JAGTAP,8,1,,,,,1,,,,,,,,,,,,,,,,KHW,
9,"BLUE DART EXPRESS LTD.,",31-01-24,4165,ABHIJIT JAGANNATH PISAL,24,4,,1,,,1,,,,,,,,,,,,,,,3819,SATARA,
9,"BLUE DART EXPRESS LTD.,",31-01-24,4640,ABHISHEK  - DABHADE,,,,,,,,,,,,,,,,,,,,,,,BRN,
9,"BLUE DART EXPRESS LTD.,",31-01-24,4169,ABHISHEK GANESH SAKAT,20,4,5,,,,1,,,,,,,,,,,,,,,3823,WGH,
9,"BLUE DART EXPRESS LTD.,",31-01-24,3744,ABRAR AYYUB KHAN,25,4,,,,,1,,,,,,,,,,,,,,,3398,PLV,
9,"BLUE DART EXPRESS LTD.,",31-01-24,4670,ADITYA  - NIKALJE,23,4,,1,,,1,1,,,,,,,,,,,,,,,BRN,
9,"BLUE DART EXPRESS LTD.,",31-01-24,4671,ADITYA  - SONAWANE,24,4,,,,,1,1,,,,,,,,,,,,,,,PUB,
9,"BLUE DART EXPRESS LTD.,",31-01-24,4040,ADITYA ASHOK PATOLE,24,4,,,,,1,1,,,,,,,,,,,,,,3694,SHRIGONDA,
9,"BLUE DART EXPRESS LTD.,",31-01-24,4301,AKASH  BHAGWAT CHATE,22,4,,3,,,1,,,,,,,,,,,,,,,4404,BRN,
9,"BLUE DART EXPRESS LTD.,",31-01-24,4371,AKASH DILIP SURYAWANSHI,22,4,3,,,,1,,,,,,,,,,,,,,,4429,PCH,
9,"BLUE DART EXPRESS LTD.,",31-01-24,4027,AKASH GANPAT THAKAR,21,3,,5,,,1,,,,,,,,,,,,,,,3681,PUB/OB,
9,"BLUE DART EXPRESS LTD.,",31-01-24,4526,AKASH PRAKASH DIXIT,22,4,,,,,1,3,,,,,,,,,,,,,,,KHW,
9,"BLUE DART EXPRESS LTD.,",31-01-24,4171,AKASH PRAKASH PARADHI,25,4,,,,,1,,,,,,,,,,,,,,,3825,TWH,
9,"BLUE DART EXPRESS LTD.,",31-01-24,4378,AKBAR SHARPPODIN SHAIKH,16,3,10,,,,1,,,,,,,,,,,,,,,4434,ELECTRONICA,
9,"BLUE DART EXPRESS LTD.,",31-01-24,3667,AKIB ABDUL SALIM SHAIKH,25,4,,,,,1,,,,,,,,,,,,,,,3321,MARKETYARD,
9,"BLUE DART EXPRESS LTD.,",31-01-24,4505,AKIF  ARIF KHAN,25,4,,,,,1,,,,,,,,,,,,,,,,SID,
9,"BLUE DART EXPRESS LTD.,",31-01-24,4622,AKSHAY  AMBADAS  JOGADNAKAR,21,4,,4,,,1,,,,,,,,,,,,,,,,BRN,
9,"BLUE DART EXPRESS LTD.,",31-01-24,1338,ALKABAI BIRBAL SINGH,25,4,,,,,1,,,,,,,,,,,,,,,992,BRG,
9,"BLUE DART EXPRESS LTD.,",31-01-24,4234,ALTAF ASIF SHAIKH,25,4,,,,,1,,,,,,,,,,,,,,,4389,BRG,
9,"BLUE DART EXPRESS LTD.,",31-01-24,3491,AMIR FIROJ KILLEDAR,21,4,,1,,,1,3,,,,,,,,,,,,,,3145,KHW,
9,"BLUE DART EXPRESS LTD.,",31-01-24,4602,AMIT  RAJU PATIL,23,4,2,,,,1,,,,,,,,,,,,,,,,SGV,
9,"BLUE DART EXPRESS LTD.,",31-01-24,4078,AMIT RAMESH SAWALE,25,4,,,,,1,,,,,,,,,,,,,,,3732,TWH,
9,"BLUE DART EXPRESS LTD.,",31-01-24,3898,AMIT VIJAY JAGDALE,25,4,,,,,1,,,,,,,,,,,,,,,3552,TWH,
9,"BLUE DART EXPRESS LTD.,",31-01-24,4672,AMOL  - MORE,23,4,,2,,,1,,,,,,,,,,,,,,,,PMC,
9,"BLUE DART EXPRESS LTD.,",31-01-24,4293,AMOL  ANNAPPA  TELVEKAR,23,4,,2,,,1,,,,,,,,,,,,,,,4396,BRN,
9,"BLUE DART EXPRESS LTD.,",31-01-24,4351,AMOL  MARUTI  SURYAVANSHI,24,4,,1,,,1,,,,,,,,,,,,,,,,GAD,
9,"BLUE DART EXPRESS LTD.,",31-01-24,2836,AMOL RAJENDRA KADAM,23,4,,2,,,1,,,,,,,,,,,,,,,2490,SATARA,
9,"BLUE DART EXPRESS LTD.,",31-01-24,4657,AMRUT - CHAUGULE,25,4,,,,,1,,,,,,,,,,,,,,,,KHP,
9,"BLUE DART EXPRESS LTD.,",31-01-24,4490,ANAGHA ANISH SHERAMKAR,22,4,2,1,,,1,,,,,,,,,,,,,,,,SGV,
9,"BLUE DART EXPRESS LTD.,",31-01-24,3523,ANANDA RUKMAJI WAGHMARE,25,4,,,,,1,,,,,,,,,,,,,,,3177,PUB/OB,
9,"BLUE DART EXPRESS LTD.,",31-01-24,3458,ANANTA CHINDHU DHORE,24,4,,,,,1,1,,,,,,,,,,,,,,3112,TWH,
9,"BLUE DART EXPRESS LTD.,",31-01-24,4555,ANIKET - THOMBARE,23,4,,2,,,1,,,,,,,,,,,,,,,,PIR,
9,"BLUE DART EXPRESS LTD.,",31-01-24,4308,ANIL  MADHUKAR CHAVAN,23,4,,2,,,1,,,,,,,,,,,,,,,4408,SAA,
9,"BLUE DART EXPRESS LTD.,",31-01-24,3000,ANIL GORAKHNATH KEMSE,23,4,,2,,,1,,,,,,,,,,,,,,,2654,EDP,
9,"BLUE DART EXPRESS LTD.,",31-01-24,3649,ANIL MOHAN DUMBARE,20,3,,6,,,1,,,,,,,,,,,,,,,3303,SKODA-VW CHAKAN,
9,"BLUE DART EXPRESS LTD.,",31-01-24,4537,ANKUSH  VITTHALRAO  DHONE,,,,,,,,,,,,,,,,,,,,,,,BRN,
9,"BLUE DART EXPRESS LTD.,",31-01-24,4018,ANTU MADHU LOKARE,25,4,,,,,1,,,,,,,,,,,,,,,3672,HINJWADI,
9,"BLUE DART EXPRESS LTD.,",31-01-24,4473,ARUN RAM CHAURE,25,4,,,,,1,,,,,,,,,,,,,,,,PLV,
9,"BLUE DART EXPRESS LTD.,",31-01-24,4377,ARVIND  PANDURANG  KUMBHAR,19,3,8,,,,,,,,,,,,,,,,,,,4433,TWH,
9,"BLUE DART EXPRESS LTD.,",31-01-24,3554,ASHISH KUMAR SURYAWANSHI,25,4,,,,,1,,,,,,,,,,,,,,,3208,TASGAON,
9,"BLUE DART EXPRESS LTD.,",31-01-24,3793,ASHISH SINGH MAHINDRAPAL BHATTI,25,4,,,,,1,,,,,,,,,,,,,,,3447,SANGVI,
9,"BLUE DART EXPRESS LTD.,",31-01-24,4439,ASHOK KISHOR SHINDE,18,3,3,6,,,,,,,,,,,,,,,,,,4439,BRN,
9,"BLUE DART EXPRESS LTD.,",31-01-24,3328,ASHOK VAIJINATH LONDHE,23,4,,,,,1,2,,,,,,,,,,,,,,2982,LORREL CHAKAN,
9,"BLUE DART EXPRESS LTD.,",31-01-24,4309,ATUL  DILIP  DHONDAWAD,23,4,,2,,,1,,,,,,,,,,,,,,,4409,BRN,
9,"BLUE DART EXPRESS LTD.,",31-01-24,4661,ATUL ANANDA JADHAV,,,,,,,,,,,,,,,,,,,,,,,KGL,
9,"BLUE DART EXPRESS LTD.,",31-01-24,4642,AVINASH  - GABHALE,,,,,,,,,,,,,,,,,,,,,,,BRN,
9,"BLUE DART EXPRESS LTD.,",31-01-24,4178,AVINASH DATTATRAY CHANDANE,23,4,,2,,,1,,,,,,,,,,,,,,,3832,MARKETYARD,
9,"BLUE DART EXPRESS LTD.,",31-01-24,3641,BALI BALAJI SURYAWANSHI,24,4,1,,,,1,,,,,,,,,,,,,,,3295,TGR,
9,"BLUE DART EXPRESS LTD.,",31-01-24,2654,BHARAT CHANDRAKANT SHINDE,25,4,,,,,1,,,,,,,,,,,,,,,2308,LORREL CHAKAN,
9,"BLUE DART EXPRESS LTD.,",31-01-24,2686,BHARAT RAGHU KOTWAL,24,4,,1,,,1,,,,,,,,,,,,,,,2340,LORREL CHAKAN,
9,"BLUE DART EXPRESS LTD.,",31-01-24,4131,BHARATI CHANDRAKANT PANDIT,24,4,,1,,,1,,,,,,,,,,,,,,,3785,HDP,
9,"BLUE DART EXPRESS LTD.,",31-01-24,4481,BHIMRAO VINAYAK KHUDE,25,4,,,,,1,,,,,,,,,,,,,,,,TWH,
9,"BLUE DART EXPRESS LTD.,",31-01-24,4527,DASHRATH  SAMPAT BHORDE ,21,3,,5,,,1,,,,,,,,,,,,,,,,PVT,
9,"BLUE DART EXPRESS LTD.,",31-01-24,4506,DAYANAND VITTHAL KALWALE,9,1,,,,,,,,,,,,,,,,,,,,,PCH,
9,"BLUE DART EXPRESS LTD.,",31-01-24,4573,DEEPAK  - THAKAR,25,4,,,,,1,,,,,,,,,,,,,,,,PUB,
9,"BLUE DART EXPRESS LTD.,",31-01-24,3885,DEEPAK  PAWAR,25,4,,,,,1,,,,,,,,,,,,,,,3539,BARSHI,
9,"BLUE DART EXPRESS LTD.,",31-01-24,3798,DHIRAJ PRAMOD KASAB,25,4,,,,,1,,,,,,,,,,,,,,,3452,BARSHI,
9,"BLUE DART EXPRESS LTD.,",31-01-24,4017,DILIP KISAN BADHE,19,3,5,2,,,1,,,,,,,,,,,,,,,3671,ACCOUNTS,
9,"BLUE DART EXPRESS LTD.,",31-01-24,3996,DINESH  RANPISE,25,4,,,,,1,,,,,,,,,,,,,,,3650,KHED,
9,"BLUE DART EXPRESS LTD.,",31-01-24,4662,DIPAK - JADHAV,,,,,,,,,,,,,,,,,,,,,,,KRC (KARAD),
9,"BLUE DART EXPRESS LTD.,",31-01-24,3940,DNYANESHWAR  KADAM,25,4,,,,,1,,,,,,,,,,,,,,,3594,KHED,
9,"BLUE DART EXPRESS LTD.,",31-01-24,4612,FARUK - NAIKWADE,24,4,,1,,,1,,,,,,,,,,,,,,,,KGL,
9,"BLUE DART EXPRESS LTD.,",31-01-24,4683,GANESH  - FADKE,,,,,,,,,,,,,,,,,,,,,,,SGB,
9,"BLUE DART EXPRESS LTD.,",31-01-24,4624,GANESH  ANANDRAO  JADHAV,3,,27,,,,,,,,,,,,,,,,,,,,BRN,
9,"BLUE DART EXPRESS LTD.,",31-01-24,4205,GANESH  SHANKAR  KASAB,25,4,,,,,1,,,,,,,,,,,,,,,,BRN,
9,"BLUE DART EXPRESS LTD.,",31-01-24,4453,GANESH A SHINDE,25,4,,,,,1,,,,,,,,,,,,,,,,BRN,
9,"BLUE DART EXPRESS LTD.,",31-01-24,2525,GANESH ANNA CHOBHE,24,4,,1,,,1,,,,,,,,,,,,,,,2179,VIMANNAGAR,
9,"BLUE DART EXPRESS LTD.,",31-01-24,2476,GANESH CHANDRAKANT TILEKAR,25,4,,,,,1,,,,,,,,,,,,,,,2130,SATARA,
9,"BLUE DART EXPRESS LTD.,",31-01-24,3836,GANESH TANAJI GORE,24,4,,1,,,1,,,,,,,,,,,,,,,3490,SAA,
9,"BLUE DART EXPRESS LTD.,",31-01-24,4643,GAURAV  - KAMBLE,19,3,4,3,,,1,,,,,,,,,,,,,,,,BRN,
9,"BLUE DART EXPRESS LTD.,",31-01-24,4173,GORAKSHNATH DILIP SATHE,24,4,1,,,,1,,,,,,,,,,,,,,,3827,BANER,
9,"BLUE DART EXPRESS LTD.,",31-01-24,4541,GURUNATH  - SANGAR,22,4,,2,,,1,1,,,,,,,,,,,,,,,KHW,
9,"BLUE DART EXPRESS LTD.,",31-01-24,4440,HIMANSHU SHAILESH GARSUND,5,,,,,,,,,,,,,,,,,,,,,4440,BRN,
9,"BLUE DART EXPRESS LTD.,",31-01-24,2343,HIRA BALU SHELAR,22,4,,3,,,1,,,,,,,,,,,,,,,1997,KHADAKI,
9,"BLUE DART EXPRESS LTD.,",31-01-24,4042,HIRAMAN HEMRAJ PARDESHI,25,4,,,,,1,,,,,,,,,,,,,,,3696,SWH,
9,"BLUE DART EXPRESS LTD.,",31-01-24,2448,HITESH LALASO KHARADE,23,4,,2,,,1,,,,,,,,,,,,,,,2102,SATARA,
9,"BLUE DART EXPRESS LTD.,",31-01-24,4361,HRUSHIKESH  DEVIDAS  KULKARNI,25,4,,,,,1,,,,,,,,,,,,,,,4421,TWH,
9,"BLUE DART EXPRESS LTD.,",31-01-24,4574,ISHWAR  - PARDESHI,25,4,,,,,1,,,,,,,,,,,,,,,,PUB,
9,"BLUE DART EXPRESS LTD.,",31-01-24,4376,JAY  GANESH  CHAVAN,23,4,,2,,,1,,,,,,,,,,,,,,,4432,TWH,
9,"BLUE DART EXPRESS LTD.,",31-01-24,4019,JEEVAN BHIKAJI KADAM,24,4,1,,,,1,,,,,,,,,,,,,,,3673,KHED,
9,"BLUE DART EXPRESS LTD.,",31-01-24,3097,KALPESH BHIKU CHAVAN,25,4,,,,,1,,,,,,,,,,,,,,,2751,PIMPRI,
9,"BLUE DART EXPRESS LTD.,",31-01-24,3702,KALYAN TRIMBAKRAO MUNE,24,4,1,,,,1,,,,,,,,,,,,,,,3356,IT SAGAR,
9,"BLUE DART EXPRESS LTD.,",31-01-24,4644,KAPILDEV  - LOHAR,,,,,,,,,,,,,,,,,,,,,,,BRN,
9,"BLUE DART EXPRESS LTD.,",31-01-24,4238,KARAN  PRAKASH  KAVADE,25,4,,,,,1,,,,,,,,,,,,,,,4392,HDP,
9,"BLUE DART EXPRESS LTD.,",31-01-24,4302,KARAN  RAMESH CHAVAN,1,,,,,,,,,,,,,,,,,,,,,4405,BRN,
9,"BLUE DART EXPRESS LTD.,",31-01-24,3564,KARAN CHANDAR SHINDE,25,4,,,,,1,,,,,,,,,,,,,,,3218,SANGVI,
9,"BLUE DART EXPRESS LTD.,",31-01-24,3906,KARAN SHIVAJI KUCHEKAR,24,4,1,,,,1,,,,,,,,,,,,,,,3560,SANGVI,
9,"BLUE DART EXPRESS LTD.,",31-01-24,4659,KAUSTUBH - YADAV,22,4,2,,,,1,1,,,,,,,,,,,,,,,GAD,
9,"BLUE DART EXPRESS LTD.,",31-01-24,4549,KIRAN  - NIKAM,23,4,,2,,,1,,,,,,,,,,,,,,,,PMC,
9,"BLUE DART EXPRESS LTD.,",31-01-24,1254,KISAN BABAN SHELAR,25,4,,,,,1,,,,,,,,,,,,,,,908,APEX/SFC,
9,"BLUE DART EXPRESS LTD.,",31-01-24,4120,KISHOR  RANJANE,24,4,,1,,,1,,,,,,,,,,,,,,,3774,WAI SATARA,
9,"BLUE DART EXPRESS LTD.,",31-01-24,2812,KISHOR BABAN GAWADE,23,4,,1,,,1,1,,,,,,,,,,,,,,2466,PUB/HUB,
9,"BLUE DART EXPRESS LTD.,",31-01-24,4404,KISHOR NANASO NALAWADE,20,4,,1,,,1,4,,,,,,,,,,,,,,,KRC (KARAD),
9,"BLUE DART EXPRESS LTD.,",31-01-24,3227,KISHOR RAJU CHOUGULE,18,3,8,,,,,1,,,,,,,,,,,,,,2881,PUB/OB,
9,"BLUE DART EXPRESS LTD.,",31-01-24,4240,KRISHNA  ASHOK GAIKWAD,23,4,,2,,,1,,,,,,,,,,,,,,,,HNW,
9,"BLUE DART EXPRESS LTD.,",31-01-24,4174,KRISHNA ASHOK SURYAWANSHI,18,3,8,,,,1,,,,,,,,,,,,,,,3828,HADAPSAR,
9,"BLUE DART EXPRESS LTD.,",31-01-24,3749,KULDIP ARVIND JAGDALE,25,4,,,,,1,,,,,,,,,,,,,,,3403,BARSHI,
9,"BLUE DART EXPRESS LTD.,",31-01-24,4399,KUMAR  DAULAPPA  KOLI,25,4,,,,,1,,,,,,,,,,,,,,,,KON,
9,"BLUE DART EXPRESS LTD.,",31-01-24,4471,KUNAL  NITIN  KUMBHAR,25,4,,,,,1,,,,,,,,,,,,,,,4451,HNW,
9,"BLUE DART EXPRESS LTD.,",31-01-24,4158,KUNAL SUNIL  PILLAY,,,,,,,,,,,,,,,,,,,,,,3812,BUND GARDEN,
9,"BLUE DART EXPRESS LTD.,",31-01-24,3939,LAKHAN  LANDE,25,4,,,,,1,,,,,,,,,,,,,,,3593,BARSHI,
9,"BLUE DART EXPRESS LTD.,",31-01-24,1977,LATA AMBADAS KAWADE,23,4,,2,,,1,,,,,,,,,,,,,,,1631,WAGHOLI,
9,"BLUE DART EXPRESS LTD.,",31-01-24,4030,MACHINDRA BABASANHEB SANGALE,25,4,,,,,1,,,,,,,,,,,,,,,3684,IT SAGAR,
9,"BLUE DART EXPRESS LTD.,",31-01-24,4314,MAHADEV  NANA SHINGATE,25,4,,,,,1,,,,,,,,,,,,,,,4414,BRN,
9,"BLUE DART EXPRESS LTD.,",31-01-24,4507,MAHARUDRA SHIVAJI GAVATE,23,4,2,,,,1,,,,,,,,,,,,,,,,PCH,
9,"BLUE DART EXPRESS LTD.,",31-01-24,4577,MAHESH - SATHE,25,4,,,,,1,,,,,,,,,,,,,,,,HNW,
9,"BLUE DART EXPRESS LTD.,",31-01-24,4400,MAHESH ASHOK RATNAPARAKHE,25,4,,,,,1,,,,,,,,,,,,,,,,PIR,
9,"BLUE DART EXPRESS LTD.,",31-01-24,3266,MAHESH BAPU NAVALE,25,4,,,,,1,,,,,,,,,,,,,,,2920,KGL,
9,"BLUE DART EXPRESS LTD.,",31-01-24,3700,MANGAL NANDU KAPSE,25,4,,,,,1,,,,,,,,,,,,,,,3354,IT SAGAR,
9,"BLUE DART EXPRESS LTD.,",31-01-24,4578,MANGESH - JADHAV,25,4,,,,,1,,,,,,,,,,,,,,,,PUB,
9,"BLUE DART EXPRESS LTD.,",31-01-24,4645,MANJUSHA  - TALELLU,20,4,5,,,,1,,,,,,,,,,,,,,,,BRN,
9,"BLUE DART EXPRESS LTD.,",31-01-24,4058,MANOJ DNYANESHWAR SHINDE,25,4,,,,,1,,,,,,,,,,,,,,,3712,TWH,
9,"BLUE DART EXPRESS LTD.,",31-01-24,3249,MARUTI BABULAL MUNGASE,25,4,,,,,1,,,,,,,,,,,,,,,2903,SKODA-VW CHAKAN,
9,"BLUE DART EXPRESS LTD.,",31-01-24,3666,MATRUSHWAR BASAVRAJ DODMANI,22,4,,3,,,1,,,,,,,,,,,,,,,3320,VIMANNAGAR,
9,"BLUE DART EXPRESS LTD.,",31-01-24,4543,MAYUR  - SHETTY,25,4,,,,,1,,,,,,,,,,,,,,,,PMC,
9,"BLUE DART EXPRESS LTD.,",31-01-24,4646,MITHUN  - CHAVAN,8,1,,,,,,,,,,,,,,,,,,,,,BRN,
9,"BLUE DART EXPRESS LTD.,",31-01-24,4579,MOHAMMAD - AKIB,24,4,1,,,,1,,,,,,,,,,,,,,,,PUB,
9,"BLUE DART EXPRESS LTD.,",31-01-24,4380,MOHD AZHAR ZAFAR AZHAR,25,4,,,,,1,,,,,,,,,,,,,,,4436,PCH,
9,"BLUE DART EXPRESS LTD.,",31-01-24,3318,MUKINDA DATTU PATOLE,22,4,,3,,,1,,,,,,,,,,,,,,,2972,VEC,
9,"BLUE DART EXPRESS LTD.,",31-01-24,4647,NAGESH  - KAMBLE,,,,,,,,,,,,,,,,,,,,,,,BRN,
9,"BLUE DART EXPRESS LTD.,",31-01-24,4550,NAMDEV  - NEHAY,22,4,3,,,,1,,,,,,,,,,,,,,,,TLW,
9,"BLUE DART EXPRESS LTD.,",31-01-24,4580,NANDRAM - KEDAR,22,4,,2,,,1,1,,,,,,,,,,,,,,,PUB,
9,"BLUE DART EXPRESS LTD.,",31-01-24,3676,NARESH BABASO KOLI,23,4,,2,,,1,,,,,,,,,,,,,,,3330,KHW,
9,"BLUE DART EXPRESS LTD.,",31-01-24,4626,NAVNATH  SURESH  JADHAV,21,4,1,3,,,1,,,,,,,,,,,,,,,,BRN,
9,"BLUE DART EXPRESS LTD.,",31-01-24,3060,NAVNATH ANANDA DHORE,25,4,,,,,1,,,,,,,,,,,,,,,2714,TWH,
9,"BLUE DART EXPRESS LTD.,",31-01-24,2833,NAVNATH BAJRANG KURELEKAR,24,4,,1,,,1,,,,,,,,,,,,,,,2487,SATARA,
9,"BLUE DART EXPRESS LTD.,",31-01-24,3692,NAVNATH RAMCHANDRA PATIL,21,4,,,,,,5,,,,,,,,,,,,,,3346,KARAD,
9,"BLUE DART EXPRESS LTD.,",31-01-24,4142,NIKHIL  SHINDE,24,4,,1,,,1,,,,,,,,,,,,,,,3796,TASGAON,
9,"BLUE DART EXPRESS LTD.,",31-01-24,1770,NILESH KALURAM DUMBARE,22,4,,3,,,1,,,,,,,,,,,,,,,1424,LORREL CHAKAN,
9,"BLUE DART EXPRESS LTD.,",31-01-24,3121,NILESH NARAYAN KAJALE,24,4,,1,,,1,,,,,,,,,,,,,,,2775,GENRAL MOTORS,
9,"BLUE DART EXPRESS LTD.,",31-01-24,2810,NILESH VASANTRAO JAGDALE,24,4,,,,,1,1,,,,,,,,,,,,,,2464,KHW,
9,"BLUE DART EXPRESS LTD.,",31-01-24,4294,NITESH  NISHANT  MANDLIK,25,4,,,,,1,,,,,,,,,,,,,,,4397,KHW,
9,"BLUE DART EXPRESS LTD.,",31-01-24,3505,NITESH DIPAK AWAGHADE,25,4,,,,,1,,,,,,,,,,,,,,,3159,SATARA,
9,"BLUE DART EXPRESS LTD.,",31-01-24,4627,NITIN  VASANT  PAWAR,25,4,,,,,1,,,,,,,,,,,,,,,,KHP,
9,"BLUE DART EXPRESS LTD.,",31-01-24,4161,NITIN GOPINATH KADAM,24,4,,1,,,1,,,,,,,,,,,,,,,3815,PUB/OB,
9,"BLUE DART EXPRESS LTD.,",31-01-24,3877,NITIN GULAB SAWALE,12,2,,16,,,,,,,,,,,,,,,,,,3531,IT SAGAR,
9,"BLUE DART EXPRESS LTD.,",31-01-24,3448,NITIN SARJERAO BHOSALE,25,4,,,,,1,,,,,,,,,,,,,,,3102,PALUS,
9,"BLUE DART EXPRESS LTD.,",31-01-24,4648,OMKAR  - SAWANT,25,4,,,,,1,,,,,,,,,,,,,,,,BRN,
9,"BLUE DART EXPRESS LTD.,",31-01-24,4319,OMKAR  DEEPAK  SALUNKE,25,4,,,,,1,,,,,,,,,,,,,,,4418,HDP,
9,"BLUE DART EXPRESS LTD.,",31-01-24,4311,OMKAR SAMPAT  INGWALE,23,4,,2,,,1,,,,,,,,,,,,,,,4411,BRN,
9,"BLUE DART EXPRESS LTD.,",31-01-24,4601,PARESH - CHOUDHARI,24,4,1,,,,1,,,,,,,,,,,,,,,,SGV,
9,"BLUE DART EXPRESS LTD.,",31-01-24,4581,PAVAN - DABADGANKAR,24,4,1,,,,1,,,,,,,,,,,,,,,,PUB,
9,"BLUE DART EXPRESS LTD.,",31-01-24,4050,PIRSAB SALIM SHAIKH,25,4,,,,,1,,,,,,,,,,,,,,,3704,IT SAGAR,
9,"BLUE DART EXPRESS LTD.,",31-01-24,4134,PRABHAKAR SURESH  SAREGAON,25,4,,,,,1,,,,,,,,,,,,,,,3788,KHP,
9,"BLUE DART EXPRESS LTD.,",31-01-24,4677,PRADIP - ADHORE,22,4,3,,,,1,,,,,,,,,,,,,,,,SHG,
9,"BLUE DART EXPRESS LTD.,",31-01-24,3869,PRADIP TANAJI YEWALE,25,4,,,,,1,,,,,,,,,,,,,,,3523,GENRAL MOTORS,
9,"BLUE DART EXPRESS LTD.,",31-01-24,2723,PRAKASH SHIVAJI GAIKWAD,25,4,,,,,1,,,,,,,,,,,,,,,2377,LORREL CHAKAN,
9,"BLUE DART EXPRESS LTD.,",31-01-24,4201,PRALHAD  RAMCHANDRA  GAIKWAD,23,4,,2,,,1,,,,,,,,,,,,,,,,BRN,
9,"BLUE DART EXPRESS LTD.,",31-01-24,4649,PRAMOD  - MAHAJAN,19,3,7,,,,1,,,,,,,,,,,,,,,,BRN,
9,"BLUE DART EXPRESS LTD.,",31-01-24,4604,PRANAV - KEDARI,25,4,,,,,1,,,,,,,,,,,,,,,,WGH,
9,"BLUE DART EXPRESS LTD.,",31-01-24,3326,PRASAD PRAKASH SANAS,21,4,,4,,,1,,,,,,,,,,,,,,,2980,WAI SATARA,
9,"BLUE DART EXPRESS LTD.,",31-01-24,4059,PRASANNA NAVNATH SHINDE,24,4,,1,,,1,,,,,,,,,,,,,,,3713,TWH,
9,"BLUE DART EXPRESS LTD.,",31-01-24,4295,PRASHANT  PRALHAD  PATIL ,23,4,1,1,,,1,,,,,,,,,,,,,,,4398,BRN,
9,"BLUE DART EXPRESS LTD.,",31-01-24,2830,PRASHANT YUVRAJ SALUNKHE,24,4,,,,,1,1,,,,,,,,,,,,,,2484,KHW,
9,"BLUE DART EXPRESS LTD.,",31-01-24,3457,PREMKUMAR ANIL PAWAR,25,4,,,,,1,,,,,,,,,,,,,,,3111,PUB/OB,
9,"BLUE DART EXPRESS LTD.,",31-01-24,4316,PRIYANKA DEEPAK KUMBHAR,25,4,,,,,1,,,,,,,,,,,,,,,4416,BRN,
9,"BLUE DART EXPRESS LTD.,",31-01-24,3902,PUNAJI HONAJI SHINGADE,24,4,,1,,,1,,,,,,,,,,,,,,,3556,LORREL CHAKAN,
9,"BLUE DART EXPRESS LTD.,",31-01-24,4684,RAHUL  - G,11,1,,,,,,,,,,,,,,,,,,,,,PCH,
9,"BLUE DART EXPRESS LTD.,",31-01-24,4685,RAHUL  - JADHAV,,,,,,,,,,,,,,,,,,,,,,,ADC,
9,"BLUE DART EXPRESS LTD.,",31-01-24,4673,RAHUL  - MANE,25,4,,,,,1,,,,,,,,,,,,,,,,PMC,
9,"BLUE DART EXPRESS LTD.,",31-01-24,4629,RAHUL  DHONDIRAM  KOLI,24,4,,,,,1,1,,,,,,,,,,,,,,,KHP,
9,"BLUE DART EXPRESS LTD.,",31-01-24,4582,RAHUL - GAWADE,25,4,,,,,1,,,,,,,,,,,,,,,,PUB,
9,"BLUE DART EXPRESS LTD.,",31-01-24,4366,RAHUL  NATHA  MAZIRE,24,4,,1,,,1,,,,,,,,,,,,,,,4425,TWH,
9,"BLUE DART EXPRESS LTD.,",31-01-24,2703,RAHUL DHONDIBHAU THOMBARE,25,4,,,,,1,,,,,,,,,,,,,,,2357,LORREL CHAKAN,
9,"BLUE DART EXPRESS LTD.,",31-01-24,4674,RAJ  - THORAVE,25,4,,,,,1,,,,,,,,,,,,,,,,HNW,
9,"BLUE DART EXPRESS LTD.,",31-01-24,4132,RAJESH SUBHASH SHIVALE,25,4,,,,,1,,,,,,,,,,,,,,,3786,TALEGAON DABHADE,
9,"BLUE DART EXPRESS LTD.,",31-01-24,4296,RAKESH BHIVAJI MAGDUM,24,4,1,,,,1,,,,,,,,,,,,,,,4399,BRN,
9,"BLUE DART EXPRESS LTD.,",31-01-24,3381,RAKESH SHARAD KAMBLE,23,4,,2,,,1,,,,,,,,,,,,,,,3035,HDP,
9,"BLUE DART EXPRESS LTD.,",31-01-24,4491,RAM SURESH JADHAV,20,4,3,2,,,1,,,,,,,,,,,,,,,,PMC,
9,"BLUE DART EXPRESS LTD.,",31-01-24,3245,RAMDAS VILAS RALE,25,4,,,,,1,,,,,,,,,,,,,,,2899,LORREL CHAKAN,
9,"BLUE DART EXPRESS LTD.,",31-01-24,4312,RAMESH BABURAO BANSODE,25,4,,,,,1,,,,,,,,,,,,,,,4412,BRN,
9,"BLUE DART EXPRESS LTD.,",31-01-24,4483,RANJEET  SANJAY  KANASE,24,4,,1,,,1,,,,,,,,,,,,,,,,SAA,
9,"BLUE DART EXPRESS LTD.,",31-01-24,3782,RAVI BHAUSAHWB JADHAV,25,4,,,,,1,,,,,,,,,,,,,,,3436,GENRAL MOTORS,
9,"BLUE DART EXPRESS LTD.,",31-01-24,3429,RAVI NATHU SAPRE,,,,,,,,,,,,,,,,,,,,,,3083,PUB/HUB,
9,"BLUE DART EXPRESS LTD.,",31-01-24,4002,RAVIKIRAN RAGHUNATH PATIL,23,4,,,,,1,2,,,,,,,,,,,,,,3656,KHW,
9,"BLUE DART EXPRESS LTD.,",31-01-24,4513,RAVINDRA  RAMCHANDRA  YADAV,25,4,,,,,1,,,,,,,,,,,,,,,,SGV,
9,"BLUE DART EXPRESS LTD.,",31-01-24,2873,RAVINDRA KHANDU PAWAR,25,4,,,,,1,,,,,,,,,,,,,,,2527,HINJWADI,
9,"BLUE DART EXPRESS LTD.,",31-01-24,2738,RAVINDRA KHEMA DHARADE,25,4,,,,,1,,,,,,,,,,,,,,,2392,LORREL CHAKAN,
9,"BLUE DART EXPRESS LTD.,",31-01-24,3579,RAVINDRA MANSING JADHAV,25,4,,,,,1,,,,,,,,,,,,,,,3233,IT SAGAR,
9,"BLUE DART EXPRESS LTD.,",31-01-24,3838,RENUKA ANMOL UJAGARE,25,4,,,,,1,,,,,,,,,,,,,,,3492,BRG,
9,"BLUE DART EXPRESS LTD.,",31-01-24,4650,ROHAN  - DAHIBATE,24,4,1,,,,1,,,,,,,,,,,,,,,,BRN,
9,"BLUE DART EXPRESS LTD.,",31-01-24,4545,ROHAN  - GAIKWAD,25,4,,,,,1,,,,,,,,,,,,,,,,TWH,
9,"BLUE DART EXPRESS LTD.,",31-01-24,4686,ROHAN  - MARNE,25,4,,,,,1,,,,,,,,,,,,,,,,PIR,
9,"BLUE DART EXPRESS LTD.,",31-01-24,4687,ROHIT  - NIMBHORE,21,4,3,1,,,1,,,,,,,,,,,,,,,,PMC,
9,"BLUE DART EXPRESS LTD.,",31-01-24,4558,ROHIT - GAIKWAD,24,4,,1,,,1,,,,,,,,,,,,,,,,PLV,
9,"BLUE DART EXPRESS LTD.,",31-01-24,4088,ROHIT  SONAWANE,25,4,,,,,1,,,,,,,,,,,,,,,3742,WAI SATARA,
9,"BLUE DART EXPRESS LTD.,",31-01-24,4652,ROSHAN  - GAIKWAD,24,4,1,,,,1,,,,,,,,,,,,,,,,BRN,
9,"BLUE DART EXPRESS LTD.,",31-01-24,3986,RUSHIKESH SAMBHAJI  SHENDGE,25,4,,,,,1,,,,,,,,,,,,,,,3640,VIN,
9,"BLUE DART EXPRESS LTD.,",31-01-24,3924,RUSHIKESH SAMBHAJI AGATE,25,4,,,,,1,,,,,,,,,,,,,,,3578,TWH,
9,"BLUE DART EXPRESS LTD.,",31-01-24,4653,SACHIN  - DURGE,,,,,,,,,,,,,,,,,,,,,,,BRN,
9,"BLUE DART EXPRESS LTD.,",31-01-24,4654,SACHIN  - HARGILE,,,,,,,,,,,,,,,,,,,,,,,BRN,
9,"BLUE DART EXPRESS LTD.,",31-01-24,4559,SACHIN - WADATE,21,4,1,,,,1,3,,,,,,,,,,,,,,,KRC (KARAD),
9,"BLUE DART EXPRESS LTD.,",31-01-24,3372,SACHIN SUBHASH BOIWAR,24,4,1,,,,1,,,,,,,,,,,,,,,3026,PUB/HUB,
9,"BLUE DART EXPRESS LTD.,",31-01-24,4688,SAGAR  - SHEDGE,25,4,,,,,1,,,,,,,,,,,,,,,,PIR,
9,"BLUE DART EXPRESS LTD.,",31-01-24,4689,SAGAR  - SHINDE,25,4,,,,,1,,,,,,,,,,,,,,,,PMC,
9,"BLUE DART EXPRESS LTD.,",31-01-24,3925,SAGAR  SANAS,25,4,,,,,1,,,,,,,,,,,,,,,3579,WAI SATARA,
9,"BLUE DART EXPRESS LTD.,",31-01-24,4660,SAGAR DNYANDEV JADHAV,,,,,,,,,,,,,,,,,,,,,,,GAD,
9,"BLUE DART EXPRESS LTD.,",31-01-24,3631,SAGAR MADHUKAR THORAT,20,4,2,3,,,1,,,,,,,,,,,,,,,3285,VEC,
9,"BLUE DART EXPRESS LTD.,",31-01-24,3856,SAGAR NANASO PAWAR,23,4,,,,,1,2,,,,,,,,,,,,,,3510,KARAD,
9,"BLUE DART EXPRESS LTD.,",31-01-24,4403,SAGAR SAMBHAJI PATIL,22,4,,3,,,1,,,,,,,,,,,,,,,,TSG,
9,"BLUE DART EXPRESS LTD.,",31-01-24,3416,SAGAR SANJAY KANASE,24,4,,1,,,1,,,,,,,,,,,,,,,3070,SATARA,
9,"BLUE DART EXPRESS LTD.,",31-01-24,3308,SAGAR SANJAY MAHAJAN,16,3,8,3,,,,,,,,,,,,,,,,,,2962,TWH,
9,"BLUE DART EXPRESS LTD.,",31-01-24,3524,SAHIL GANGARAM ANKUSH,23,4,,2,,,1,,,,,,,,,,,,,,,3178,PUB/OB,
9,"BLUE DART EXPRESS LTD.,",31-01-24,3753,SAIRAJ BHAGWAN GIRI,25,4,,,,,1,,,,,,,,,,,,,,,3407,KHW,
9,"BLUE DART EXPRESS LTD.,",31-01-24,4630,SAMIR  - NAVGHANE,25,4,,,,,1,,,,,,,,,,,,,,,,ADC,
9,"BLUE DART EXPRESS LTD.,",31-01-24,4585,SAMIR - BHOSALE,25,4,,,,,1,,,,,,,,,,,,,,,,HNW,
9,"BLUE DART EXPRESS LTD.,",31-01-24,4610,SAMIR - GARADE,25,4,,,,,1,,,,,,,,,,,,,,,,SHG,
9,"BLUE DART EXPRESS LTD.,",31-01-24,4159,SAMIR JAMIL SHAIKH,24,4,,1,,,1,,,,,,,,,,,,,,,3813,MARKETYARD,
9,"BLUE DART EXPRESS LTD.,",31-01-24,2708,SAMIT LALASO PHADATARE,25,4,,,,,1,,,,,,,,,,,,,,,2362,SATARA,
9,"BLUE DART EXPRESS LTD.,",31-01-24,4300,SAMPAT  MOHAN  KAMBLE,22,4,1,,,,1,2,,,,,,,,,,,,,,4403,BRN,
9,"BLUE DART EXPRESS LTD.,",31-01-24,3932,SANDEEP DATTATRAYA KUDALE,25,4,,,,,1,,,,,,,,,,,,,,,3586,TWH,
9,"BLUE DART EXPRESS LTD.,",31-01-24,2049,SANDEEP GANESH CHINCHANE,25,4,,,,,1,,,,,,,,,,,,,,,1703,BUND GARDEN,
9,"BLUE DART EXPRESS LTD.,",31-01-24,3909,SANDEEP NAMDEV RAIKAR,24,4,,1,,,1,,,,,,,,,,,,,,,3563,SANGVI,
9,"BLUE DART EXPRESS LTD.,",31-01-24,4476,SANDEEP PANDURANG VAZAREKAR,23,4,,2,,,1,,,,,,,,,,,,,,,,GAD,
9,"BLUE DART EXPRESS LTD.,",31-01-24,4242,SANDESH  SANJAY PINATE,20,4,,5,,,1,,,,,,,,,,,,,,,4395,HNW,
9,"BLUE DART EXPRESS LTD.,",31-01-24,4013,SANDESH BHIMSEN UDHANE,25,4,,,,,1,,,,,,,,,,,,,,,3667,TWH,
9,"BLUE DART EXPRESS LTD.,",31-01-24,4547,SANDIP  - SHIRSAT,22,4,,2,,,1,1,,,,,,,,,,,,,,,PUB,
9,"BLUE DART EXPRESS LTD.,",31-01-24,4209,SANDIP  SUDAM  CHAKHALE,25,4,,,,,1,,,,,,,,,,,,,,,,BRN,
9,"BLUE DART EXPRESS LTD.,",31-01-24,4631,SANJEEV -  YEMBELWAR,,,,,,,,,,,,,,,,,,,,,,,PMC,
9,"BLUE DART EXPRESS LTD.,",31-01-24,3527,SANTONI PRAKASH JAGTAP,23,4,,1,,,1,1,,,,,,,,,,,,,,3181,PUB/HUB,
9,"BLUE DART EXPRESS LTD.,",31-01-24,4551,SANTOSH  - YEWALE,25,4,,,,,1,,,,,,,,,,,,,,,,TWH,
9,"BLUE DART EXPRESS LTD.,",31-01-24,2226,SANTOSH KAMLAKAR BHISE,25,4,,,,,1,,,,,,,,,,,,,,,1880,SATARA,
9,"BLUE DART EXPRESS LTD.,",31-01-24,4655,SATISH  - HARGILE,23,4,,,,,1,2,,,,,,,,,,,,,,,BRN,
9,"BLUE DART EXPRESS LTD.,",31-01-24,4168,SATYJEET SURESH DABHADE,14,2,11,1,,,,2,,,,,,,,,,,,,,3822,KHW,
9,"BLUE DART EXPRESS LTD.,",31-01-24,4546,SAURABH  - KUMBHAR,23,4,,2,,,1,,,,,,,,,,,,,,,,TWH,
9,"BLUE DART EXPRESS LTD.,",31-01-24,3917,SAWANKUMAR  BHUJANGE,23,4,,2,,,1,,,,,,,,,,,,,,,3571,PARALI -VAIJANATH,
9,"BLUE DART EXPRESS LTD.,",31-01-24,4690,SHAHABAZ  - MULANI,25,4,,,,,1,,,,,,,,,,,,,,,,BRN,
9,"BLUE DART EXPRESS LTD.,",31-01-24,4605,SHAILESH - DHAMUNE,21,4,,1,,,1,3,,,,,,,,,,,,,,,KHW,
9,"BLUE DART EXPRESS LTD.,",31-01-24,4548,SHAKIB  - SHAIKH,24,4,,,,,1,1,,,,,,,,,,,,,,,PUB,
9,"BLUE DART EXPRESS LTD.,",31-01-24,4675,SHANKAR  - MANE,25,4,,,,,1,,,,,,,,,,,,,,,,PMC,
9,"BLUE DART EXPRESS LTD.,",31-01-24,2231,SHANKAR HANUMANTA JANGLE,24,4,,1,,,1,,,,,,,,,,,,,,,1885,PIMPRI CHINCHWAD,
9,"BLUE DART EXPRESS LTD.,",31-01-24,4611,SHARAD - GAIKWAD,,,,,,,,,,,,,,,,,,,,,,,KCT (KHED CITY),
9,"BLUE DART EXPRESS LTD.,",31-01-24,4531,SHASHIKANT  VIJAY LOYARE,24,4,,1,,,1,,,,,,,,,,,,,,,,PVT,
9,"BLUE DART EXPRESS LTD.,",31-01-24,4187,SHEKHAR BHASKAR  ANDHALE,24,4,1,,,,1,,,,,,,,,,,,,,,4385,TWH,
9,"BLUE DART EXPRESS LTD.,",31-01-24,4691,SHIVANGI  - KOL,23,4,,2,,,1,,,,,,,,,,,,,,,,HNW,
9,"BLUE DART EXPRESS LTD.,",31-01-24,4632,SHIVTEJ - SATAV,25,4,,,,,1,,,,,,,,,,,,,,,,HNW,
9,"BLUE DART EXPRESS LTD.,",31-01-24,4148,SHOBHA DATTATRAY PALLAWAR,25,4,,,,,1,,,,,,,,,,,,,,,3802,CHAKAN,
9,"BLUE DART EXPRESS LTD.,",31-01-24,4663,SHRIPAD RAMESH BACHAL,,,,,,,,,,,,,,,,,,,,,,,WAI,
9,"BLUE DART EXPRESS LTD.,",31-01-24,3991,SHUBHAM MOHAN  MALI,24,4,,,,,1,1,,,,,,,,,,,,,,3645,KHW,
9,"BLUE DART EXPRESS LTD.,",31-01-24,4239,SHUBHAM RAJESH VAKUDE,24,4,1,,,,1,,,,,,,,,,,,,,,4393,HDP,
9,"BLUE DART EXPRESS LTD.,",31-01-24,4510,SHUBHAM RAMCHANDRA SHINDE,22,4,,3,,,1,,,,,,,,,,,,,,,,VIN,
9,"BLUE DART EXPRESS LTD.,",31-01-24,4313,SIBENDRANATH  JAGDISH  MAJHI,23,4,,2,,,1,,,,,,,,,,,,,,,4413,BRN,
9,"BLUE DART EXPRESS LTD.,",31-01-24,3737,SIDDHESHWAR BALIRAM THORAT,18,4,2,5,,,1,,,,,,,,,,,,,,,3391,TWH,
9,"BLUE DART EXPRESS LTD.,",31-01-24,4633,SOHEL  - SHAIKH,23,4,1,1,,,1,,,,,,,,,,,,,,,,PMC,
9,"BLUE DART EXPRESS LTD.,",31-01-24,3946,SOMESHWAR  INGULKAR,24,4,,1,,,1,,,,,,,,,,,,,,,3600,MANJARI,
9,"BLUE DART EXPRESS LTD.,",31-01-24,4634,SOMNATH  - BODAKE,24,4,,1,,,1,,,,,,,,,,,,,,,,WGH,
9,"BLUE DART EXPRESS LTD.,",31-01-24,4057,SOMNATH DEVIDAS KULKARNI,25,4,,,,,1,,,,,,,,,,,,,,,3711,PWH,
9,"BLUE DART EXPRESS LTD.,",31-01-24,4043,SRINIVAS VILAS POWAR,23,4,,1,,,1,1,,,,,,,,,,,,,,3697,KHW,
9,"BLUE DART EXPRESS LTD.,",31-01-24,4402,SUDESH  DIGAMBAR  BHALERAO,23,4,2,,,,1,,,,,,,,,,,,,,,,KCT (KHED CITY),
9,"BLUE DART EXPRESS LTD.,",31-01-24,2616,SUDHIR GOVIND NAIKARE,23,4,,1,,,1,1,,,,,,,,,,,,,,2270,SKODA-VW CHAKAN,
9,"BLUE DART EXPRESS LTD.,",31-01-24,3621,SUHAS SAKHARAM KADAM,22,4,,3,,,1,,,,,,,,,,,,,,,3275,PUB/OB,
9,"BLUE DART EXPRESS LTD.,",31-01-24,4692,SUMIT  - BARDE,23,4,2,,,,1,,,,,,,,,,,,,,,,PCH,
9,"BLUE DART EXPRESS LTD.,",31-01-24,4329,SUNIL  BABAN PARDHI,25,4,,,,,1,,,,,,,,,,,,,,,,TWH,
9,"BLUE DART EXPRESS LTD.,",31-01-24,3936,SUNIL  PAWAR,25,4,,,,,1,,,,,,,,,,,,,,,3590,KARAD,
9,"BLUE DART EXPRESS LTD.,",31-01-24,4010,SUNIL  RATHOD,21,4,,,,,,5,,,,,,,,,,,,,,3664,KARAD,
9,"BLUE DART EXPRESS LTD.,",31-01-24,4492,SUNIL CHANDRABHAN BIRADAR,24,3,,2,,,1,,,,,,,,,,,,,,,,HNW,
9,"BLUE DART EXPRESS LTD.,",31-01-24,4055,SUNIL KHANDU PAWAR,25,4,,,,,1,,,,,,,,,,,,,,,3709,HINJWADI,
9,"BLUE DART EXPRESS LTD.,",31-01-24,4613,SUNNY - KAMBLE,23,4,,2,,,1,,,,,,,,,,,,,,,,KGL,
9,"BLUE DART EXPRESS LTD.,",31-01-24,4589,SURAJ - KEDARI,23,4,1,,,,1,1,,,,,,,,,,,,,,,PUB,
9,"BLUE DART EXPRESS LTD.,",31-01-24,3969,SURAJ PRAKASH PAWAR,25,4,,,,,1,,,,,,,,,,,,,,,3623,SATARA,
9,"BLUE DART EXPRESS LTD.,",31-01-24,4405,SURAJ SATYAWAN CHAVAN,21,4,,,,,,5,,,,,,,,,,,,,,,KRC (KARAD),
9,"BLUE DART EXPRESS LTD.,",31-01-24,3054,SURESH ASHOK SHINDE,25,4,,,,,1,,,,,,,,,,,,,,,2708,SINHGAD ROAD,
9,"BLUE DART EXPRESS LTD.,",31-01-24,4204,SUSHANT  SHIVAJI  BHOSALE,23,4,,2,,,1,,,,,,,,,,,,,,,,BRN,
9,"BLUE DART EXPRESS LTD.,",31-01-24,4511,SWAPNIL  SANJAY MALWADKAR,22,4,,3,,,1,,,,,,,,,,,,,,,,BRG,
9,"BLUE DART EXPRESS LTD.,",31-01-24,3449,SWAPNIL ANIL PAWAR,17,4,,8,,,1,,,,,,,,,,,,,,,3103,PALUS,
9,"BLUE DART EXPRESS LTD.,",31-01-24,4635,TATHAGAT  - KOLE,19,4,6,,,,1,,,,,,,,,,,,,,,,PMC,
9,"BLUE DART EXPRESS LTD.,",31-01-24,4656,TEJAS   - NISARGUNDE ,21,4,4,,,,1,,,,,,,,,,,,,,,,BRN,
9,"BLUE DART EXPRESS LTD.,",31-01-24,4693,TEJAS  - SATHE,25,4,,,,,1,,,,,,,,,,,,,,,,BRN,
9,"BLUE DART EXPRESS LTD.,",31-01-24,4315,TEJAS JAYVANT BORKAR,23,4,,2,,,1,,,,,,,,,,,,,,,4415,BRN,
9,"BLUE DART EXPRESS LTD.,",31-01-24,2977,TUKARAM RAGHUNATH MEMANE,25,4,,,,,1,,,,,,,,,,,,,,,2631,LORREL CHAKAN,
9,"BLUE DART EXPRESS LTD.,",31-01-24,4636,TUSHAR  - KOKANE,23,4,2,,,,1,,,,,,,,,,,,,,,,PMC,
9,"BLUE DART EXPRESS LTD.,",31-01-24,4235,TUSHAR - RANAWARE,25,4,,,,,1,,,,,,,,,,,,,,,4390,BRN,
9,"BLUE DART EXPRESS LTD.,",31-01-24,4297,UMESH HINDURAO GADAVE,24,4,,1,,,1,,,,,,,,,,,,,,,4400,BRN,
9,"BLUE DART EXPRESS LTD.,",31-01-24,4637,VAIBHAV  - SATHE,25,4,,,,,1,,,,,,,,,,,,,,,,PUB,
9,"BLUE DART EXPRESS LTD.,",31-01-24,4198,VAIBHAV  VIJAY  KODOLKAR,23,4,,,,,1,2,,,,,,,,,,,,,,4388,BRN,
9,"BLUE DART EXPRESS LTD.,",31-01-24,4051,VAIBHAV RAMDAS MADVI,25,4,,,,,1,,,,,,,,,,,,,,,3705,IT SAGAR,
9,"BLUE DART EXPRESS LTD.,",31-01-24,4194,VAMAN  VIJAY  BHUJBAL,25,4,,,,,1,,,,,,,,,,,,,,,4387,TWH,
9,"BLUE DART EXPRESS LTD.,",31-01-24,4146,VIJAY MAHADEV PAWAR,25,4,,,,,1,,,,,,,,,,,,,,,3800,TWH,
9,"BLUE DART EXPRESS LTD.,",31-01-24,4033,VIJAY SARJERAO PATIL,24,4,,1,,,1,,,,,,,,,,,,,,,3687,TWH,
9,"BLUE DART EXPRESS LTD.,",31-01-24,4188,VIKAS VAMAN BHALERAO,25,4,,,,,1,,,,,,,,,,,,,,,4386,SGB,
9,"BLUE DART EXPRESS LTD.,",31-01-24,4542,VIKI  JASVIRCHAND  VALMIKI,5,,,,,,,,,,,,,,,,,,,,,,TWH,
9,"BLUE DART EXPRESS LTD.,",31-01-24,4353,VILAS  SHAMRAO  JADHAV,23,4,,2,,,1,,,,,,,,,,,,,,,,WAI,
9,"BLUE DART EXPRESS LTD.,",31-01-24,3332,VINAY YASHWANT RAJHUNS,20,4,5,,,,1,,,,,,,,,,,,,,,2986,KHW,
9,"BLUE DART EXPRESS LTD.,",31-01-24,4638,VINAYAK  - CHAFE,,,,,,,,,,,,,,,,,,,,,,,PMC,
9,"BLUE DART EXPRESS LTD.,",31-01-24,3630,VINOD HARI PAWAR,22,4,,4,,,,,,,,,,,,,,,,,,3284,PIMPRI,
9,"BLUE DART EXPRESS LTD.,",31-01-24,4172,VISHAL  BHIGUDE,25,4,,,,,1,,,,,,,,,,,,,,,3826,GADHINGALAS,
9,"BLUE DART EXPRESS LTD.,",31-01-24,4149,VISHAL  LANDE,25,4,,,,,1,,,,,,,,,,,,,,,3803,BARSHI,
9,"BLUE DART EXPRESS LTD.,",31-01-24,4533,VISHAL  MOHAN SAKAT,25,4,,,,,1,,,,,,,,,,,,,,,,HNW,
9,"BLUE DART EXPRESS LTD.,",31-01-24,4181,VISHAL AADHIK  JAMADAR,24,4,,1,,,1,,,,,,,,,,,,,,,3835,SATARA,
9,"BLUE DART EXPRESS LTD.,",31-01-24,2813,VISHAL WALKU PARDHI,,,,,,,,,,,,,,,,,,,,,,2467,TWH,
9,"BLUE DART EXPRESS LTD.,",31-01-24,4024,VITTHAL  SANAS,25,4,,,,,1,,,,,,,,,,,,,,,3678,WAI SATARA,
9,"BLUE DART EXPRESS LTD.,",31-01-24,4465,VIVEK KISAN GAJMAL,23,4,,2,,,1,,,,,,,,,,,,,,,,KTD,
9,"BLUE DART EXPRESS LTD.,",31-01-24,4694,WAJID  - BANGI,19,3,8,,,,,,,,,,,,,,,,,,,,PCH,
9,"BLUE DART EXPRESS LTD.,",31-01-24,4695,YELLAPPA  - YELKUNDE,6,0,,,,,0,,,,,,,,,,,,,,,,BRN,
9,"BLUE DART EXPRESS LTD.,",31-01-24,4298,YOGESH  VILAS  KANDGAVKAR,24,4,,1,,,1,,,,,,,,,,,,,,,4401,BRN,
9,"BLUE DART EXPRESS LTD.,",31-01-24,2211,YOGESH MOHAN PAKHALE,,,,,,,,,,,,,,,,,,,,,,1865,TWH,
9,"BLUE DART EXPRESS LTD.,",31-01-24,4676,YOGITA  - CHAUDHARY,24,4,,1,,,1,,,,,,,,,,,,,,,,HNW,
9,"BLUE DART EXPRESS LTD.,",31-01-24,4062,YOGITA SUDHIR KAMBLE,23,4,2,,,,1,,,,,,,,,,,,,,,3716,PMC,
9,"BLUE DART EXPRESS LTD.,",31-01-24,4590,YUVRAJ - LOYARE,23,4,,2,,,1,,,,,,,,,,,,,,,,PVT,
