 Client_id ,Client_name,Sal_month, Emp_id,Employee_NAME,Present,Weeklyoff,  Absent,Pl,Cl,Sl, Paidholiday,Additional,Othours, Nightshifts,Incometax,Canteen,Extra_inc1, Extra_inc2,Leave_encash,Extra_ded1,Extra_ded2, Wagediff,Allow_arrears, Ot_arrears,Invalid,Ticket_no, Dept_Name, Comp_ticket_no
9,"BLUE DART EXPRESS LTD.,",30-09-23,2502,ABHIJEET NANDAKUMAR GAWARE,24,4,,1,,,1,,,,,,,,,,,,,,,2156,TWH,
9,"BLUE DART EXPRESS LTD.,",30-09-23,4165,ABHIJIT JAGANNATH PISAL,25,4,,,,,1,,,,,,,,,,,,,,,3819,SATARA,
9,"BLUE DART EXPRESS LTD.,",30-09-23,4169,ABHISHEK GANESH SAKAT,17,4,8,,,,1,,,,,,,,,,,,,,,3823,WGH,
9,"BLUE DART EXPRESS LTD.,",30-09-23,4040,ADITYA ASHOK PATOLE,21,4,,3,,,1,1,,,,,,,,,,,,,,3694,SHRIGONDA,
9,"BLUE DART EXPRESS LTD.,",30-09-23,4301,AKASH  BHAGWAT CHATE,25,4,,,,,1,,,,,,,,,,,,,,,4404,BRN,
9,"BLUE DART EXPRESS LTD.,",30-09-23,4177,AKASH DATTATRAY CHANDANE,24,4,,,,,1,,,,,,,,,,,,,,,3831,MARKETYARD,
9,"BLUE DART EXPRESS LTD.,",30-09-23,4371,AKASH DILIP SURYAWANSHI,25,4,,,,,1,,,,,,,,,,,,,,,4429,PCH,
9,"BLUE DART EXPRESS LTD.,",30-09-23,4027,AKASH GANPAT THAKAR,22,4,,2,,,1,1,,,,,,,,,,,,,,3681,PUB/OB,
9,"BLUE DART EXPRESS LTD.,",30-09-23,4526,AKASH PRAKASH DIXIT,25,4,,,,,1,,,,,,,,,,,,,,,,KHW,
9,"BLUE DART EXPRESS LTD.,",30-09-23,4171,AKASH PRAKASH PARADHI,25,4,,,,,1,,,,,,,,,,,,,,,3825,TWH,
9,"BLUE DART EXPRESS LTD.,",30-09-23,4378,AKBAR SHARPPODIN SHAIKH,25,4,,,,,1,,,,,,,,,,,,,,,4434,ELECTRONICA,
9,"BLUE DART EXPRESS LTD.,",30-09-23,3667,AKIB ABDUL SALIM SHAIKH,25,4,,,,,1,,,,,,,,,,,,,,,3321,MARKETYARD,
9,"BLUE DART EXPRESS LTD.,",30-09-23,4505,AKIF  ARIF KHAN,23,4,2,,,,1,,,,,,,,,,,,,,,,SID,
9,"BLUE DART EXPRESS LTD.,",30-09-23,4234,ALTAF ASIF SHAIKH,22,4,,3,,,1,,,,,,,,,,,,,,,4389,BRG,
9,"BLUE DART EXPRESS LTD.,",30-09-23,3491,AMIR FIROJ KILLEDAR,22,4,,1,,,1,2,,,,,,,,,,,,,,3145,KHW,
9,"BLUE DART EXPRESS LTD.,",30-09-23,4078,AMIT RAMESH SAWALE,25,4,,,,,1,,,,,,,,,,,,,,,3732,TWH,
9,"BLUE DART EXPRESS LTD.,",30-09-23,3898,AMIT VIJAY JAGDALE,25,4,,,,,1,,,,,,,,,,,,,,,3552,TWH,
9,"BLUE DART EXPRESS LTD.,",30-09-23,4293,AMOL  ANNAPPA  TELVEKAR,25,4,,,,,1,,,,,,,,,,,,,,,4396,BRN,
9,"BLUE DART EXPRESS LTD.,",30-09-23,2836,AMOL RAJENDRA KADAM,24,4,1,,,,1,,,,,,,,,,,,,,,2490,SATARA,
9,"BLUE DART EXPRESS LTD.,",30-09-23,4490,ANAGHA ANISH SHERAMKAR,20,4,6,,,,,,,,,,,,,,,,,,,,SGV,
9,"BLUE DART EXPRESS LTD.,",30-09-23,3523,ANANDA RUKMAJI WAGHMARE,22,4,,,,,1,3,,,,,,,,,,,,,,3177,PUB/OB,
9,"BLUE DART EXPRESS LTD.,",30-09-23,3458,ANANTA CHINDHU DHORE,18,4,,3,,,1,4,,,,,,,,,,,,,,3112,TWH,
9,"BLUE DART EXPRESS LTD.,",30-09-23,4438,ANIKET HARIDAS WAGH,23,4,,2,,,1,,,,,,,,,,,,,,,4438,TWH,
9,"BLUE DART EXPRESS LTD.,",30-09-23,4308,ANIL  MADHUKAR CHAVAN,23,4,2,,,,1,,,,,,,,,,,,,,,4408,SAA,
9,"BLUE DART EXPRESS LTD.,",30-09-23,3000,ANIL GORAKHNATH KEMSE,24,4,,1,,,1,,,,,,,,,,,,,,,2654,EDP,
9,"BLUE DART EXPRESS LTD.,",30-09-23,3649,ANIL MOHAN DUMBARE,25,4,,,,,1,,,,,,,,,,,,,,,3303,SKODA-VW CHAKAN,
9,"BLUE DART EXPRESS LTD.,",30-09-23,4377,ARVIND  PANDURANG  KUMBHAR,14,3,13,,,,,,,,,,,,,,,,,,,4433,TWH,
9,"BLUE DART EXPRESS LTD.,",30-09-23,4379,ARYAN BHANUDAS JAGTAP,16,3,10,,,,1,,,,,,,,,,,,,,,4435,ELECTRONICA,
9,"BLUE DART EXPRESS LTD.,",30-09-23,3793,ASHISH SINGH MAHINDRAPAL BHATTI,24,4,1,,,,1,,,,,,,,,,,,,,,3447,SANGVI,
9,"BLUE DART EXPRESS LTD.,",30-09-23,4439,ASHOK KISHOR SHINDE,24,4,,1,,,1,,,,,,,,,,,,,,,4439,BRN,
9,"BLUE DART EXPRESS LTD.,",30-09-23,3328,ASHOK VAIJINATH LONDHE,25,4,,,,,1,,,,,,,,,,,,,,,2982,LORREL CHAKAN,
9,"BLUE DART EXPRESS LTD.,",30-09-23,4309,ATUL  DILIP  DHONDAWAD,17,3,,,,,1,,,,,,,,,,,,,,,4409,BRN,
9,"BLUE DART EXPRESS LTD.,",30-09-23,4178,AVINASH DATTATRAY CHANDANE,24,4,1,,,,1,,,,,,,,,,,,,,,3832,MARKETYARD,
9,"BLUE DART EXPRESS LTD.,",30-09-23,2887,BAPU KALYAN THORAT,25,4,,,,,1,,,,,,,,,,,,,,,2541,PUB/OB,
9,"BLUE DART EXPRESS LTD.,",30-09-23,2654,BHARAT CHANDRAKANT SHINDE,25,4,,,,,1,,,,,,,,,,,,,,,2308,LORREL CHAKAN,
9,"BLUE DART EXPRESS LTD.,",30-09-23,2686,BHARAT RAGHU KOTWAL,25,4,,,,,1,,,,,,,,,,,,,,,2340,LORREL CHAKAN,
9,"BLUE DART EXPRESS LTD.,",30-09-23,4131,BHARATI CHANDRAKANT PANDIT,24,4,,1,,,1,,,,,,,,,,,,,,,3785,HDP,
9,"BLUE DART EXPRESS LTD.,",30-09-23,4527,DASHRATH  SAMPAT BHORDE ,22,4,3,,,,1,,,,,,,,,,,,,,,,PVT,
9,"BLUE DART EXPRESS LTD.,",30-09-23,4506,DAYANAND VITTHAL KALWALE,23,4,,2,,,1,,,,,,,,,,,,,,,,PCH,
9,"BLUE DART EXPRESS LTD.,",30-09-23,4028,DEEPAK GANPAT AGALE,14,2,11,,,,,3,,,,,,,,,,,,,,3682,PUB/OB,
9,"BLUE DART EXPRESS LTD.,",30-09-23,2525,GANESH ANNA CHOBHE,25,4,,,,,1,,,,,,,,,,,,,,,2179,VIMANNAGAR,
9,"BLUE DART EXPRESS LTD.,",30-09-23,4162,GANESH BALU KENDALE,13,2,,,,,,,,,,,,,,,,,,,,3816,TWH,
9,"BLUE DART EXPRESS LTD.,",30-09-23,2476,GANESH CHANDRAKANT TILEKAR,24,4,1,,,,1,,,,,,,,,,,,,,,2130,SATARA,
9,"BLUE DART EXPRESS LTD.,",30-09-23,3836,GANESH TANAJI GORE,24,4,1,,,,1,,,,,,,,,,,,,,,3490,SAA,
9,"BLUE DART EXPRESS LTD.,",30-09-23,4528,GAURAV  MAHENDRA MALI,25,4,,,,,1,,,,,,,,,,,,,,,,SGV,
9,"BLUE DART EXPRESS LTD.,",30-09-23,4173,GORAKSHNATH DILIP SATHE,22,4,3,,,,1,,,,,,,,,,,,,,,3827,BANER,
9,"BLUE DART EXPRESS LTD.,",30-09-23,4529,GURUDAS BHARAT CHANDANSHIVE ,3,1,,,,,,,,,,,,,,,,,,,,,PMC,
9,"BLUE DART EXPRESS LTD.,",30-09-23,4541,GURUNATH  - SANGAR,24,4,1,,,,1,,,,,,,,,,,,,,,,KHW,
9,"BLUE DART EXPRESS LTD.,",30-09-23,4440,HIMANSHU SHAILESH GARSUND,25,4,,,,,1,,,,,,,,,,,,,,,4440,BRN,
9,"BLUE DART EXPRESS LTD.,",30-09-23,2448,HITESH LALASO KHARADE,25,4,,,,,1,,,,,,,,,,,,,,,2102,SATARA,
9,"BLUE DART EXPRESS LTD.,",30-09-23,4361,HRUSHIKESH  DEVIDAS  KULKARNI,24,4,1,,,,1,,,,,,,,,,,,,,,4421,TWH,
9,"BLUE DART EXPRESS LTD.,",30-09-23,4376,JAY  GANESH  CHAVAN,20,4,,3,,,1,2,,,,,,,,,,,,,,4432,TWH,
9,"BLUE DART EXPRESS LTD.,",30-09-23,3097,KALPESH BHIKU CHAVAN,20,4,6,,,,,,,,,,,,,,,,,,,2751,PIMPRI,
9,"BLUE DART EXPRESS LTD.,",30-09-23,4238,KARAN  PRAKASH  KAVADE,25,4,,,,,1,,,,,,,,,,,,,,,4392,HDP,
9,"BLUE DART EXPRESS LTD.,",30-09-23,4302,KARAN  RAMESH CHAVAN,22,4,3,,,,1,,,,,,,,,,,,,,,4405,BRN,
9,"BLUE DART EXPRESS LTD.,",30-09-23,3906,KARAN SHIVAJI KUCHEKAR,16,3,11,,,,1,,,,,,,,,,,,,,,3560,SANGVI,
9,"BLUE DART EXPRESS LTD.,",30-09-23,4549,KIRAN  - NIKAM,24,4,1,,,,1,,,,,,,,,,,,,,,,PMC,
9,"BLUE DART EXPRESS LTD.,",30-09-23,1254,KISAN BABAN SHELAR,20,3,,6,,,1,,,,,,,,,,,,,,,908,APEX/SFC,
9,"BLUE DART EXPRESS LTD.,",30-09-23,2812,KISHOR BABAN GAWADE,24,4,,,,,1,1,,,,,,,,,,,,,,2466,PUB/HUB,
9,"BLUE DART EXPRESS LTD.,",30-09-23,3227,KISHOR RAJU CHOUGULE,20,4,,2,,,1,3,,,,,,,,,,,,,,2881,PUB/OB,
9,"BLUE DART EXPRESS LTD.,",30-09-23,4240,KRISHNA  ASHOK GAIKWAD,25,4,,,,,1,,,,,,,,,,,,,,,,HNW,
9,"BLUE DART EXPRESS LTD.,",30-09-23,4174,KRISHNA ASHOK SURYAWANSHI,19,3,5,2,,,1,,,,,,,,,,,,,,,3828,HADAPSAR,
9,"BLUE DART EXPRESS LTD.,",30-09-23,4471,KUNAL  NITIN  KUMBHAR,25,4,,,,,1,,,,,,,,,,,,,,,4451,HNW,
9,"BLUE DART EXPRESS LTD.,",30-09-23,4158,KUNAL SUNIL  PILLAY,21,4,,4,,,1,,,,,,,,,,,,,,,3812,BUND GARDEN,
9,"BLUE DART EXPRESS LTD.,",30-09-23,4314,MAHADEV  NANA SHINGATE,25,4,,,,,1,,,,,,,,,,,,,,,4414,BRN,
9,"BLUE DART EXPRESS LTD.,",30-09-23,4507,MAHARUDRA SHIVAJI GAVATE,3,,,,,,,,,,,,,,,,,,,,,,PCH,
9,"BLUE DART EXPRESS LTD.,",30-09-23,4544,MANISHA  - SOREKAR,24,4,,1,,,1,,,,,,,,,,,,,,,,CAH,
9,"BLUE DART EXPRESS LTD.,",30-09-23,4058,MANOJ DNYANESHWAR SHINDE,25,4,,,,,1,,,,,,,,,,,,,,,3712,TWH,
9,"BLUE DART EXPRESS LTD.,",30-09-23,3249,MARUTI BABULAL MUNGASE,25,4,,,,,1,,,,,,,,,,,,,,,2903,SKODA-VW CHAKAN,
9,"BLUE DART EXPRESS LTD.,",30-09-23,3666,MATRUSHWAR BASAVRAJ DODMANI,22,4,,3,,,1,,,,,,,,,,,,,,,3320,VIMANNAGAR,
9,"BLUE DART EXPRESS LTD.,",30-09-23,4543,MAYUR  - SHETTY,25,4,,,,,1,,,,,,,,,,,,,,,,PMC,
9,"BLUE DART EXPRESS LTD.,",30-09-23,4380,MOHD AZHAR ZAFAR AZHAR,23,4,2,,,,1,,,,,,,,,,,,,,,4436,PCH,
9,"BLUE DART EXPRESS LTD.,",30-09-23,3318,MUKINDA DATTU PATOLE,23,4,,2,,,1,,,,,,,,,,,,,,,2972,VEC,
9,"BLUE DART EXPRESS LTD.,",30-09-23,3060,NAVNATH ANANDA DHORE,25,4,,,,,1,,,,,,,,,,,,,,,2714,TWH,
9,"BLUE DART EXPRESS LTD.,",30-09-23,2833,NAVNATH BAJRANG KURELEKAR,24,4,1,,,,1,,,,,,,,,,,,,,,2487,SATARA,
9,"BLUE DART EXPRESS LTD.,",30-09-23,1770,NILESH KALURAM DUMBARE,25,4,,,,,1,,,,,,,,,,,,,,,1424,LORREL CHAKAN,
9,"BLUE DART EXPRESS LTD.,",30-09-23,3121,NILESH NARAYAN KAJALE,23,4,,2,,,1,,,,,,,,,,,,,,,2775,GENRAL MOTORS,
9,"BLUE DART EXPRESS LTD.,",30-09-23,2810,NILESH VASANTRAO JAGDALE,22,4,,3,,,1,,,,,,,,,,,,,,,2464,KHW,
9,"BLUE DART EXPRESS LTD.,",30-09-23,4294,NITESH  NISHANT  MANDLIK,24,4,,1,,,1,,,,,,,,,,,,,,,4397,KHW,
9,"BLUE DART EXPRESS LTD.,",30-09-23,3505,NITESH DIPAK AWAGHADE,24,4,1,,,,1,,,,,,,,,,,,,,,3159,SATARA,
9,"BLUE DART EXPRESS LTD.,",30-09-23,4161,NITIN GOPINATH KADAM,23,4,,1,,,1,1,,,,,,,,,,,,,,3815,PUB/OB,
9,"BLUE DART EXPRESS LTD.,",30-09-23,4319,OMKAR  DEEPAK  SALUNKE,25,4,,,,,1,,,,,,,,,,,,,,,4418,HDP,
9,"BLUE DART EXPRESS LTD.,",30-09-23,4311,OMKAR SAMPAT  INGWALE,24,4,1,,,,1,,,,,,,,,,,,,,,4411,BRN,
9,"BLUE DART EXPRESS LTD.,",30-09-23,4299,ONKAR  RAJENDRA  POWAR,20,4,,1,,,1,4,,,,,,,,,,,,,,4402,KHW,
9,"BLUE DART EXPRESS LTD.,",30-09-23,4050,PIRSAB SALIM SHAIKH,25,4,,,,,1,,,,,,,,,,,,,,,3704,IT SAGAR,
9,"BLUE DART EXPRESS LTD.,",30-09-23,4134,PRABHAKAR SURESH  SAREGAON,24,4,,,,,1,1,,,,,,,,,,,,,,3788,KHP,
9,"BLUE DART EXPRESS LTD.,",30-09-23,3869,PRADIP TANAJI YEWALE,25,4,,,,,1,,,,,,,,,,,,,,,3523,GENRAL MOTORS,
9,"BLUE DART EXPRESS LTD.,",30-09-23,2723,PRAKASH SHIVAJI GAIKWAD,22,4,,3,,,1,,,,,,,,,,,,,,,2377,LORREL CHAKAN,
9,"BLUE DART EXPRESS LTD.,",30-09-23,4059,PRASANNA NAVNATH SHINDE,25,4,,,,,1,,,,,,,,,,,,,,,3713,TWH,
9,"BLUE DART EXPRESS LTD.,",30-09-23,4295,PRASHANT  PRALHAD  PATIL ,24,4,,1,,,1,,,,,,,,,,,,,,,4398,BRN,
9,"BLUE DART EXPRESS LTD.,",30-09-23,2830,PRASHANT YUVRAJ SALUNKHE,19,3,7,,,,1,,,,,,,,,,,,,,,2484,KHW,
9,"BLUE DART EXPRESS LTD.,",30-09-23,3457,PREMKUMAR ANIL PAWAR,19,3,1,4,,,1,2,,,,,,,,,,,,,,3111,PUB/OB,
9,"BLUE DART EXPRESS LTD.,",30-09-23,4316,PRIYANKA DEEPAK KUMBHAR,24,4,,1,,,1,,,,,,,,,,,,,,,4416,BRN,
9,"BLUE DART EXPRESS LTD.,",30-09-23,3902,PUNAJI HONAJI SHINGADE,25,4,,,,,1,,,,,,,,,,,,,,,3556,LORREL CHAKAN,
9,"BLUE DART EXPRESS LTD.,",30-09-23,4366,RAHUL  NATHA  MAZIRE,21,4,2,2,,,1,,,,,,,,,,,,,,,4425,TWH,
9,"BLUE DART EXPRESS LTD.,",30-09-23,2703,RAHUL DHONDIBHAU THOMBARE,25,4,,,,,1,,,,,,,,,,,,,,,2357,LORREL CHAKAN,
9,"BLUE DART EXPRESS LTD.,",30-09-23,4132,RAJESH SUBHASH SHIVALE,25,4,,,,,1,,,,,,,,,,,,,,,3786,TALEGAON DABHADE,
9,"BLUE DART EXPRESS LTD.,",30-09-23,4296,RAKESH BHIVAJI MAGDUM,25,4,,,,,1,,,,,,,,,,,,,,,4399,BRN,
9,"BLUE DART EXPRESS LTD.,",30-09-23,3381,RAKESH SHARAD KAMBLE,20,3,,6,,,1,,,,,,,,,,,,,,,3035,HDP,
9,"BLUE DART EXPRESS LTD.,",30-09-23,4491,RAM SURESH JADHAV,19,4,6,,,,1,,,,,,,,,,,,,,,,PMC,
9,"BLUE DART EXPRESS LTD.,",30-09-23,3245,RAMDAS VILAS RALE,23,4,,2,,,1,,,,,,,,,,,,,,,2899,LORREL CHAKAN,
9,"BLUE DART EXPRESS LTD.,",30-09-23,4312,RAMESH BABURAO BANSODE,25,4,,,,,1,,,,,,,,,,,,,,,4412,BRN,
9,"BLUE DART EXPRESS LTD.,",30-09-23,4483,RANJEET  SANJAY  KANASE,25,4,,,,,1,,,,,,,,,,,,,,,,SAA,
9,"BLUE DART EXPRESS LTD.,",30-09-23,3782,RAVI BHAUSAHWB JADHAV,25,4,,,,,1,,,,,,,,,,,,,,,3436,GENRAL MOTORS,
9,"BLUE DART EXPRESS LTD.,",30-09-23,3429,RAVI NATHU SAPRE,23,4,,,,,1,2,,,,,,,,,,,,,,3083,PUB/HUB,
9,"BLUE DART EXPRESS LTD.,",30-09-23,4002,RAVIKIRAN RAGHUNATH PATIL,22,4,,3,,,1,,,,,,,,,,,,,,,3656,KHW,
9,"BLUE DART EXPRESS LTD.,",30-09-23,2738,RAVINDRA KHEMA DHARADE,25,4,,,,,1,,,,,,,,,,,,,,,2392,LORREL CHAKAN,
9,"BLUE DART EXPRESS LTD.,",30-09-23,4545,ROHAN  - GAIKWAD,24,4,,1,,,1,,,,,,,,,,,,,,,,TWH,
9,"BLUE DART EXPRESS LTD.,",30-09-23,3986,RUSHIKESH SAMBHAJI  SHENDGE,23,4,,,,,1,2,,,,,,,,,,,,,,3640,VIN,
9,"BLUE DART EXPRESS LTD.,",30-09-23,3924,RUSHIKESH SAMBHAJI AGATE,25,4,,,,,1,,,,,,,,,,,,,,,3578,TWH,
9,"BLUE DART EXPRESS LTD.,",30-09-23,4530,RUTURAJ  SANTOSH  SONAWANE,18,4,7,,,,1,,,,,,,,,,,,,,,,PMC,
9,"BLUE DART EXPRESS LTD.,",30-09-23,3372,SACHIN SUBHASH BOIWAR,24,4,,1,,,1,,,,,,,,,,,,,,,3026,PUB/HUB,
9,"BLUE DART EXPRESS LTD.,",30-09-23,3631,SAGAR MADHUKAR THORAT,22,4,3,,,,1,,,,,,,,,,,,,,,3285,VEC,
9,"BLUE DART EXPRESS LTD.,",30-09-23,3416,SAGAR SANJAY KANASE,25,4,,,,,1,,,,,,,,,,,,,,,3070,SATARA,
9,"BLUE DART EXPRESS LTD.,",30-09-23,3308,SAGAR SANJAY MAHAJAN,20,4,,1,,,1,4,,,,,,,,,,,,,,2962,TWH,
9,"BLUE DART EXPRESS LTD.,",30-09-23,3524,SAHIL GANGARAM ANKUSH,25,4,,,,,1,,,,,,,,,,,,,,,3178,PUB/OB,
9,"BLUE DART EXPRESS LTD.,",30-09-23,3753,SAIRAJ BHAGWAN GIRI,24,4,1,,,,1,,,,,,,,,,,,,,,3407,KHW,
9,"BLUE DART EXPRESS LTD.,",30-09-23,4159,SAMIR JAMIL SHAIKH,23,4,1,1,,,1,,,,,,,,,,,,,,,3813,MARKETYARD,
9,"BLUE DART EXPRESS LTD.,",30-09-23,2708,SAMIT LALASO PHADATARE,25,4,,,,,1,,,,,,,,,,,,,,,2362,SATARA,
9,"BLUE DART EXPRESS LTD.,",30-09-23,4300,SAMPAT  MOHAN  KAMBLE,23,4,,1,,,1,1,,,,,,,,,,,,,,4403,BRN,
9,"BLUE DART EXPRESS LTD.,",30-09-23,3932,SANDEEP DATTATRAYA KUDALE,25,4,,,,,1,,,,,,,,,,,,,,,3586,TWH,
9,"BLUE DART EXPRESS LTD.,",30-09-23,2049,SANDEEP GANESH CHINCHANE,24,4,,1,,,1,,,,,,,,,,,,,,,1703,BUND GARDEN,
9,"BLUE DART EXPRESS LTD.,",30-09-23,3909,SANDEEP NAMDEV RAIKAR,25,4,,,,,1,,,,,,,,,,,,,,,3563,SANGVI,
9,"BLUE DART EXPRESS LTD.,",30-09-23,4242,SANDESH  SANJAY PINATE,23,4,,,,,1,,,,,,,,,,,,,,,4395,HNW,
9,"BLUE DART EXPRESS LTD.,",30-09-23,4013,SANDESH BHIMSEN UDHANE,25,4,,,,,1,,,,,,,,,,,,,,,3667,TWH,
9,"BLUE DART EXPRESS LTD.,",30-09-23,4547,SANDIP  - SHIRSAT,22,4,,,,,1,3,,,,,,,,,,,,,,,PUB,
9,"BLUE DART EXPRESS LTD.,",30-09-23,3527,SANTONI PRAKASH JAGTAP,15,3,,3,,,1,8,,,,,,,,,,,,,,3181,PUB/HUB,
9,"BLUE DART EXPRESS LTD.,",30-09-23,2226,SANTOSH KAMLAKAR BHISE,25,4,,,,,1,,,,,,,,,,,,,,,1880,SATARA,
9,"BLUE DART EXPRESS LTD.,",30-09-23,4168,SATYJEET SURESH DABHADE,22,4,,,,,1,3,,,,,,,,,,,,,,3822,KHW,
9,"BLUE DART EXPRESS LTD.,",30-09-23,4546,SAURABH  - KUMBHAR,23,4,2,,,,1,,,,,,,,,,,,,,,,TWH,
9,"BLUE DART EXPRESS LTD.,",30-09-23,4548,SHAKIB  - SHAIKH,24,4,,,,,1,1,,,,,,,,,,,,,,,PUB,
9,"BLUE DART EXPRESS LTD.,",30-09-23,4531,SHASHIKANT  VIJAY LOYARE,23,4,2,,,,1,,,,,,,,,,,,,,,,PVT,
9,"BLUE DART EXPRESS LTD.,",30-09-23,4187,SHEKHAR BHASKAR  ANDHALE,23,4,2,,,,1,,,,,,,,,,,,,,,4385,TWH,
9,"BLUE DART EXPRESS LTD.,",30-09-23,4370,SHUBHAM  RAVJI  BHOIR,25,4,,,,,1,,,,,,,,,,,,,,,4428,HNW,
9,"BLUE DART EXPRESS LTD.,",30-09-23,4176,SHUBHAM DNYANESHWAR CHANDANE,23,4,1,1,,,1,,,,,,,,,,,,,,,3830,MARKETYARD,
9,"BLUE DART EXPRESS LTD.,",30-09-23,3991,SHUBHAM MOHAN  MALI,18,2,3,5,,,1,1,,,,,,,,,,,,,,3645,KHW,
9,"BLUE DART EXPRESS LTD.,",30-09-23,4239,SHUBHAM RAJESH VAKUDE,24,4,1,,,,1,,,,,,,,,,,,,,,4393,HDP,
9,"BLUE DART EXPRESS LTD.,",30-09-23,4510,SHUBHAM RAMCHANDRA SHINDE,24,4,,1,,,1,,,,,,,,,,,,,,,,VIN,
9,"BLUE DART EXPRESS LTD.,",30-09-23,4313,SIBENDRANATH  JAGDISH  MAJHI,24,4,,1,,,1,,,,,,,,,,,,,,,4413,BRN,
9,"BLUE DART EXPRESS LTD.,",30-09-23,3737,SIDDHESHWAR BALIRAM THORAT,20,3,,6,,,1,,,,,,,,,,,,,,,3391,TWH,
9,"BLUE DART EXPRESS LTD.,",30-09-23,4057,SOMNATH DEVIDAS KULKARNI,25,4,,,,,1,,,,,,,,,,,,,,,3711,PWH,
9,"BLUE DART EXPRESS LTD.,",30-09-23,4043,SRINIVAS VILAS POWAR,21,4,,2,,,1,2,,,,,,,,,,,,,,3697,KHW,
9,"BLUE DART EXPRESS LTD.,",30-09-23,2616,SUDHIR GOVIND NAIKARE,25,4,,,,,1,,,,,,,,,,,,,,,2270,SKODA-VW CHAKAN,
9,"BLUE DART EXPRESS LTD.,",30-09-23,3621,SUHAS SAKHARAM KADAM,25,4,,,,,1,,,,,,,,,,,,,,,3275,PUB/OB,
9,"BLUE DART EXPRESS LTD.,",30-09-23,4329,SUNIL  BABAN PARDHI,25,4,,,,,1,,,,,,,,,,,,,,,,TWH,
9,"BLUE DART EXPRESS LTD.,",30-09-23,4492,SUNIL CHANDRABHAN BIRADAR,22,4,,3,,,1,,,,,,,,,,,,,,,,HNW,
9,"BLUE DART EXPRESS LTD.,",30-09-23,3969,SURAJ PRAKASH PAWAR,25,4,,,,,1,,,,,,,,,,,,,,,3623,SATARA,
9,"BLUE DART EXPRESS LTD.,",30-09-23,4511,SWAPNIL  SANJAY MALWADKAR,24,4,,1,,,1,,,,,,,,,,,,,,,,BRG,
9,"BLUE DART EXPRESS LTD.,",30-09-23,4315,TEJAS JAYVANT BORKAR,25,4,,,,,1,,,,,,,,,,,,,,,4415,BRN,
9,"BLUE DART EXPRESS LTD.,",30-09-23,2977,TUKARAM RAGHUNATH MEMANE,25,4,,,,,1,,,,,,,,,,,,,,,2631,LORREL CHAKAN,
9,"BLUE DART EXPRESS LTD.,",30-09-23,4235,TUSHAR RAJARAM RANAWARE,21,4,4,,,,1,,,,,,,,,,,,,,,4390,BRN,
9,"BLUE DART EXPRESS LTD.,",30-09-23,4297,UMESH HINDURAO GADAVE,25,4,,,,,1,,,,,,,,,,,,,,,4400,BRN,
9,"BLUE DART EXPRESS LTD.,",30-09-23,4198,VAIBHAV  VIJAY  KODOLKAR,24,4,,1,,,1,,,,,,,,,,,,,,,4388,BRN,
9,"BLUE DART EXPRESS LTD.,",30-09-23,4051,VAIBHAV RAMDAS MADVI,25,4,,,,,1,,,,,,,,,,,,,,,3705,IT SAGAR,
9,"BLUE DART EXPRESS LTD.,",30-09-23,4194,VAMAN  VIJAY  BHUJBAL,23,4,,2,,,1,,,,,,,,,,,,,,,4387,TWH,
9,"BLUE DART EXPRESS LTD.,",30-09-23,4146,VIJAY MAHADEV PAWAR,25,4,,,,,1,,,,,,,,,,,,,,,3800,TWH,
9,"BLUE DART EXPRESS LTD.,",30-09-23,4033,VIJAY SARJERAO PATIL,24,4,,1,,,1,,,,,,,,,,,,,,,3687,TWH,
9,"BLUE DART EXPRESS LTD.,",30-09-23,3670,VIKAS RAJU BHOR,22,4,,3,,,1,,,,,,,,,,,,,,,3324,LORREL CHAKAN,
9,"BLUE DART EXPRESS LTD.,",30-09-23,4188,VIKAS VAMAN BHALERAO,25,4,,,,,1,,,,,,,,,,,,,,,4386,SGB,
9,"BLUE DART EXPRESS LTD.,",30-09-23,4542,VIKI  JASVIRCHAND  VALMIKI,23,4,2,,,,1,,,,,,,,,,,,,,,,TWH,
9,"BLUE DART EXPRESS LTD.,",30-09-23,3332,VINAY YASHWANT RAJHUNS,25,4,,,,,1,,,,,,,,,,,,,,,2986,KHW,
9,"BLUE DART EXPRESS LTD.,",30-09-23,3630,VINOD HARI PAWAR,25,4,,,,,1,,,,,,,,,,,,,,,3284,PIMPRI,
9,"BLUE DART EXPRESS LTD.,",30-09-23,4533,VISHAL  MOHAN SAKAT,22,4,3,,,,1,,,,,,,,,,,,,,,,HNW,
9,"BLUE DART EXPRESS LTD.,",30-09-23,4181,VISHAL AADHIK  JAMADAR,24,4,1,,,,1,,,,,,,,,,,,,,,3835,SATARA,
9,"BLUE DART EXPRESS LTD.,",30-09-23,2813,VISHAL WALKU PARDHI,24,4,,,,,1,1,,,,,,,,,,,,,,2467,TWH,
9,"BLUE DART EXPRESS LTD.,",30-09-23,4534,YASH  SACHIN CHAVAN,11,3,15,,,,1,,,,,,,,,,,,,,,,PMC,
9,"BLUE DART EXPRESS LTD.,",30-09-23,4298,YOGESH  VILAS  KANDGAVKAR,24,4,,1,,,1,,,,,,,,,,,,,,,4401,BRN,
9,"BLUE DART EXPRESS LTD.,",30-09-23,2211,YOGESH MOHAN PAKHALE,23,4,,2,,,1,,,,,,,,,,,,,,,1865,TWH,
9,"BLUE DART EXPRESS LTD.,",30-09-23,4062,YOGITA SUDHIR KAMBLE,25,4,,,,,1,,,,,,,,,,,,,,,3716,PMC,
