 Client_id ,Client_name,Sal_month, Emp_id,Employee_NAME,present,weeklyoff,  absent, pl,cl,sl , paidholiday,additional, othours, nightshifts,incometax,canteen,extra_inc1, extra_inc2,leave_encash,extra_ded1,extra_ded2, wagediff,Allow_arrears, Ot_arrears,invalid,Client_id ,Client_name,Sal_month, Emp_id,Employee_NAME,Present,Weeklyoff,  Absent, Pl,Cl,Sl , Paidholiday,Additional, Othours, Nightshifts,Incometax,Canteen,Extra_inc1, Extra_inc2,Leave_encash,Extra_ded1,Extra_ded2, Wagediff,Allow_arrears, Ot_arrears,Invalid
21,"BLUE DART EXPRESS LTD., SATARA",31-07-2022,4165,ABHIJIT JAGANNATH PISAL,25,5,,,,,,,,,,,,,,,,,,,,3819,SATARA,,,,,,,,,,,,,,,,,,,,,,,,
21,"BLUE DART EXPRESS LTD., SATARA",31-07-2022,2836,AMOL RAJENDRA KADAM,25,5,,,,,,,,,,,,,,,,,,,,2490,SATARA,,,,,,,,,,,,,,,,,,,,,,,,
21,"BLUE DART EXPRESS LTD., SATARA",31-07-2022,3002,DEEPAK SUBHASH KARPE,25,5,,,,,,,,,,,,,,,,,,,,2656,SATARA,,,,,,,,,,,,,,,,,,,,,,,,
21,"BLUE DART EXPRESS LTD., SATARA",31-07-2022,2476,GANESH CHANDRAKANT TILEKAR,25,5,,,,,,,,,,,,,,,,,,,,2130,SATARA,,,,,,,,,,,,,,,,,,,,,,,,
21,"BLUE DART EXPRESS LTD., SATARA",31-07-2022,3836,GANESH TANAJI GORE,25,5,,,,,,,,,,,,,,,,,,,,3490,SATARA,,,,,,,,,,,,,,,,,,,,,,,,
21,"BLUE DART EXPRESS LTD., SATARA",31-07-2022,2448,HITESH LALASO KHARADE,25,5,,,,,,,,,,,,,,,,,,,,2102,SATARA,,,,,,,,,,,,,,,,,,,,,,,,
21,"BLUE DART EXPRESS LTD., SATARA",31-07-2022,2833,NAVNATH BAJRANG KURELEKAR,25,5,,,,,,,,,,,,,,,,,,,,2487,SATARA,,,,,,,,,,,,,,,,,,,,,,,,
21,"BLUE DART EXPRESS LTD., SATARA",31-07-2022,3505,NITESH DIPAK AWAGHADE,25,5,,,,,,,,,,,,,,,,,,,,3159,SATARA,,,,,,,,,,,,,,,,,,,,,,,,
21,"BLUE DART EXPRESS LTD., SATARA",31-07-2022,3416,SAGAR SANJAY KANASE,24,5,,1,,,,,,,,,,,,,,,,,,3070,SATARA,,,,,,,,,,,,,,,,,,,,,,,,
21,"BLUE DART EXPRESS LTD., SATARA",31-07-2022,2708,SAMIT LALASO PHADATARE,25,5,,,,,,,,,,,,,,,,,,,,2362,SATARA,,,,,,,,,,,,,,,,,,,,,,,,
21,"BLUE DART EXPRESS LTD., SATARA",31-07-2022,2226,SANTOSH KAMLAKAR BHISE,23,5,,2,,,,,,,,,,,,,,,,,,1880,SATARA,,,,,,,,,,,,,,,,,,,,,,,,
21,"BLUE DART EXPRESS LTD., SATARA",31-07-2022,3969,SURAJ  PAWAR,25,5,,,,,,,,,,,,,,,,,,,,3623,SATARA,,,,,,,,,,,,,,,,,,,,,,,,
21,"BLUE DART EXPRESS LTD., SATARA",31-07-2022,4180,VIKRAM ANIL KAMBLE,8,2,,,,,,,,,,,,,,,,,,,,3834,SATARA,,,,,,,,,,,,,,,,,,,,,,,,
21,"BLUE DART EXPRESS LTD., SATARA",31-07-2022,4181,VISHAL  JAMADAR,25,5,,,,,,,,,,,,,,,,,,,,3835,SATARA,,,,,,,,,,,,,,,,,,,,,,,,
