 Client_id ,Client_name,Sal_month, Emp_id,Employee_NAME,Present,Weeklyoff,  Absent,Pl,Cl,Sl, Paidholiday,Additional,Othours, Nightshifts,Incometax,Canteen,Extra_inc1, Extra_inc2,Leave_encash,Extra_ded1,Extra_ded2, Wagediff,Allow_arrears, Ot_arrears,Invalid,Ticket_no, Dept_Name, Comp_ticket_no
29,"BLUE DART EXPRESS LTD., O/S(II)",30-11-23,4141,ABHIJIT - BHADANE,24,4,,2,,,,,,,,,,,,,,,,,,3795,TSG,
29,"BLUE DART EXPRESS LTD., O/S(II)",30-11-23,4351,AMOL  MARUTI  SURYAVANSHI,25,4,,1,,,,,,,,,,,,,,,,,,,GAD,
29,"BLUE DART EXPRESS LTD., O/S(II)",30-11-23,4352,AMOL  RAVINDRA  KAMBLE,,,,,,,,,,,,,,,,,,,,,,,GAD,
29,"BLUE DART EXPRESS LTD., O/S(II)",30-11-23,3554,ASHISH KUMAR SURYAWANSHI,26,4,,,,,,,,,,,,,,,,,,,,3208,TASGAON,
29,"BLUE DART EXPRESS LTD., O/S(II)",30-11-23,4612,FARUK - NAIKWADE,25,4,,1,,,,,,,,,,,,,,,,,,,KGL,
29,"BLUE DART EXPRESS LTD., O/S(II)",30-11-23,4659,KAUSTUBH - YADAV,26,4,,,,,,,,,,,,,,,,,,,,,GAD,
29,"BLUE DART EXPRESS LTD., O/S(II)",30-11-23,4120,KISHOR  RANJANE,25,4,,1,,,,,,,,,,,,,,,,,,3774,WAI SATARA,
29,"BLUE DART EXPRESS LTD., O/S(II)",30-11-23,4404,KISHOR NANASO NALAWADE,26,4,,,,,,,,,,,,,,,,,,,,,KRC (KARAD),
29,"BLUE DART EXPRESS LTD., O/S(II)",30-11-23,3266,MAHESH BAPU NAVALE,26,4,,,,,,,,,,,,,,,,,,,,2920,KGL,
29,"BLUE DART EXPRESS LTD., O/S(II)",30-11-23,3692,NAVNATH RAMCHANDRA PATIL,26,4,,,,,,,,,,,,,,,,,,,,3346,KARAD,
29,"BLUE DART EXPRESS LTD., O/S(II)",30-11-23,4142,NIKHIL  SHINDE,26,4,,,,,,,,,,,,,,,,,,,,3796,TASGAON,
29,"BLUE DART EXPRESS LTD., O/S(II)",30-11-23,3448,NITIN SARJERAO BHOSALE,24,4,,2,,,,,,,,,,,,,,,,,,3102,PALUS,
29,"BLUE DART EXPRESS LTD., O/S(II)",30-11-23,3326,PRASAD PRAKASH SANAS,24,4,,2,,,,,,,,,,,,,,,,,,2980,WAI SATARA,
29,"BLUE DART EXPRESS LTD., O/S(II)",30-11-23,4558,ROHIT - GAIKWAD,24,4,,2,,,,,,,,,,,,,,,,,,,PLV,
29,"BLUE DART EXPRESS LTD., O/S(II)",30-11-23,4088,ROHIT  SONAWANE,25,4,,1,,,,,,,,,,,,,,,,,,3742,WAI SATARA,
29,"BLUE DART EXPRESS LTD., O/S(II)",30-11-23,4559,SACHIN - WADATE,24,4,2,,,,,,,,,,,,,,,,,,,,KRC (KARAD),
29,"BLUE DART EXPRESS LTD., O/S(II)",30-11-23,3925,SAGAR  SANAS,22,4,,4,,,,,,,,,,,,,,,,,,3579,WAI SATARA,
29,"BLUE DART EXPRESS LTD., O/S(II)",30-11-23,3856,SAGAR NANASO PAWAR,26,4,,,,,,,,,,,,,,,,,,,,3510,KARAD,
29,"BLUE DART EXPRESS LTD., O/S(II)",30-11-23,4403,SAGAR SAMBHAJI PATIL,26,4,,,,,,,,,,,,,,,,,,,,,TSG,
29,"BLUE DART EXPRESS LTD., O/S(II)",30-11-23,4476,SANDEEP PANDURANG VAZAREKAR,25,4,,1,,,,,,,,,,,,,,,,,,,GAD,
29,"BLUE DART EXPRESS LTD., O/S(II)",30-11-23,3936,SUNIL  PAWAR,26,4,,,,,,,,,,,,,,,,,,,,3590,KARAD,
29,"BLUE DART EXPRESS LTD., O/S(II)",30-11-23,4010,SUNIL  RATHOD,24,4,,2,,,,,,,,,,,,,,,,,,3664,KARAD,
29,"BLUE DART EXPRESS LTD., O/S(II)",30-11-23,4613,SUNNY - KAMBLE,26,4,,,,,,,,,,,,,,,,,,,,,KGL,
29,"BLUE DART EXPRESS LTD., O/S(II)",30-11-23,4405,SURAJ SATYAWAN CHAVAN,26,4,,,,,,,,,,,,,,,,,,,,,KRC (KARAD),
29,"BLUE DART EXPRESS LTD., O/S(II)",30-11-23,4204,SUSHANT  SHIVAJI  BHOSALE,24,4,,2,,,,,,,,,,,,,,,,,,,BRN,
29,"BLUE DART EXPRESS LTD., O/S(II)",30-11-23,3449,SWAPNIL ANIL PAWAR,23,4,,3,,,,,,,,,,,,,,,,,,3103,PALUS,
29,"BLUE DART EXPRESS LTD., O/S(II)",30-11-23,4353,VILAS  SHAMRAO  JADHAV,25,4,,1,,,,,,,,,,,,,,,,,,,WAI,
29,"BLUE DART EXPRESS LTD., O/S(II)",30-11-23,4172,VISHAL  BHIGUDE,25,4,,1,,,,,,,,,,,,,,,,,,3826,GADHINGALAS,
29,"BLUE DART EXPRESS LTD., O/S(II)",30-11-23,4024,VITTHAL  SANAS,26,4,,,,,,,,,,,,,,,,,,,,3678,WAI SATARA,
