 Client_id ,Client_name,Sal_month, Emp_id,Employee_NAME,Present,Weeklyoff,  Absent,Pl,Cl,Sl, Paidholiday,Additional,Othours, Nightshifts,Incometax,Canteen,Extra_inc1, Extra_inc2,Leave_encash,Extra_ded1,Extra_ded2, Wagediff,Allow_arrears, Ot_arrears,Invalid,Ticket_no, Dept_Name, Comp_ticket_no
24,"BLUE DART EXPRESS LTD., O/S",31-08-23,3744,ABRAR AYYUB KHAN,25,4,,,,,1,,,,,,,,,,,,,,,3398,PLV,
24,"BLUE DART EXPRESS LTD., O/S",31-08-23,4473,ARUN RAM CHAURE,25,4,,,,,1,,,,,,,,,,,,,,,,PLV,
24,"BLUE DART EXPRESS LTD., O/S",31-08-23,4157,BALASAHEB LAXMAN BANSODE,23,4,1,1,,,1,,,,,,,,,,,,,,,3811,KON,
24,"BLUE DART EXPRESS LTD., O/S",31-08-23,3885,DEEPAK  PAWAR,25,4,,,,,1,,,,,,,,,,,,,,,3539,BARSHI,
24,"BLUE DART EXPRESS LTD., O/S",31-08-23,3798,DHIRAJ PRAMOD KASAB,24,4,,1,,,1,,,,,,,,,,,,,,,3452,BARSHI,
24,"BLUE DART EXPRESS LTD., O/S",31-08-23,3996,DINESH  RANPISE,25,4,,,,,1,,,,,,,,,,,,,,,3650,KHED,
24,"BLUE DART EXPRESS LTD., O/S",31-08-23,3940,DNYANESHWAR  KADAM,25,4,,,,,1,,,,,,,,,,,,,,,3594,KHED,
24,"BLUE DART EXPRESS LTD., O/S",31-08-23,4205,GANESH  SHANKAR  KASAB,25,4,,,,,1,,,,,,,,,,,,,,,,BRN,
24,"BLUE DART EXPRESS LTD., O/S",31-08-23,4019,JEEVAN BHIKAJI KADAM,25,4,,,,,1,,,,,,,,,,,,,,,3673,KHED,
24,"BLUE DART EXPRESS LTD., O/S",31-08-23,3749,KULDIP ARVIND JAGDALE,25,4,,,,,1,,,,,,,,,,,,,,,3403,BARSHI,
24,"BLUE DART EXPRESS LTD., O/S",31-08-23,4399,KUMAR  DAULAPPA  KOLI,25,4,,,,,1,,,,,,,,,,,,,,,,KON,
24,"BLUE DART EXPRESS LTD., O/S",31-08-23,3939,LAKHAN  LANDE,25,4,,,,,1,,,,,,,,,,,,,,,3593,BARSHI,
24,"BLUE DART EXPRESS LTD., O/S",31-08-23,4030,MACHINDRA BABASANHEB SANGALE,25,4,,,,,1,,,,,,,,,,,,,,,3684,IT SAGAR,
24,"BLUE DART EXPRESS LTD., O/S",31-08-23,4349,OMKAR  ROHIDAS  RADE,10,1,,,,,,,,,,,,,,,,,,,,,SHG,
24,"BLUE DART EXPRESS LTD., O/S",31-08-23,4209,SANDIP  SUDAM  CHAKHALE,24,4,1,,,,1,,,,,,,,,,,,,,,,BRN,
24,"BLUE DART EXPRESS LTD., O/S",31-08-23,3917,SAWANKUMAR  BHUJANGE,25,4,,,,,1,,,,,,,,,,,,,,,3571,PARALI -VAIJANATH,
24,"BLUE DART EXPRESS LTD., O/S",31-08-23,3946,SOMESHWAR  INGULKAR,25,4,,,,,1,,,,,,,,,,,,,,,3600,MANJARI,
24,"BLUE DART EXPRESS LTD., O/S",31-08-23,4402,SUDESH  DIGAMBAR  BHALERAO,20,4,5,,,,1,,,,,,,,,,,,,,,,KCT (KHED CITY),
24,"BLUE DART EXPRESS LTD., O/S",31-08-23,4149,VISHAL  LANDE,25,4,,,,,1,,,,,,,,,,,,,,,3803,BARSHI,
