First Name,Middle Name,Last Name,Gender,Birth Date,Join Date,Due Date,Left Date,PF Date,PF No,ESI Status,ESI No,Department,Qualification,Phone No,Pay Mode,Bank Name,Bank Ac No,Comp Ticket No,PAN No,Adhar No,UAN,Married Status,Employee Address,Designation
HARI ,MOHAN ,RATHOD,M,11-03-2001,18-01-2023,,,,,Y,,PIR,HSC,7030088176,,,,,EVUPR5129G,6.13E+11,1.02E+11,,,
KUMAR ,DAULAPPA ,KOLI,M,11-09-2009,09-01-2023,,,,,Y,,KON,HSC,,,,,,KOCPK0909C,6.86E+11,1.02E+11,,,
MAHESH,ASHOK,RATNAPARAKHE,M,30-08-2003,18-01-2023,,,,,Y,,PIR,HSC,,,,,,FNTPR3242G,7.41E+11,1.02E+11,,,
PRADIP ,SHIVAJI ,DHAGE,M,05-02-1982,07-01-2023,,,,,Y,,SHG,HSC,,,,,,BATPD3381B,6.71E+11,1.02E+11,,,
SUDESH ,DIGAMBAR ,BHALERAO,M,25-04-2003,25-08-2022,,,,,Y,,KCT,HSC,,,,,,FTPPB1913Q,8.58E+11,1.02E+11,,,
