 Client_id ,Client_name,Sal_month, Emp_id,Employee_NAME,present,weeklyoff,  absent, pl,cl,sl , paidholiday,additional, othours, nightshifts,incometax,canteen,extra_inc1, extra_inc2,leave_encash,extra_ded1,extra_ded2, wagediff,Allow_arrears, Ot_arrears,invalid,Client_id ,Client_name,Sal_month, Emp_id,Employee_NAME,Present,Weeklyoff,  Absent, Pl,Cl,Sl , Paidholiday,Additional, Othours, Nightshifts,Incometax,Canteen,Extra_inc1, Extra_inc2,Leave_encash,Extra_ded1,Extra_ded2, Wagediff,Allow_arrears, Ot_arrears,Invalid
24,"BLUE DART EXPRESS LTD., O/S",4/30/2023,3744,ABRAR AYYUB KHAN,23,5,,2,,,,,,,,,,,,,,,,,,3398,PLV,,,,,,,,,,,,,,,,,,,,,,,,
24,"BLUE DART EXPRESS LTD., O/S",4/30/2023,4206,AKASH  SHRIMANT  BOKEFODE,,,,,,,,,,,,,,,,,,,,,,,BRN,,,,,,,,,,,,,,,,,,,,,,,,
24,"BLUE DART EXPRESS LTD., O/S",4/30/2023,4454,AKSHAY SUNIL KADAM,,,,,,,,,,,,,,,,,,,,,,,PIR,,,,,,,,,,,,,,,,,,,,,,,,
24,"BLUE DART EXPRESS LTD., O/S",4/30/2023,4455,ANIKET ANANTA THOMBARE,,,,,,,,,,,,,,,,,,,,,,,PIR,,,,,,,,,,,,,,,,,,,,,,,,
24,"BLUE DART EXPRESS LTD., O/S",4/30/2023,4472,ANISH RAJMAHAMAD SHAIKH,25,5,,,,,,,,,,,,,,,,,,,,,PIR,,,,,,,,,,,,,,,,,,,,,,,,
24,"BLUE DART EXPRESS LTD., O/S",4/30/2023,4473,ARUN RAM CHAURE,25,5,,,,,,,,,,,,,,,,,,,,,PLV,,,,,,,,,,,,,,,,,,,,,,,,
24,"BLUE DART EXPRESS LTD., O/S",4/30/2023,4157,BALASAHEB LAXMAN BANSODE,23,5,2,,,,,,,,,,,,,,,,,,,3811,KON,,,,,,,,,,,,,,,,,,,,,,,,
24,"BLUE DART EXPRESS LTD., O/S",4/30/2023,3885,DEEPAK  PAWAR,25,5,,,,,,,,,,,,,,,,,,,,3539,BARSHI,,,,,,,,,,,,,,,,,,,,,,,,
24,"BLUE DART EXPRESS LTD., O/S",4/30/2023,3798,DHIRAJ PRAMOD KASAB,25,5,,,,,,,,,,,,,,,,,,,,3452,BARSHI,,,,,,,,,,,,,,,,,,,,,,,,
24,"BLUE DART EXPRESS LTD., O/S",4/30/2023,3996,DINESH  RANPISE,24,5,1,,,,,,,,,,,,,,,,,,,3650,KHED,,,,,,,,,,,,,,,,,,,,,,,,
24,"BLUE DART EXPRESS LTD., O/S",4/30/2023,3940,DNYANESHWAR  KADAM,24,5,1,,,,,,,,,,,,,,,,,,,3594,KHED,,,,,,,,,,,,,,,,,,,,,,,,
24,"BLUE DART EXPRESS LTD., O/S",4/30/2023,4205,GANESH  SHANKAR  KASAB,25,5,,,,,,,,,,,,,,,,,,,,,BRN,,,,,,,,,,,,,,,,,,,,,,,,
24,"BLUE DART EXPRESS LTD., O/S",4/30/2023,4398,HARI  MOHAN  RATHOD,,,,,,,,,,,,,,,,,,,,,,,PIR,,,,,,,,,,,,,,,,,,,,,,,,
24,"BLUE DART EXPRESS LTD., O/S",4/30/2023,4019,JEEVAN BHIKAJI KADAM,24,5,1,,,,,,,,,,,,,,,,,,,3673,KHED,,,,,,,,,,,,,,,,,,,,,,,,
24,"BLUE DART EXPRESS LTD., O/S",4/30/2023,3973,KESHAV KISHANRAO  SOLUNKE,14,3,,,,,,,,,,,,,,,,,,,,3627,UDG,,,,,,,,,,,,,,,,,,,,,,,,
24,"BLUE DART EXPRESS LTD., O/S",4/30/2023,3749,KULDIP ARVIND JAGDALE,25,5,,,,,,,,,,,,,,,,,,,,3403,BARSHI,,,,,,,,,,,,,,,,,,,,,,,,
24,"BLUE DART EXPRESS LTD., O/S",4/30/2023,4399,KUMAR  DAULAPPA  KOLI,25,5,,,,,,,,,,,,,,,,,,,,,KON,,,,,,,,,,,,,,,,,,,,,,,,
24,"BLUE DART EXPRESS LTD., O/S",4/30/2023,3939,LAKHAN  LANDE,24,5,1,,,,,,,,,,,,,,,,,,,3593,BARSHI,,,,,,,,,,,,,,,,,,,,,,,,
24,"BLUE DART EXPRESS LTD., O/S",4/30/2023,4030,MACHINDRA BABASANHEB SANGALE,25,5,,,,,,,,,,,,,,,,,,,,3684,IT SAGAR,,,,,,,,,,,,,,,,,,,,,,,,
24,"BLUE DART EXPRESS LTD., O/S",4/30/2023,4400,MAHESH ASHOK RATNAPARAKHE,25,5,,,,,,,,,,,,,,,,,,,,,PIR,,,,,,,,,,,,,,,,,,,,,,,,
24,"BLUE DART EXPRESS LTD., O/S",4/30/2023,4151,MANGESH  AKUSKAR,,,,,,,,,,,,,,,,,,,,,,3805,PARALI -VAIJANATH,,,,,,,,,,,,,,,,,,,,,,,,
24,"BLUE DART EXPRESS LTD., O/S",4/30/2023,4349,OMKAR  ROHIDAS  RADE,25,5,,,,,,,,,,,,,,,,,,,,,SHG,,,,,,,,,,,,,,,,,,,,,,,,
24,"BLUE DART EXPRESS LTD., O/S",4/30/2023,4153,PRADIP  MUNGE,13,3,,,,,,,,,,,,,,,,,,,,3807,UDGIR,,,,,,,,,,,,,,,,,,,,,,,,
24,"BLUE DART EXPRESS LTD., O/S",4/30/2023,4119,SAMIR  GARADE,25,5,,,,,,,,,,,,,,,,,,,,3773,SHRIGONDA,,,,,,,,,,,,,,,,,,,,,,,,
24,"BLUE DART EXPRESS LTD., O/S",4/30/2023,4209,SANDIP  SUDAM  CHAKHALE,24,5,1,,,,,,,,,,,,,,,,,,,,BRN,,,,,,,,,,,,,,,,,,,,,,,,
24,"BLUE DART EXPRESS LTD., O/S",4/30/2023,3917,SAWANKUMAR  BHUJANGE,23,5,,2,,,,,,,,,,,,,,,,,,3571,PARALI -VAIJANATH,,,,,,,,,,,,,,,,,,,,,,,,
24,"BLUE DART EXPRESS LTD., O/S",4/30/2023,3946,SOMESHWAR  INGULKAR,23,5,,2,,,,,,,,,,,,,,,,,,3600,MANJARI,,,,,,,,,,,,,,,,,,,,,,,,
24,"BLUE DART EXPRESS LTD., O/S",4/30/2023,4402,SUDESH  DIGAMBAR  BHALERAO,24,5,1,,,,,,,,,,,,,,,,,,,,KCT (KHED CITY),,,,,,,,,,,,,,,,,,,,,,,,
24,"BLUE DART EXPRESS LTD., O/S",4/30/2023,3976,SUNIL  TELANGE,14,3,,,,,,,,,,,,,,,,,,,,3630,UDGIR,,,,,,,,,,,,,,,,,,,,,,,,
24,"BLUE DART EXPRESS LTD., O/S",4/30/2023,4149,VISHAL  LANDE,25,5,,,,,,,,,,,,,,,,,,,,3803,BARSHI,,,,,,,,,,,,,,,,,,,,,,,,
24,"BLUE DART EXPRESS LTD., O/S",4/30/2023,4207,VISHNU  BAPU  SOLUNKE,13,3,,,,,,,,,,,,,,,,,,,,,UDG,,,,,,,,,,,,,,,,,,,,,,,,
