 Client_id ,Client_name,Sal_month, Emp_id,Employee_NAME,Present,Weeklyoff,  Absent,Pl,Cl,Sl, Paidholiday,Additional,Othours, Nightshifts,Incometax,Canteen,Extra_inc1, Extra_inc2,Leave_encash,Extra_ded1,Extra_ded2, Wagediff,Allow_arrears, Ot_arrears,Invalid,Ticket_no, Dept_Name, Comp_ticket_no
24,"BLUE DART EXPRESS LTD., O/S",31-07-2023,3744,ABRAR AYYUB KHAN,25,5,,,,,,,,,,,,,,,,,,,,3398,PLV,
24,"BLUE DART EXPRESS LTD., O/S",31-07-2023,4472,ANISH RAJMAHAMAD SHAIKH,20,4,6,,,,,,,,,,,,,,,,,,,,PIR,
24,"BLUE DART EXPRESS LTD., O/S",31-07-2023,4473,ARUN RAM CHAURE,25,5,,,,,,,,,,,,,,,,,,,,,PLV,
24,"BLUE DART EXPRESS LTD., O/S",31-07-2023,4157,BALASAHEB LAXMAN BANSODE,23,5,2,,,,,,,,,,,,,,,,,,,3811,KON,
24,"BLUE DART EXPRESS LTD., O/S",31-07-2023,3885,DEEPAK  PAWAR,23,5,,2,,,,,,,,,,,,,,,,,,3539,BARSHI,
24,"BLUE DART EXPRESS LTD., O/S",31-07-2023,3798,DHIRAJ PRAMOD KASAB,25,5,,,,,,,,,,,,,,,,,,,,3452,BARSHI,
24,"BLUE DART EXPRESS LTD., O/S",31-07-2023,3996,DINESH  RANPISE,25,5,,,,,,,,,,,,,,,,,,,,3650,KHED,
24,"BLUE DART EXPRESS LTD., O/S",31-07-2023,3940,DNYANESHWAR  KADAM,25,5,,,,,,,,,,,,,,,,,,,,3594,KHED,
24,"BLUE DART EXPRESS LTD., O/S",31-07-2023,4205,GANESH  SHANKAR  KASAB,25,5,,,,,,,,,,,,,,,,,,,,,BRN,
24,"BLUE DART EXPRESS LTD., O/S",31-07-2023,4019,JEEVAN BHIKAJI KADAM,24,5,1,,,,,,,,,,,,,,,,,,,3673,KHED,
24,"BLUE DART EXPRESS LTD., O/S",31-07-2023,3749,KULDIP ARVIND JAGDALE,25,5,,,,,,,,,,,,,,,,,,,,3403,BARSHI,
24,"BLUE DART EXPRESS LTD., O/S",31-07-2023,4399,KUMAR  DAULAPPA  KOLI,25,5,,,,,,,,,,,,,,,,,,,,,KON,
24,"BLUE DART EXPRESS LTD., O/S",31-07-2023,3939,LAKHAN  LANDE,25,5,,,,,,,,,,,,,,,,,,,,3593,BARSHI,
24,"BLUE DART EXPRESS LTD., O/S",31-07-2023,4030,MACHINDRA BABASANHEB SANGALE,25,5,,,,,,,,,,,,,,,,,,,,3684,IT SAGAR,
24,"BLUE DART EXPRESS LTD., O/S",31-07-2023,4400,MAHESH ASHOK RATNAPARAKHE,15,3,12,,,,,,,,,,,,,,,,,,,,PIR,
24,"BLUE DART EXPRESS LTD., O/S",31-07-2023,4349,OMKAR  ROHIDAS  RADE,24,5,1,,,,,,,,,,,,,,,,,,,,SHG,
24,"BLUE DART EXPRESS LTD., O/S",31-07-2023,4209,SANDIP  SUDAM  CHAKHALE,25,5,,,,,,,,,,,,,,,,,,,,,BRN,
24,"BLUE DART EXPRESS LTD., O/S",31-07-2023,3917,SAWANKUMAR  BHUJANGE,25,5,,,,,,,,,,,,,,,,,,,,3571,PARALI -VAIJANATH,
24,"BLUE DART EXPRESS LTD., O/S",31-07-2023,3946,SOMESHWAR  INGULKAR,25,5,,,,,,,,,,,,,,,,,,,,3600,MANJARI,
24,"BLUE DART EXPRESS LTD., O/S",31-07-2023,4402,SUDESH  DIGAMBAR  BHALERAO,24,5,1,,,,,,,,,,,,,,,,,,,,KCT (KHED CITY),
24,"BLUE DART EXPRESS LTD., O/S",31-07-2023,4149,VISHAL  LANDE,25,5,,,,,,,,,,,,,,,,,,,,3803,BARSHI,
