 Client_id ,Client_name,Sal_month, Emp_id,Employee_NAME,Present,Weeklyoff,  Absent,Pl,Cl,Sl, Paidholiday,Additional,Othours, Nightshifts,Incometax,Canteen,Extra_inc1, Extra_inc2,Leave_encash,Extra_ded1,Extra_ded2, Wagediff,Allow_arrears, Ot_arrears,Invalid,Ticket_no, Dept_Name, Comp_ticket_no
29,"BLUE DART EXPRESS LTD., O/S(II)",31-07-23,4141,ABHIJIT - BHADANE,23,5,,2,,,,,,,,,,,,,,,,,,3795,TSG,
29,"BLUE DART EXPRESS LTD., O/S(II)",31-07-23,4352,AMOL  RAVINDRA  KAMBLE,24,5,,1,,,,,,,,,,,,,,,,,,,GAD,
29,"BLUE DART EXPRESS LTD., O/S(II)",31-07-23,3554,ASHISH KUMAR SURYAWANSHI,24,5,,1,,,,,,,,,,,,,,,,,,3208,TASGAON,
29,"BLUE DART EXPRESS LTD., O/S(II)",31-07-23,4486,ATUL ANANDA JADHAV,24,5,,1,,,,,,,,,,,,,,,,,,,KON,
29,"BLUE DART EXPRESS LTD., O/S(II)",31-07-23,4120,KISHOR  RANJANE,24,5,,1,,,,,,,,,,,,,,,,,,3774,WAI SATARA,
29,"BLUE DART EXPRESS LTD., O/S(II)",31-07-23,4404,KISHOR NANASO NALAWADE,24,5,,1,,,,,,,,,,,,,,,,,,,KRC (KARAD),
29,"BLUE DART EXPRESS LTD., O/S(II)",31-07-23,3692,NAVNATH RAMCHANDRA PATIL,25,5,,,,,,,,,,,,,,,,,,,,3346,KARAD,
29,"BLUE DART EXPRESS LTD., O/S(II)",31-07-23,4142,NIKHIL  SHINDE,24,5,1,,,,,,,,,,,,,,,,,,,3796,TASGAON,
29,"BLUE DART EXPRESS LTD., O/S(II)",31-07-23,3448,NITIN SARJERAO BHOSALE,24,5,,1,,,,,,,,,,,,,,,,,,3102,PALUS,
29,"BLUE DART EXPRESS LTD., O/S(II)",31-07-23,3326,PRASAD PRAKASH SANAS,24,5,,1,,,,,,,,,,,,,,,,,,2980,WAI SATARA,
29,"BLUE DART EXPRESS LTD., O/S(II)",31-07-23,4088,ROHIT  SONAWANE,24,5,,1,,,,,,,,,,,,,,,,,,3742,WAI SATARA,
29,"BLUE DART EXPRESS LTD., O/S(II)",31-07-23,4477,ROHIT BALWANT PANARI,25,5,,,,,,,,,,,,,,,,,,,,,GAD,
29,"BLUE DART EXPRESS LTD., O/S(II)",31-07-23,3925,SAGAR  SANAS,24,5,,1,,,,,,,,,,,,,,,,,,3579,WAI SATARA,
29,"BLUE DART EXPRESS LTD., O/S(II)",31-07-23,3856,SAGAR NANASO PAWAR,23,5,,2,,,,,,,,,,,,,,,,,,3510,KARAD,
29,"BLUE DART EXPRESS LTD., O/S(II)",31-07-23,4403,SAGAR SAMBHAJI PATIL,25,5,,,,,,,,,,,,,,,,,,,,,TSG,
29,"BLUE DART EXPRESS LTD., O/S(II)",31-07-23,4476,SANDEEP PANDURANG VAZAREKAR,23,5,,2,,,,,,,,,,,,,,,,,,,GAD,
29,"BLUE DART EXPRESS LTD., O/S(II)",31-07-23,3936,SUNIL  PAWAR,22,5,,3,,,,,,,,,,,,,,,,,,3590,KARAD,
29,"BLUE DART EXPRESS LTD., O/S(II)",31-07-23,4010,SUNIL  RATHOD,25,5,,,,,,,,,,,,,,,,,,,,3664,KARAD,
29,"BLUE DART EXPRESS LTD., O/S(II)",31-07-23,4405,SURAJ SATYAWAN CHAVAN,25,5,,,,,,,,,,,,,,,,,,,,,KRC (KARAD),
29,"BLUE DART EXPRESS LTD., O/S(II)",31-07-23,4204,SUSHANT  SHIVAJI  BHOSALE,25,5,,,,,,,,,,,,,,,,,,,,,BRN,
29,"BLUE DART EXPRESS LTD., O/S(II)",31-07-23,3449,SWAPNIL ANIL PAWAR,25,5,,,,,,,,,,,,,,,,,,,,3103,PALUS,
29,"BLUE DART EXPRESS LTD., O/S(II)",31-07-23,4353,VILAS  SHAMRAO  JADHAV,25,5,,,,,,,,,,,,,,,,,,,,,WAI,
29,"BLUE DART EXPRESS LTD., O/S(II)",31-07-23,4172,VISHAL  BHIGUDE,23,5,,2,,,,,,,,,,,,,,,,,,3826,GADHINGALAS,
29,"BLUE DART EXPRESS LTD., O/S(II)",31-07-23,4495,VISHAL VYANKAT KAMBLE,24,5,,1,,,,,,,,,,,,,,,,,,,KRC (KARAD),
29,"BLUE DART EXPRESS LTD., O/S(II)",31-07-23,4024,VITTHAL  SANAS,25,5,,,,,,,,,,,,,,,,,,,,3678,WAI SATARA,
29,"BLUE DART EXPRESS LTD., O/S(II)",31-07-23,4156,VIVEK  SURVE,,,,,,,,,,,,,,,,,,,,,,3810,KARAD,
