 Client_id ,Client_name,Sal_month, Emp_id,Employee_NAME,Present,Weeklyoff,  Absent,Pl,Cl,Sl, Paidholiday,Additional,Othours, Nightshifts,Incometax,Canteen,Extra_inc1, Extra_inc2,Leave_encash,Extra_ded1,Extra_ded2, Wagediff,Allow_arrears, Ot_arrears,Invalid,Ticket_no, Dept_Name, Comp_ticket_no
29,"BLUE DART EXPRESS LTD., O/S(II)",31-10-23,4141,ABHIJIT - BHADANE,22,5,,,,,2,1,,,,,,,,,,,,,,3795,TSG,
29,"BLUE DART EXPRESS LTD., O/S(II)",31-10-23,4352,AMOL  RAVINDRA  KAMBLE,5,1,,,,,1,,,,,,,,,,,,,,,,GAD,
29,"BLUE DART EXPRESS LTD., O/S(II)",31-10-23,3554,ASHISH KUMAR SURYAWANSHI,23,5,,,,,2,,,,,,,,,,,,,,,3208,TASGAON,
29,"BLUE DART EXPRESS LTD., O/S(II)",31-10-23,4612,FARUK - NAIKWADE,20,4,,3,,,2,1,,,,,,,,,,,,,,,KGL,
29,"BLUE DART EXPRESS LTD., O/S(II)",31-10-23,4120,KISHOR  RANJANE,22,5,,,,,2,1,,,,,,,,,,,,,,3774,WAI SATARA,
29,"BLUE DART EXPRESS LTD., O/S(II)",31-10-23,4404,KISHOR NANASO NALAWADE,20,5,,2,,,2,1,,,,,,,,,,,,,,,KRC (KARAD),
29,"BLUE DART EXPRESS LTD., O/S(II)",31-10-23,3266,MAHESH BAPU NAVALE,22,5,,,,,2,1,,,,,,,,,,,,,,2920,KGL,
29,"BLUE DART EXPRESS LTD., O/S(II)",31-10-23,3692,NAVNATH RAMCHANDRA PATIL,21,5,,2,,,2,,,,,,,,,,,,,,,3346,KARAD,
29,"BLUE DART EXPRESS LTD., O/S(II)",31-10-23,4142,NIKHIL  SHINDE,23,5,,,,,2,,,,,,,,,,,,,,,3796,TASGAON,
29,"BLUE DART EXPRESS LTD., O/S(II)",31-10-23,3448,NITIN SARJERAO BHOSALE,23,5,,,,,2,,,,,,,,,,,,,,,3102,PALUS,
29,"BLUE DART EXPRESS LTD., O/S(II)",31-10-23,3326,PRASAD PRAKASH SANAS,21,5,,2,,,2,,,,,,,,,,,,,,,2980,WAI SATARA,
29,"BLUE DART EXPRESS LTD., O/S(II)",31-10-23,4558,ROHIT - GAIKWAD,23,5,,,,,2,,,,,,,,,,,,,,,,PLV,
29,"BLUE DART EXPRESS LTD., O/S(II)",31-10-23,4088,ROHIT  SONAWANE,22,5,,,,,2,1,,,,,,,,,,,,,,3742,WAI SATARA,
29,"BLUE DART EXPRESS LTD., O/S(II)",31-10-23,4559,SACHIN - WADATE,22,5,,,,,2,1,,,,,,,,,,,,,,,KRC (KARAD),
29,"BLUE DART EXPRESS LTD., O/S(II)",31-10-23,3925,SAGAR  SANAS,22,5,,,,,2,1,,,,,,,,,,,,,,3579,WAI SATARA,
29,"BLUE DART EXPRESS LTD., O/S(II)",31-10-23,3856,SAGAR NANASO PAWAR,19,4,5,,,,2,,,,,,,,,,,,,,,3510,KARAD,
29,"BLUE DART EXPRESS LTD., O/S(II)",31-10-23,4403,SAGAR SAMBHAJI PATIL,22,5,,1,,,2,,,,,,,,,,,,,,,,TSG,
29,"BLUE DART EXPRESS LTD., O/S(II)",31-10-23,4476,SANDEEP PANDURANG VAZAREKAR,21,5,,1,,,2,1,,,,,,,,,,,,,,,GAD,
29,"BLUE DART EXPRESS LTD., O/S(II)",31-10-23,3936,SUNIL  PAWAR,23,5,,,,,2,,,,,,,,,,,,,,,3590,KARAD,
29,"BLUE DART EXPRESS LTD., O/S(II)",31-10-23,4010,SUNIL  RATHOD,23,5,,,,,2,,,,,,,,,,,,,,,3664,KARAD,
29,"BLUE DART EXPRESS LTD., O/S(II)",31-10-23,4613,SUNNY - KAMBLE,22,5,,,,,2,1,,,,,,,,,,,,,,,KGL,
29,"BLUE DART EXPRESS LTD., O/S(II)",31-10-23,4405,SURAJ SATYAWAN CHAVAN,18,5,2,2,,,2,1,,,,,,,,,,,,,,,KRC (KARAD),
29,"BLUE DART EXPRESS LTD., O/S(II)",31-10-23,4204,SUSHANT  SHIVAJI  BHOSALE,22,5,,,,,2,1,,,,,,,,,,,,,,,BRN,
29,"BLUE DART EXPRESS LTD., O/S(II)",31-10-23,3449,SWAPNIL ANIL PAWAR,23,5,,,,,2,,,,,,,,,,,,,,,3103,PALUS,
29,"BLUE DART EXPRESS LTD., O/S(II)",31-10-23,4353,VILAS  SHAMRAO  JADHAV,22,5,,,,,2,1,,,,,,,,,,,,,,,WAI,
29,"BLUE DART EXPRESS LTD., O/S(II)",31-10-23,4172,VISHAL  BHIGUDE,21,5,,1,,,2,1,,,,,,,,,,,,,,3826,GADHINGALAS,
29,"BLUE DART EXPRESS LTD., O/S(II)",31-10-23,4024,VITTHAL  SANAS,22,5,,,,,2,1,,,,,,,,,,,,,,3678,WAI SATARA,
