 Client_id ,Client_name,Sal_month, Emp_id,Employee_NAME,present,weeklyoff,  absent, pl,cl,sl , paidholiday,additional, othours, nightshifts,incometax,canteen,extra_inc1, extra_inc2,leave_encash,extra_ded1,extra_ded2, wagediff,Allow_arrears, Ot_arrears,invalid,Client_id ,Client_name,Sal_month, Emp_id,Employee_NAME,Present,Weeklyoff,  Absent, Pl,Cl,Sl , Paidholiday,Additional, Othours, Nightshifts,Incometax,Canteen,Extra_inc1, Extra_inc2,Leave_encash,Extra_ded1,Extra_ded2, Wagediff,Allow_arrears, Ot_arrears,Invalid
29,"BLUE DART EXPRESS LTD., O/S(II)",31-12-2022,4141,ABHIJIT  BHADAWE,26,4,,,,,,,,,,,,,,,,,,,,3795,GADHINGALAS,,,,,,,,,,,,,,,,,,,,,,,,
29,"BLUE DART EXPRESS LTD., O/S(II)",31-12-2022,3339,AKASH ANANDA PATIL,,,,,,,,,,,,,,,,,,,,,,2993,GADHINGALAS,,,,,,,,,,,,,,,,,,,,,,,,
29,"BLUE DART EXPRESS LTD., O/S(II)",31-12-2022,3554,ASHISH KUMAR SURYAWANSHI,26,4,,,,,,,,,,,,,,,,,,,,3208,TASGAON,,,,,,,,,,,,,,,,,,,,,,,,
29,"BLUE DART EXPRESS LTD., O/S(II)",31-12-2022,4154,ISMAIL  NADAF,25,4,,1,,,,,,,,,,,,,,,,,,3808,KAGAL,,,,,,,,,,,,,,,,,,,,,,,,
29,"BLUE DART EXPRESS LTD., O/S(II)",31-12-2022,4120,KISHOR  RANJANE,24,4,,2,,,,,,,,,,,,,,,,,,3774,WAI SATARA,,,,,,,,,,,,,,,,,,,,,,,,
29,"BLUE DART EXPRESS LTD., O/S(II)",31-12-2022,3266,MAHESH BAPU NAVALE,24,4,,2,,,,,,,,,,,,,,,,,,2920,KAGAL,,,,,,,,,,,,,,,,,,,,,,,,
29,"BLUE DART EXPRESS LTD., O/S(II)",31-12-2022,3692,NAVNATH RAMCHANDRA PATIL,25,4,1,,,,,,,,,,,,,,,,,,,3346,KARAD,,,,,,,,,,,,,,,,,,,,,,,,
29,"BLUE DART EXPRESS LTD., O/S(II)",31-12-2022,4142,NIKHIL  SHINDE,26,4,,,,,,,,,,,,,,,,,,,,3796,TASGAON,,,,,,,,,,,,,,,,,,,,,,,,
29,"BLUE DART EXPRESS LTD., O/S(II)",31-12-2022,3448,NITIN SARJERAO BHOSALE,25,4,,1,,,,,,,,,,,,,,,,,,3102,PALUS,,,,,,,,,,,,,,,,,,,,,,,,
29,"BLUE DART EXPRESS LTD., O/S(II)",31-12-2022,3326,PRASAD PRAKASH SANAS,24,4,,2,,,,,,,,,,,,,,,,,,2980,WAI SATARA,,,,,,,,,,,,,,,,,,,,,,,,
29,"BLUE DART EXPRESS LTD., O/S(II)",31-12-2022,4088,ROHIT  SONAWANE,25,4,,1,,,,,,,,,,,,,,,,,,3742,WAI SATARA,,,,,,,,,,,,,,,,,,,,,,,,
29,"BLUE DART EXPRESS LTD., O/S(II)",31-12-2022,3925,SAGAR  SANAS,25,4,,1,,,,,,,,,,,,,,,,,,3579,WAI SATARA,,,,,,,,,,,,,,,,,,,,,,,,
29,"BLUE DART EXPRESS LTD., O/S(II)",31-12-2022,3435,SAGAR DNYANDEO JADHAV,,,,,,,,,,,,,,,,,,,,,,3089,GADHINGALAS,,,,,,,,,,,,,,,,,,,,,,,,
29,"BLUE DART EXPRESS LTD., O/S(II)",31-12-2022,3856,SAGAR NANASO PAWAR,22,4,4,,,,,,,,,,,,,,,,,,,3510,KARAD,,,,,,,,,,,,,,,,,,,,,,,,
29,"BLUE DART EXPRESS LTD., O/S(II)",31-12-2022,3984,SHRIPAD  BACHAL,,,,,,,,,,,,,,,,,,,,,,3638,WAI SATARA,,,,,,,,,,,,,,,,,,,,,,,,
29,"BLUE DART EXPRESS LTD., O/S(II)",31-12-2022,3936,SUNIL  PAWAR,26,4,,,,,,,,,,,,,,,,,,,,3590,KARAD,,,,,,,,,,,,,,,,,,,,,,,,
29,"BLUE DART EXPRESS LTD., O/S(II)",31-12-2022,4010,SUNIL  RATHOD,26,4,,,,,,,,,,,,,,,,,,,,3664,KARAD,,,,,,,,,,,,,,,,,,,,,,,,
29,"BLUE DART EXPRESS LTD., O/S(II)",31-12-2022,4204,SUSHANT  SHIVAJI  BHOSALE,24,4,,2,,,,,,,,,,,,,,,,,,,BRN,,,,,,,,,,,,,,,,,,,,,,,,
29,"BLUE DART EXPRESS LTD., O/S(II)",31-12-2022,3449,SWAPNIL ANIL PAWAR,23,4,,3,,,,,,,,,,,,,,,,,,3103,PALUS,,,,,,,,,,,,,,,,,,,,,,,,
29,"BLUE DART EXPRESS LTD., O/S(II)",31-12-2022,3837,VINAYAK ARJUN PANDHARE,25,4,,1,,,,,,,,,,,,,,,,,,3491,KAGAL,,,,,,,,,,,,,,,,,,,,,,,,
29,"BLUE DART EXPRESS LTD., O/S(II)",31-12-2022,4172,VISHAL  BHIGUDE,26,4,,,,,,,,,,,,,,,,,,,,3826,GADHINGALAS,,,,,,,,,,,,,,,,,,,,,,,,
29,"BLUE DART EXPRESS LTD., O/S(II)",31-12-2022,4024,VITTHAL  SANAS,25,4,,1,,,,,,,,,,,,,,,,,,3678,WAI SATARA,,,,,,,,,,,,,,,,,,,,,,,,
29,"BLUE DART EXPRESS LTD., O/S(II)",31-12-2022,4156,VIVEK  SURVE,24,4,,2,,,,,,,,,,,,,,,,,,3810,KARAD,,,,,,,,,,,,,,,,,,,,,,,,
