 Client_id ,Client_name,Sal_month, Emp_id,Employee_NAME,Present,Weeklyoff,  Absent,Pl,Cl,Sl, Paidholiday,Additional,Othours, Nightshifts,Incometax,Canteen,Extra_inc1, Extra_inc2,Leave_encash,Extra_ded1,Extra_ded2, Wagediff,Allow_arrears, Ot_arrears,Invalid,Ticket_no, Dept_Name, Comp_ticket_no
29,"BLUE DART EXPRESS LTD., O/S(II)",31-08-23,4141,ABHIJIT - BHADANE,24,4,,1,,,1,,,,,,,,,,,,,,,3795,TSG,
29,"BLUE DART EXPRESS LTD., O/S(II)",31-08-23,4352,AMOL  RAVINDRA  KAMBLE,24,4,,1,,,1,,,,,,,,,,,,,,,,GAD,
29,"BLUE DART EXPRESS LTD., O/S(II)",31-08-23,3554,ASHISH KUMAR SURYAWANSHI,25,4,,,,,1,,,,,,,,,,,,,,,3208,TASGAON,
29,"BLUE DART EXPRESS LTD., O/S(II)",31-08-23,4486,ATUL ANANDA JADHAV,10,2,,1,,,1,,,,,,,,,,,,,,,,KON,
29,"BLUE DART EXPRESS LTD., O/S(II)",31-08-23,4120,KISHOR  RANJANE,25,4,,,,,1,,,,,,,,,,,,,,,3774,WAI SATARA,
29,"BLUE DART EXPRESS LTD., O/S(II)",31-08-23,4404,KISHOR NANASO NALAWADE,24,4,1,,,,1,,,,,,,,,,,,,,,,KRC (KARAD),
29,"BLUE DART EXPRESS LTD., O/S(II)",31-08-23,3692,NAVNATH RAMCHANDRA PATIL,25,4,,,,,1,,,,,,,,,,,,,,,3346,KARAD,
29,"BLUE DART EXPRESS LTD., O/S(II)",31-08-23,4142,NIKHIL  SHINDE,24,4,,1,,,1,,,,,,,,,,,,,,,3796,TASGAON,
29,"BLUE DART EXPRESS LTD., O/S(II)",31-08-23,3448,NITIN SARJERAO BHOSALE,25,4,,,,,1,,,,,,,,,,,,,,,3102,PALUS,
29,"BLUE DART EXPRESS LTD., O/S(II)",31-08-23,3326,PRASAD PRAKASH SANAS,25,4,,,,,1,,,,,,,,,,,,,,,2980,WAI SATARA,
29,"BLUE DART EXPRESS LTD., O/S(II)",31-08-23,4088,ROHIT  SONAWANE,25,4,,,,,1,,,,,,,,,,,,,,,3742,WAI SATARA,
29,"BLUE DART EXPRESS LTD., O/S(II)",31-08-23,4477,ROHIT BALWANT PANARI,5,1,,1,,,1,,,,,,,,,,,,,,,,GAD,
29,"BLUE DART EXPRESS LTD., O/S(II)",31-08-23,3925,SAGAR  SANAS,23,4,,2,,,1,,,,,,,,,,,,,,,3579,WAI SATARA,
29,"BLUE DART EXPRESS LTD., O/S(II)",31-08-23,3856,SAGAR NANASO PAWAR,24,4,1,,,,1,,,,,,,,,,,,,,,3510,KARAD,
29,"BLUE DART EXPRESS LTD., O/S(II)",31-08-23,4403,SAGAR SAMBHAJI PATIL,25,4,,,,,1,,,,,,,,,,,,,,,,TSG,
29,"BLUE DART EXPRESS LTD., O/S(II)",31-08-23,4476,SANDEEP PANDURANG VAZAREKAR,24,4,,1,,,1,,,,,,,,,,,,,,,,GAD,
29,"BLUE DART EXPRESS LTD., O/S(II)",31-08-23,3936,SUNIL  PAWAR,25,4,,,,,1,,,,,,,,,,,,,,,3590,KARAD,
29,"BLUE DART EXPRESS LTD., O/S(II)",31-08-23,4010,SUNIL  RATHOD,24,4,,1,,,1,,,,,,,,,,,,,,,3664,KARAD,
29,"BLUE DART EXPRESS LTD., O/S(II)",31-08-23,4405,SURAJ SATYAWAN CHAVAN,23,4,1,1,,,1,,,,,,,,,,,,,,,,KRC (KARAD),
29,"BLUE DART EXPRESS LTD., O/S(II)",31-08-23,4204,SUSHANT  SHIVAJI  BHOSALE,25,4,,,,,1,,,,,,,,,,,,,,,,BRN,
29,"BLUE DART EXPRESS LTD., O/S(II)",31-08-23,3449,SWAPNIL ANIL PAWAR,22,4,,3,,,1,,,,,,,,,,,,,,,3103,PALUS,
29,"BLUE DART EXPRESS LTD., O/S(II)",31-08-23,4353,VILAS  SHAMRAO  JADHAV,21,4,,4,,,1,,,,,,,,,,,,,,,,WAI,
29,"BLUE DART EXPRESS LTD., O/S(II)",31-08-23,4172,VISHAL  BHIGUDE,25,4,,,,,1,,,,,,,,,,,,,,,3826,GADHINGALAS,
29,"BLUE DART EXPRESS LTD., O/S(II)",31-08-23,4495,VISHAL VYANKAT KAMBLE,14,3,12,,,,1,,,,,,,,,,,,,,,,KRC (KARAD),
29,"BLUE DART EXPRESS LTD., O/S(II)",31-08-23,4024,VITTHAL  SANAS,23,4,,2,,,1,,,,,,,,,,,,,,,3678,WAI SATARA,
