 Client_id ,Client_name,Sal_month, Emp_id,Employee_NAME,present,weeklyoff,  absent, pl,cl,sl , paidholiday,additional, othours, nightshifts,incometax,canteen,extra_inc1, extra_inc2,leave_encash,extra_ded1,extra_ded2, wagediff,Allow_arrears, Ot_arrears,invalid,Client_id ,Client_name,Sal_month, Emp_id,Employee_NAME,Present,Weeklyoff,  Absent, Pl,Cl,Sl , Paidholiday,Additional, Othours, Nightshifts,Incometax,Canteen,Extra_inc1, Extra_inc2,Leave_encash,Extra_ded1,Extra_ded2, Wagediff,Allow_arrears, Ot_arrears,Invalid
24,"BLUE DART EXPRESS LTD., O/S",31-12-2022,3744,ABRAR AYYUB KHAN,25,4,,1,,,,,,,,,,,,,,,,,,3398,PARALI -VAIJANATH,,,,,,,,,,,,,,,,,,,,,,,,
24,"BLUE DART EXPRESS LTD., O/S",31-12-2022,4206,AKASH  SHRIMANT  BOKEFODE,26,4,,,,,,,,,,,,,,,,,,,,,BRN,,,,,,,,,,,,,,,,,,,,,,,,
24,"BLUE DART EXPRESS LTD., O/S",31-12-2022,3583,ALTAF KARIM MANIYAR,26,4,,,,,,,,,,,,,,,,,,,,3237,NARAYANGAON,,,,,,,,,,,,,,,,,,,,,,,,
24,"BLUE DART EXPRESS LTD., O/S",31-12-2022,4157,BALASAHEB  BANSODE,22,4,,4,,,,,,,,,,,,,,,,,,3811,KONDI SOLAPUR,,,,,,,,,,,,,,,,,,,,,,,,
24,"BLUE DART EXPRESS LTD., O/S",31-12-2022,3885,DEEPAK  PAWAR,24,4,,2,,,,,,,,,,,,,,,,,,3539,BARSHI,,,,,,,,,,,,,,,,,,,,,,,,
24,"BLUE DART EXPRESS LTD., O/S",31-12-2022,3798,DHIRAJ PRAMOD KASAB,26,4,,,,,,,,,,,,,,,,,,,,3452,BARSHI,,,,,,,,,,,,,,,,,,,,,,,,
24,"BLUE DART EXPRESS LTD., O/S",31-12-2022,3996,DINESH  RANPISE,26,4,,,,,,,,,,,,,,,,,,,,3650,KHED,,,,,,,,,,,,,,,,,,,,,,,,
24,"BLUE DART EXPRESS LTD., O/S",31-12-2022,3376,DINESH ACHUTRAO MORE,25,4,1,,,,,,,,,,,,,,,,,,,3030,OSMANABAD,,,,,,,,,,,,,,,,,,,,,,,,
24,"BLUE DART EXPRESS LTD., O/S",31-12-2022,3940,DNYANESHWAR  KADAM,26,4,,,,,,,,,,,,,,,,,,,,3594,KHED,,,,,,,,,,,,,,,,,,,,,,,,
24,"BLUE DART EXPRESS LTD., O/S",31-12-2022,4205,GANESH  SHANKAR  KASAB,25,4,,1,,,,,,,,,,,,,,,,,,,BRN,,,,,,,,,,,,,,,,,,,,,,,,
24,"BLUE DART EXPRESS LTD., O/S",31-12-2022,4208,INDRAJIT  BALAJI  PULLE,,,,,,,,,,,,,,,,,,,,,,,BRN,,,,,,,,,,,,,,,,,,,,,,,,
24,"BLUE DART EXPRESS LTD., O/S",31-12-2022,4019,JEEVAN BHIKAJI KADAM,25,4,1,,,,,,,,,,,,,,,,,,,3673,KHED,,,,,,,,,,,,,,,,,,,,,,,,
24,"BLUE DART EXPRESS LTD., O/S",31-12-2022,3973,KESHAV  SOLUNKE,26,4,,,,,,,,,,,,,,,,,,,,3627,UDGIR,,,,,,,,,,,,,,,,,,,,,,,,
24,"BLUE DART EXPRESS LTD., O/S",31-12-2022,3749,KULDIP ARVIND JAGDALE,26,4,,,,,,,,,,,,,,,,,,,,3403,BARSHI,,,,,,,,,,,,,,,,,,,,,,,,
24,"BLUE DART EXPRESS LTD., O/S",31-12-2022,3939,LAKHAN  LANDE,26,4,,,,,,,,,,,,,,,,,,,,3593,BARSHI,,,,,,,,,,,,,,,,,,,,,,,,
24,"BLUE DART EXPRESS LTD., O/S",31-12-2022,4030,MACHINDRA BABASANHEB SANGALE,20,4,6,,,,,,,,,,,,,,,,,,,3684,IT SAGAR,,,,,,,,,,,,,,,,,,,,,,,,
24,"BLUE DART EXPRESS LTD., O/S",31-12-2022,4151,MANGESH  AKUSKAR,25,4,,1,,,,,,,,,,,,,,,,,,3805,PARALI -VAIJANATH,,,,,,,,,,,,,,,,,,,,,,,,
24,"BLUE DART EXPRESS LTD., O/S",31-12-2022,4129,MOHAMMAD  PATEL,26,4,,,,,,,,,,,,,,,,,,,,3783,NARAYANGAON,,,,,,,,,,,,,,,,,,,,,,,,
24,"BLUE DART EXPRESS LTD., O/S",31-12-2022,4153,PRADIP  MUNGE,23,4,3,,,,,,,,,,,,,,,,,,,3807,UDGIR,,,,,,,,,,,,,,,,,,,,,,,,
24,"BLUE DART EXPRESS LTD., O/S",31-12-2022,3403,PRASAD GANPAT PANDHARE,25,4,1,,,,,,,,,,,,,,,,,,,3057,OSMANABAD,,,,,,,,,,,,,,,,,,,,,,,,
24,"BLUE DART EXPRESS LTD., O/S",31-12-2022,3295,PRASHANT POPAT DHUS,26,4,,,,,,,,,,,,,,,,,,,,2949,NARAYANGAON,,,,,,,,,,,,,,,,,,,,,,,,
24,"BLUE DART EXPRESS LTD., O/S",31-12-2022,3436,RAMESH SITARAM KAMBLE,26,4,,,,,,,,,,,,,,,,,,,,3090,NARAYANGAON,,,,,,,,,,,,,,,,,,,,,,,,
24,"BLUE DART EXPRESS LTD., O/S",31-12-2022,3942,ROHIT  MANE,26,4,,,,,,,,,,,,,,,,,,,,3596,NARAYANGAON,,,,,,,,,,,,,,,,,,,,,,,,
24,"BLUE DART EXPRESS LTD., O/S",31-12-2022,4152,ROHIT  SHINDE,,,,,,,,,,,,,,,,,,,,,,3806,SHRIGONDA,,,,,,,,,,,,,,,,,,,,,,,,
24,"BLUE DART EXPRESS LTD., O/S",31-12-2022,3872,SAGAR SAVALERAM GUNJAL,26,4,,,,,,,,,,,,,,,,,,,,3526,NARAYANGAON,,,,,,,,,,,,,,,,,,,,,,,,
24,"BLUE DART EXPRESS LTD., O/S",31-12-2022,4119,SAMIR  GARADE,25,4,1,,,,,,,,,,,,,,,,,,,3773,SHRIGONDA,,,,,,,,,,,,,,,,,,,,,,,,
24,"BLUE DART EXPRESS LTD., O/S",31-12-2022,4209,SANDIP  SUDAM  CHAKHALE,26,4,,,,,,,,,,,,,,,,,,,,,BRN,,,,,,,,,,,,,,,,,,,,,,,,
24,"BLUE DART EXPRESS LTD., O/S",31-12-2022,3917,SAWANKUMAR  BHUJANGE,26,4,,,,,,,,,,,,,,,,,,,,3571,PARALI -VAIJANATH,,,,,,,,,,,,,,,,,,,,,,,,
24,"BLUE DART EXPRESS LTD., O/S",31-12-2022,4022,SHIVANAND  DHABBE,23,4,1,2,,,,,,,,,,,,,,,,,,3676,KONDI SOLAPUR,,,,,,,,,,,,,,,,,,,,,,,,
24,"BLUE DART EXPRESS LTD., O/S",31-12-2022,3946,SOMESHWAR  INGULKAR,25,4,,1,,,,,,,,,,,,,,,,,,3600,MANJARI,,,,,,,,,,,,,,,,,,,,,,,,
24,"BLUE DART EXPRESS LTD., O/S",31-12-2022,4047,SOMNATH  SHINDE,18,2,10,,,,,,,,,,,,,,,,,,,3701,SHRIGONDA,,,,,,,,,,,,,,,,,,,,,,,,
24,"BLUE DART EXPRESS LTD., O/S",31-12-2022,3976,SUNIL  TELANGE,26,4,,,,,,,,,,,,,,,,,,,,3630,UDGIR,,,,,,,,,,,,,,,,,,,,,,,,
24,"BLUE DART EXPRESS LTD., O/S",31-12-2022,4130,SWAPNIL  KENDE,26,4,,,,,,,,,,,,,,,,,,,,3784,NARAYANGAON,,,,,,,,,,,,,,,,,,,,,,,,
24,"BLUE DART EXPRESS LTD., O/S",31-12-2022,4149,VISHAL  LANDE,26,4,,,,,,,,,,,,,,,,,,,,3803,BARSHI,,,,,,,,,,,,,,,,,,,,,,,,
24,"BLUE DART EXPRESS LTD., O/S",31-12-2022,3900,VISHAL  RAKSHE,26,4,,,,,,,,,,,,,,,,,,,,3554,NARAYANGAON,,,,,,,,,,,,,,,,,,,,,,,,
24,"BLUE DART EXPRESS LTD., O/S",31-12-2022,4207,VISHNU  BAPU  SOLUNKE,25,4,1,,,,,,,,,,,,,,,,,,,,BRN,,,,,,,,,,,,,,,,,,,,,,,,
