 Client_id ,Client_name,Sal_month, Emp_id,Employee_NAME,present,weeklyoff,  absent, pl,cl,sl , paidholiday,additional, othours, nightshifts,incometax,canteen,extra_inc1, extra_inc2,leave_encash,extra_ded1,extra_ded2, wagediff,Allow_arrears, Ot_arrears,invalid,Client_id ,Client_name,Sal_month, Emp_id,Employee_NAME,Present,Weeklyoff,  Absent, Pl,Cl,Sl , Paidholiday,Additional, Othours, Nightshifts,Incometax,Canteen,Extra_inc1, Extra_inc2,Leave_encash,Extra_ded1,Extra_ded2, Wagediff,Allow_arrears, Ot_arrears,Invalid
34,BLUE DART EXP.LTD.(UFO),28-02-2023,4412,AKASH  SUDHIR  JADHAV,25,4,1,,,,,,,,,,,,,,,,,,,,SOLAPUR CITY,,,,,,,,,,,,,,,,,,,,,,,,
34,BLUE DART EXP.LTD.(UFO),28-02-2023,198,ANIS  SHAIKH,22,4,,4,,,,,,,,,,,,,,,,,,202,SOLAPUR CITY,,,,,,,,,,,,,,,,,,,,,,,,
34,BLUE DART EXP.LTD.(UFO),28-02-2023,169,ASIF MEHEMOOD SHAIKH,26,4,,,,,,,,,,,,,,,,,,,,173,AKLUJ,,,,,,,,,,,,,,,,,,,,,,,,
34,BLUE DART EXP.LTD.(UFO),28-02-2023,4227,AYUB  YUSUF  PATEL,24,4,,2,,,,,,,,,,,,,,,,,,,PHALTAN,,,,,,,,,,,,,,,,,,,,,,,,
34,BLUE DART EXP.LTD.(UFO),28-02-2023,234,BALRAJ  DASRI,25,4,,1,,,,,,,,,,,,,,,,,,238,SOLAPUR CITY,,,,,,,,,,,,,,,,,,,,,,,,
34,BLUE DART EXP.LTD.(UFO),28-02-2023,172,BHUSHAN  KHUNTE,26,4,,,,,,,,,,,,,,,,,,,,176,LONAND,,,,,,,,,,,,,,,,,,,,,,,,
34,BLUE DART EXP.LTD.(UFO),28-02-2023,4211,GANESH MUKUND MANE,25,4,,1,,,,,,,,,,,,,,,,,,,TEST 1,,,,,,,,,,,,,,,,,,,,,,,,
34,BLUE DART EXP.LTD.(UFO),28-02-2023,346,GURUPRASAD  BARKHADE,25,4,,1,,,,,,,,,,,,,,,,,,350,PHALTAN,,,,,,,,,,,,,,,,,,,,,,,,
34,BLUE DART EXP.LTD.(UFO),28-02-2023,4413,HARIPRASAD  VASUDEO  ADAKI,24,4,2,,,,,,,,,,,,,,,,,,,,SOLAPUR CITY,,,,,,,,,,,,,,,,,,,,,,,,
34,BLUE DART EXP.LTD.(UFO),28-02-2023,4414,ISHWAR  BASAVARAJ  MATHAPATI,26,4,,,,,,,,,,,,,,,,,,,,,SOLAPUR CITY,,,,,,,,,,,,,,,,,,,,,,,,
34,BLUE DART EXP.LTD.(UFO),28-02-2023,4415,KIRAN  SHRIDHAR  CHILKA,22,4,4,,,,,,,,,,,,,,,,,,,,SOLAPUR CITY,,,,,,,,,,,,,,,,,,,,,,,,
34,BLUE DART EXP.LTD.(UFO),28-02-2023,195,MAHADEV  MAGARUMKHANE,26,4,,,,,,,,,,,,,,,,,,,,199,SOLAPUR CITY,,,,,,,,,,,,,,,,,,,,,,,,
34,BLUE DART EXP.LTD.(UFO),28-02-2023,343,MAHBOOB  AIROGI,21,4,5,,,,,,,,,,,,,,,,,,,347,SOLAPUR CITY,,,,,,,,,,,,,,,,,,,,,,,,
34,BLUE DART EXP.LTD.(UFO),28-02-2023,173,MAHESH  LANDGE,26,4,,,,,,,,,,,,,,,,,,,,177,LATUR,,,,,,,,,,,,,,,,,,,,,,,,
34,BLUE DART EXP.LTD.(UFO),28-02-2023,193,MAULASAB  DHAKANI,26,4,,,,,,,,,,,,,,,,,,,,197,SOLAPUR CITY,,,,,,,,,,,,,,,,,,,,,,,,
34,BLUE DART EXP.LTD.(UFO),28-02-2023,345,MAYUR ARUN  PAWAR,10,1,,,,,,,,,,,,,,,,,,,,349,AKLUJ,,,,,,,,,,,,,,,,,,,,,,,,
34,BLUE DART EXP.LTD.(UFO),28-02-2023,4231,MD ZIYAUDDIN  ASIF ALI  LALKOT,23,4,,3,,,,,,,,,,,,,,,,,,,SOLAPUR CITY,,,,,,,,,,,,,,,,,,,,,,,,
34,BLUE DART EXP.LTD.(UFO),28-02-2023,190,MOHSIN MAHIBOOB BENGLURU,20,5,1,4,,,,,,,,,,,,,,,,,,194,SOLAPUR CITY,,,,,,,,,,,,,,,,,,,,,,,,
34,BLUE DART EXP.LTD.(UFO),28-02-2023,4212,NANDU - UPADE,24,4,,2,,,,,,,,,,,,,,,,,,,XLPE,,,,,,,,,,,,,,,,,,,,,,,,
34,BLUE DART EXP.LTD.(UFO),28-02-2023,302,NILESH  GOSAVI,24,4,2,,,,,,,,,,,,,,,,,,,306,PHALTAN,,,,,,,,,,,,,,,,,,,,,,,,
34,BLUE DART EXP.LTD.(UFO),28-02-2023,341,OMKAR  GADADE,24,4,,2,,,,,,,,,,,,,,,,,,345,IT SAGAR,,,,,,,,,,,,,,,,,,,,,,,,
34,BLUE DART EXP.LTD.(UFO),28-02-2023,4416,PRASHANT  DATTATRAYA  BANDA,25,4,1,,,,,,,,,,,,,,,,,,,,SOLAPUR CITY,,,,,,,,,,,,,,,,,,,,,,,,
34,BLUE DART EXP.LTD.(UFO),28-02-2023,4417,RANJEET - THANKE,26,4,,,,,,,,,,,,,,,,,,,,,PHALTAN,,,,,,,,,,,,,,,,,,,,,,,,
34,BLUE DART EXP.LTD.(UFO),28-02-2023,4229,SACHIN  ASHOK  SHIRSAT,26,4,,,,,,,,,,,,,,,,,,,,,AKLUJ,,,,,,,,,,,,,,,,,,,,,,,,
34,BLUE DART EXP.LTD.(UFO),28-02-2023,171,SAGAR  KHUNTE,26,4,,,,,,,,,,,,,,,,,,,,175,LONAND,,,,,,,,,,,,,,,,,,,,,,,,
34,BLUE DART EXP.LTD.(UFO),28-02-2023,4213,SAGAR - THORAT,7,1,,,,,,,,,,,,,,,,,,,,,XLPE,,,,,,,,,,,,,,,,,,,,,,,,
34,BLUE DART EXP.LTD.(UFO),28-02-2023,192,SALIM  PATEL,25,4,,1,,,,,,,,,,,,,,,,,,196,SOLAPUR CITY,,,,,,,,,,,,,,,,,,,,,,,,
34,BLUE DART EXP.LTD.(UFO),28-02-2023,4418,SANDEEP - GHORPADE,,,,,,,,,,,,,,,,,,,,,,,LONAND,,,,,,,,,,,,,,,,,,,,,,,,
34,BLUE DART EXP.LTD.(UFO),28-02-2023,194,SANTOSH  INDAPURE,24,4,,2,,,,,,,,,,,,,,,,,,198,SOLAPUR CITY,,,,,,,,,,,,,,,,,,,,,,,,
34,BLUE DART EXP.LTD.(UFO),28-02-2023,4214,SANTOSH - MULJE,26,4,,,,,,,,,,,,,,,,,,,,,XLPE,,,,,,,,,,,,,,,,,,,,,,,,
34,BLUE DART EXP.LTD.(UFO),28-02-2023,273,SHANTKUMAR  SOMSHETTY,24,4,,2,,,,,,,,,,,,,,,,,,277,SOLAPUR CITY,,,,,,,,,,,,,,,,,,,,,,,,
34,BLUE DART EXP.LTD.(UFO),28-02-2023,174,SHARAD  BAGAL,26,4,,,,,,,,,,,,,,,,,,,,178,LATUR,,,,,,,,,,,,,,,,,,,,,,,,
34,BLUE DART EXP.LTD.(UFO),28-02-2023,4232,SHARANBASAPPA  BASAVRAJ KUMBAR,,,,,,,,,,,,,,,,,,,,,,,SOLAPUR CITY,,,,,,,,,,,,,,,,,,,,,,,,
34,BLUE DART EXP.LTD.(UFO),28-02-2023,342,SHIVRAJ  SWAMI,26,4,,,,,,,,,,,,,,,,,,,,346,SOLAPUR CITY,,,,,,,,,,,,,,,,,,,,,,,,
34,BLUE DART EXP.LTD.(UFO),28-02-2023,176,SOPAN  KOMATWAD,25,4,1,,,,,,,,,,,,,,,,,,,180,LATUR,,,,,,,,,,,,,,,,,,,,,,,,
34,BLUE DART EXP.LTD.(UFO),28-02-2023,197,SUNIL  HALKATTI,26,4,,,,,,,,,,,,,,,,,,,,201,SOLAPUR CITY,,,,,,,,,,,,,,,,,,,,,,,,
34,BLUE DART EXP.LTD.(UFO),28-02-2023,233,TANJIL  DHALE,24,4,,2,,,,,,,,,,,,,,,,,,237,SOLAPUR CITY,,,,,,,,,,,,,,,,,,,,,,,,
34,BLUE DART EXP.LTD.(UFO),28-02-2023,186,TATYARAM BHAOUSO DADAS,24,4,,2,,,,,,,,,,,,,,,,,,190,PHALTAN,,,,,,,,,,,,,,,,,,,,,,,,
34,BLUE DART EXP.LTD.(UFO),28-02-2023,199,VAIBHAV  KARLE,24,4,,2,,,,,,,,,,,,,,,,,,203,SOLAPUR CITY,,,,,,,,,,,,,,,,,,,,,,,,
34,BLUE DART EXP.LTD.(UFO),28-02-2023,4230,VAIBHAV  MARUTI  NANAWARE,6,1,,,,,,,,,,,,,,,,,,,,,PHALTAN,,,,,,,,,,,,,,,,,,,,,,,,
34,BLUE DART EXP.LTD.(UFO),28-02-2023,4419,VAIBHAV  MARUTI  NANAWARE,,,,,,,,,,,,,,,,,,,,,,,LONAND,,,,,,,,,,,,,,,,,,,,,,,,
34,BLUE DART EXP.LTD.(UFO),28-02-2023,175,VIKAS  KATHARE,26,4,,,,,,,,,,,,,,,,,,,,179,LATUR,,,,,,,,,,,,,,,,,,,,,,,,
34,BLUE DART EXP.LTD.(UFO),28-02-2023,344,VINAYAK A KERE,25,4,,1,,,,,,,,,,,,,,,,,,348,SOLAPUR CITY,,,,,,,,,,,,,,,,,,,,,,,,
34,BLUE DART EXP.LTD.(UFO),28-02-2023,4215,VINOD - KAMBLE,26,4,,,,,,,,,,,,,,,,,,,,,XLPE,,,,,,,,,,,,,,,,,,,,,,,,
34,BLUE DART EXP.LTD.(UFO),28-02-2023,185,VISHAL  GOSAVI,25,4,,1,,,,,,,,,,,,,,,,,,189,PHALTAN,,,,,,,,,,,,,,,,,,,,,,,,
34,BLUE DART EXP.LTD.(UFO),28-02-2023,200,YASHWANT  BATAGERI,23,4,,3,,,,,,,,,,,,,,,,,,204,SOLAPUR CITY,,,,,,,,,,,,,,,,,,,,,,,,
